Traceback (most recent call last):
Traceback (most recent call last):
Traceback (most recent call last):
  File "/home/virant/dev/aimee/.aimee/worktrees/b94c9263-317c099512d045a7/main/bench/tier-a/harness/run_llamacpp.py", line 207, in <module>
    main()
    ~~~~^^
  File "/home/virant/dev/aimee/.aimee/worktrees/b94c9263-317c099512d045a7/main/bench/tier-a/harness/run_llamacpp.py", line 207, in <module>
    main()
    ~~~~^^
  File "/home/virant/dev/aimee/.aimee/worktrees/b94c9263-317c099512d045a7/main/bench/tier-a/harness/run_llamacpp.py", line 126, in main
    rows = [json.loads(l) for l in open(args.gold) if l.strip()]
                                   ~~~~^^^^^^^^^^^
  File "/home/virant/dev/aimee/.aimee/worktrees/b94c9263-317c099512d045a7/main/bench/tier-a/harness/run_llamacpp.py", line 126, in main
    rows = [json.loads(l) for l in open(args.gold) if l.strip()]
                                   ~~~~^^^^^^^^^^^
FileNotFoundError: [Errno 2] No such file or directory: '/home/virant/dev/aimee/.aimee/worktrees/b94c9263-317c099512d045a7/main/bench/tier-a/results/10k-sharded/.shards/shard0.jsonl'
  File "/home/virant/dev/aimee/.aimee/worktrees/b94c9263-317c099512d045a7/main/bench/tier-a/harness/run_llamacpp.py", line 207, in <module>
    main()
    ~~~~^^
FileNotFoundError: [Errno 2] No such file or directory: '/home/virant/dev/aimee/.aimee/worktrees/b94c9263-317c099512d045a7/main/bench/tier-a/results/10k-sharded/.shards/shard3.jsonl'
  File "/home/virant/dev/aimee/.aimee/worktrees/b94c9263-317c099512d045a7/main/bench/tier-a/harness/run_llamacpp.py", line 126, in main
    rows = [json.loads(l) for l in open(args.gold) if l.strip()]
                                   ~~~~^^^^^^^^^^^
FileNotFoundError: [Errno 2] No such file or directory: '/home/virant/dev/aimee/.aimee/worktrees/b94c9263-317c099512d045a7/main/bench/tier-a/results/10k-sharded/.shards/shard1.jsonl'
Traceback (most recent call last):
  File "/home/virant/dev/aimee/.aimee/worktrees/b94c9263-317c099512d045a7/main/bench/tier-a/harness/run_llamacpp.py", line 207, in <module>
    main()
    ~~~~^^
  File "/home/virant/dev/aimee/.aimee/worktrees/b94c9263-317c099512d045a7/main/bench/tier-a/harness/run_llamacpp.py", line 126, in main
    rows = [json.loads(l) for l in open(args.gold) if l.strip()]
                                   ~~~~^^^^^^^^^^^
FileNotFoundError: [Errno 2] No such file or directory: '/home/virant/dev/aimee/.aimee/worktrees/b94c9263-317c099512d045a7/main/bench/tier-a/results/10k-sharded/.shards/shard2.jsonl'
g000272: RemoteDisconnected: Remote end closed connection without response
g000276: URLError: <urlopen error [Errno 111] Connection refused>
g000280: URLError: <urlopen error [Errno 111] Connection refused>
g000284: URLError: <urlopen error [Errno 111] Connection refused>
g000288: URLError: <urlopen error [Errno 111] Connection refused>
g000292: URLError: <urlopen error [Errno 111] Connection refused>
g000296: URLError: <urlopen error [Errno 111] Connection refused>
g000300: URLError: <urlopen error [Errno 111] Connection refused>
g000304: URLError: <urlopen error [Errno 111] Connection refused>
g000308: URLError: <urlopen error [Errno 111] Connection refused>
g000298: RemoteDisconnected: Remote end closed connection without response
g000287: RemoteDisconnected: Remote end closed connection without response
g000312: URLError: <urlopen error [Errno 111] Connection refused>
g000291: URLError: <urlopen error [Errno 111] Connection refused>
g000295: URLError: <urlopen error [Errno 111] Connection refused>
g000249: RemoteDisconnected: Remote end closed connection without response
g000299: URLError: <urlopen error [Errno 111] Connection refused>
g000303: URLError: <urlopen error [Errno 111] Connection refused>
g000307: URLError: <urlopen error [Errno 111] Connection refused>
g000253: URLError: <urlopen error [Errno 111] Connection refused>
g000311: URLError: <urlopen error [Errno 111] Connection refused>
g000257: URLError: <urlopen error [Errno 111] Connection refused>
g000315: URLError: <urlopen error [Errno 111] Connection refused>
g000261: URLError: <urlopen error [Errno 111] Connection refused>
g000319: URLError: <urlopen error [Errno 111] Connection refused>
g000265: URLError: <urlopen error [Errno 111] Connection refused>
g000323: URLError: <urlopen error [Errno 111] Connection refused>
g000269: URLError: <urlopen error [Errno 111] Connection refused>
g000273: URLError: <urlopen error [Errno 111] Connection refused>
g000327: URLError: <urlopen error [Errno 111] Connection refused>
g000277: URLError: <urlopen error [Errno 111] Connection refused>
g000331: URLError: <urlopen error [Errno 111] Connection refused>
g000335: URLError: <urlopen error [Errno 111] Connection refused>
g000281: URLError: <urlopen error [Errno 111] Connection refused>
g000339: URLError: <urlopen error [Errno 111] Connection refused>
g000285: URLError: <urlopen error [Errno 111] Connection refused>
g000343: URLError: <urlopen error [Errno 111] Connection refused>
g000289: URLError: <urlopen error [Errno 111] Connection refused>
g000347: URLError: <urlopen error [Errno 111] Connection refused>
g000293: URLError: <urlopen error [Errno 111] Connection refused>
g000351: URLError: <urlopen error [Errno 111] Connection refused>
g000297: URLError: <urlopen error [Errno 111] Connection refused>
g000355: URLError: <urlopen error [Errno 111] Connection refused>
g000301: URLError: <urlopen error [Errno 111] Connection refused>
g000359: URLError: <urlopen error [Errno 111] Connection refused>
g000305: URLError: <urlopen error [Errno 111] Connection refused>
g000309: URLError: <urlopen error [Errno 111] Connection refused>
g000363: URLError: <urlopen error [Errno 111] Connection refused>
g000313: URLError: <urlopen error [Errno 111] Connection refused>
g000367: URLError: <urlopen error [Errno 111] Connection refused>
g000317: URLError: <urlopen error [Errno 111] Connection refused>
g000371: URLError: <urlopen error [Errno 111] Connection refused>
g000375: URLError: <urlopen error [Errno 111] Connection refused>
g000321: URLError: <urlopen error [Errno 111] Connection refused>
g000379: URLError: <urlopen error [Errno 111] Connection refused>
g000325: URLError: <urlopen error [Errno 111] Connection refused>
g000383: URLError: <urlopen error [Errno 111] Connection refused>
g000329: URLError: <urlopen error [Errno 111] Connection refused>
g000333: URLError: <urlopen error [Errno 111] Connection refused>
g000387: URLError: <urlopen error [Errno 111] Connection refused>
g000337: URLError: <urlopen error [Errno 111] Connection refused>
g000391: URLError: <urlopen error [Errno 111] Connection refused>
g000395: URLError: <urlopen error [Errno 111] Connection refused>
g000341: URLError: <urlopen error [Errno 111] Connection refused>
g000345: URLError: <urlopen error [Errno 111] Connection refused>
g000349: URLError: <urlopen error [Errno 111] Connection refused>
g000399: URLError: <urlopen error [Errno 111] Connection refused>
g000353: URLError: <urlopen error [Errno 111] Connection refused>
g000403: URLError: <urlopen error [Errno 111] Connection refused>
g000357: URLError: <urlopen error [Errno 111] Connection refused>
g000407: URLError: <urlopen error [Errno 111] Connection refused>
g000361: URLError: <urlopen error [Errno 111] Connection refused>
g000411: URLError: <urlopen error [Errno 111] Connection refused>
g000365: URLError: <urlopen error [Errno 111] Connection refused>
g000415: URLError: <urlopen error [Errno 111] Connection refused>
g000369: URLError: <urlopen error [Errno 111] Connection refused>
g000419: URLError: <urlopen error [Errno 111] Connection refused>
g000373: URLError: <urlopen error [Errno 111] Connection refused>
g000423: URLError: <urlopen error [Errno 111] Connection refused>
g000427: URLError: <urlopen error [Errno 111] Connection refused>
g000431: URLError: <urlopen error [Errno 111] Connection refused>
g000435: URLError: <urlopen error [Errno 111] Connection refused>
g000439: URLError: <urlopen error [Errno 111] Connection refused>
g000443: URLError: <urlopen error [Errno 111] Connection refused>
g000447: URLError: <urlopen error [Errno 111] Connection refused>
g000451: URLError: <urlopen error [Errno 111] Connection refused>
g000455: URLError: <urlopen error [Errno 111] Connection refused>
g000459: URLError: <urlopen error [Errno 111] Connection refused>
g000463: URLError: <urlopen error [Errno 111] Connection refused>
g000467: URLError: <urlopen error [Errno 111] Connection refused>
g000471: URLError: <urlopen error [Errno 111] Connection refused>
g000475: URLError: <urlopen error [Errno 111] Connection refused>
g000479: URLError: <urlopen error [Errno 111] Connection refused>
g000483: URLError: <urlopen error [Errno 111] Connection refused>
g000487: URLError: <urlopen error [Errno 111] Connection refused>
g000316: URLError: <urlopen error [Errno 111] Connection refused>
g000320: URLError: <urlopen error [Errno 111] Connection refused>
g000377: URLError: <urlopen error [Errno 111] Connection refused>
g000381: URLError: <urlopen error [Errno 111] Connection refused>
g000324: URLError: <urlopen error [Errno 111] Connection refused>
g000385: URLError: <urlopen error [Errno 111] Connection refused>
g000328: URLError: <urlopen error [Errno 111] Connection refused>
g000389: URLError: <urlopen error [Errno 111] Connection refused>
g000332: URLError: <urlopen error [Errno 111] Connection refused>
g000393: URLError: <urlopen error [Errno 111] Connection refused>
g000302: URLError: <urlopen error [Errno 111] Connection refused>
g000397: URLError: <urlopen error [Errno 111] Connection refused>
g000306: URLError: <urlopen error [Errno 111] Connection refused>
g000401: URLError: <urlopen error [Errno 111] Connection refused>
g000405: URLError: <urlopen error [Errno 111] Connection refused>
g000310: URLError: <urlopen error [Errno 111] Connection refused>
g000409: URLError: <urlopen error [Errno 111] Connection refused>
g000314: URLError: <urlopen error [Errno 111] Connection refused>
g000336: URLError: <urlopen error [Errno 111] Connection refused>
g000413: URLError: <urlopen error [Errno 111] Connection refused>
g000318: URLError: <urlopen error [Errno 111] Connection refused>
g000340: URLError: <urlopen error [Errno 111] Connection refused>
g000417: URLError: <urlopen error [Errno 111] Connection refused>
g000322: URLError: <urlopen error [Errno 111] Connection refused>
g000344: URLError: <urlopen error [Errno 111] Connection refused>
g000421: URLError: <urlopen error [Errno 111] Connection refused>
g000326: URLError: <urlopen error [Errno 111] Connection refused>
g000348: URLError: <urlopen error [Errno 111] Connection refused>
g000425: URLError: <urlopen error [Errno 111] Connection refused>
g000330: URLError: <urlopen error [Errno 111] Connection refused>
g000429: URLError: <urlopen error [Errno 111] Connection refused>
g000352: URLError: <urlopen error [Errno 111] Connection refused>
g000334: URLError: <urlopen error [Errno 111] Connection refused>
g000491: URLError: <urlopen error [Errno 111] Connection refused>
g000433: URLError: <urlopen error [Errno 111] Connection refused>
g000356: URLError: <urlopen error [Errno 111] Connection refused>
g000338: URLError: <urlopen error [Errno 111] Connection refused>
g000437: URLError: <urlopen error [Errno 111] Connection refused>
g000495: URLError: <urlopen error [Errno 111] Connection refused>
g000360: URLError: <urlopen error [Errno 111] Connection refused>
g000342: URLError: <urlopen error [Errno 111] Connection refused>
g000441: URLError: <urlopen error [Errno 111] Connection refused>
g000364: URLError: <urlopen error [Errno 111] Connection refused>
g000499: URLError: <urlopen error [Errno 111] Connection refused>
g000346: URLError: <urlopen error [Errno 111] Connection refused>
g000445: URLError: <urlopen error [Errno 111] Connection refused>
g000368: URLError: <urlopen error [Errno 111] Connection refused>
g000350: URLError: <urlopen error [Errno 111] Connection refused>
g000503: URLError: <urlopen error [Errno 111] Connection refused>
g000449: URLError: <urlopen error [Errno 111] Connection refused>
g000354: URLError: <urlopen error [Errno 111] Connection refused>
g000372: URLError: <urlopen error [Errno 111] Connection refused>
g000507: URLError: <urlopen error [Errno 111] Connection refused>
g000453: URLError: <urlopen error [Errno 111] Connection refused>
g000376: URLError: <urlopen error [Errno 111] Connection refused>
g000358: URLError: <urlopen error [Errno 111] Connection refused>
g000511: URLError: <urlopen error [Errno 111] Connection refused>
g000457: URLError: <urlopen error [Errno 111] Connection refused>
g000362: URLError: <urlopen error [Errno 111] Connection refused>
g000380: URLError: <urlopen error [Errno 111] Connection refused>
g000515: URLError: <urlopen error [Errno 111] Connection refused>
g000461: URLError: <urlopen error [Errno 111] Connection refused>
g000366: URLError: <urlopen error [Errno 111] Connection refused>
g000384: URLError: <urlopen error [Errno 111] Connection refused>
g000465: URLError: <urlopen error [Errno 111] Connection refused>
g000519: URLError: <urlopen error [Errno 111] Connection refused>
g000370: URLError: <urlopen error [Errno 111] Connection refused>
g000388: URLError: <urlopen error [Errno 111] Connection refused>
g000469: URLError: <urlopen error [Errno 111] Connection refused>
g000523: URLError: <urlopen error [Errno 111] Connection refused>
g000374: URLError: <urlopen error [Errno 111] Connection refused>
g000392: URLError: <urlopen error [Errno 111] Connection refused>
g000473: URLError: <urlopen error [Errno 111] Connection refused>
g000527: URLError: <urlopen error [Errno 111] Connection refused>
g000378: URLError: <urlopen error [Errno 111] Connection refused>
g000396: URLError: <urlopen error [Errno 111] Connection refused>
g000477: URLError: <urlopen error [Errno 111] Connection refused>
g000531: URLError: <urlopen error [Errno 111] Connection refused>
g000382: URLError: <urlopen error [Errno 111] Connection refused>
g000400: URLError: <urlopen error [Errno 111] Connection refused>
g000481: URLError: <urlopen error [Errno 111] Connection refused>
g000535: URLError: <urlopen error [Errno 111] Connection refused>
g000386: URLError: <urlopen error [Errno 111] Connection refused>
g000485: URLError: <urlopen error [Errno 111] Connection refused>
g000404: URLError: <urlopen error [Errno 111] Connection refused>
g000539: URLError: <urlopen error [Errno 111] Connection refused>
g000390: URLError: <urlopen error [Errno 111] Connection refused>
g000489: URLError: <urlopen error [Errno 111] Connection refused>
g000408: URLError: <urlopen error [Errno 111] Connection refused>
g000543: URLError: <urlopen error [Errno 111] Connection refused>
g000394: URLError: <urlopen error [Errno 111] Connection refused>
g000493: URLError: <urlopen error [Errno 111] Connection refused>
g000412: URLError: <urlopen error [Errno 111] Connection refused>
g000547: URLError: <urlopen error [Errno 111] Connection refused>
g000398: URLError: <urlopen error [Errno 111] Connection refused>
g000497: URLError: <urlopen error [Errno 111] Connection refused>
g000416: URLError: <urlopen error [Errno 111] Connection refused>
g000402: URLError: <urlopen error [Errno 111] Connection refused>
g000551: URLError: <urlopen error [Errno 111] Connection refused>
g000501: URLError: <urlopen error [Errno 111] Connection refused>
g000420: URLError: <urlopen error [Errno 111] Connection refused>
g000406: URLError: <urlopen error [Errno 111] Connection refused>
g000505: URLError: <urlopen error [Errno 111] Connection refused>
g000555: URLError: <urlopen error [Errno 111] Connection refused>
g000424: URLError: <urlopen error [Errno 111] Connection refused>
g000410: URLError: <urlopen error [Errno 111] Connection refused>
g000509: URLError: <urlopen error [Errno 111] Connection refused>
g000559: URLError: <urlopen error [Errno 111] Connection refused>
g000428: URLError: <urlopen error [Errno 111] Connection refused>
g000414: URLError: <urlopen error [Errno 111] Connection refused>
g000513: URLError: <urlopen error [Errno 111] Connection refused>
g000563: URLError: <urlopen error [Errno 111] Connection refused>
g000432: URLError: <urlopen error [Errno 111] Connection refused>
g000517: URLError: <urlopen error [Errno 111] Connection refused>
g000436: URLError: <urlopen error [Errno 111] Connection refused>
g000567: URLError: <urlopen error [Errno 111] Connection refused>
g000418: URLError: <urlopen error [Errno 111] Connection refused>
g000521: URLError: <urlopen error [Errno 111] Connection refused>
g000440: URLError: <urlopen error [Errno 111] Connection refused>
g000571: URLError: <urlopen error [Errno 111] Connection refused>
g000422: URLError: <urlopen error [Errno 111] Connection refused>
g000525: URLError: <urlopen error [Errno 111] Connection refused>
g000444: URLError: <urlopen error [Errno 111] Connection refused>
g000529: URLError: <urlopen error [Errno 111] Connection refused>
g000575: URLError: <urlopen error [Errno 111] Connection refused>
g000426: URLError: <urlopen error [Errno 111] Connection refused>
g000533: URLError: <urlopen error [Errno 111] Connection refused>
g000579: URLError: <urlopen error [Errno 111] Connection refused>
g000448: URLError: <urlopen error [Errno 111] Connection refused>
g000430: URLError: <urlopen error [Errno 111] Connection refused>
g000537: URLError: <urlopen error [Errno 111] Connection refused>
g000583: URLError: <urlopen error [Errno 111] Connection refused>
g000452: URLError: <urlopen error [Errno 111] Connection refused>
g000434: URLError: <urlopen error [Errno 111] Connection refused>
g000541: URLError: <urlopen error [Errno 111] Connection refused>
g000587: URLError: <urlopen error [Errno 111] Connection refused>
g000456: URLError: <urlopen error [Errno 111] Connection refused>
g000545: URLError: <urlopen error [Errno 111] Connection refused>
g000438: URLError: <urlopen error [Errno 111] Connection refused>
g000460: URLError: <urlopen error [Errno 111] Connection refused>
g000591: URLError: <urlopen error [Errno 111] Connection refused>
g000549: URLError: <urlopen error [Errno 111] Connection refused>
g000442: URLError: <urlopen error [Errno 111] Connection refused>
g000595: URLError: <urlopen error [Errno 111] Connection refused>
g000464: URLError: <urlopen error [Errno 111] Connection refused>
g000446: URLError: <urlopen error [Errno 111] Connection refused>
g000553: URLError: <urlopen error [Errno 111] Connection refused>
g000599: URLError: <urlopen error [Errno 111] Connection refused>
g000468: URLError: <urlopen error [Errno 111] Connection refused>
g000450: URLError: <urlopen error [Errno 111] Connection refused>
g000557: URLError: <urlopen error [Errno 111] Connection refused>
g000472: URLError: <urlopen error [Errno 111] Connection refused>
g000603: URLError: <urlopen error [Errno 111] Connection refused>
g000454: URLError: <urlopen error [Errno 111] Connection refused>
g000561: URLError: <urlopen error [Errno 111] Connection refused>
g000565: URLError: <urlopen error [Errno 111] Connection refused>
g000607: URLError: <urlopen error [Errno 111] Connection refused>
g000458: URLError: <urlopen error [Errno 111] Connection refused>
g000476: URLError: <urlopen error [Errno 111] Connection refused>
g000569: URLError: <urlopen error [Errno 111] Connection refused>
g000462: URLError: <urlopen error [Errno 111] Connection refused>
g000611: URLError: <urlopen error [Errno 111] Connection refused>
g000480: URLError: <urlopen error [Errno 111] Connection refused>
g000573: URLError: <urlopen error [Errno 111] Connection refused>
g000466: URLError: <urlopen error [Errno 111] Connection refused>
g000615: URLError: <urlopen error [Errno 111] Connection refused>
g000577: URLError: <urlopen error [Errno 111] Connection refused>
g000484: URLError: <urlopen error [Errno 111] Connection refused>
g000470: URLError: <urlopen error [Errno 111] Connection refused>
g000474: URLError: <urlopen error [Errno 111] Connection refused>
g000488: URLError: <urlopen error [Errno 111] Connection refused>
g000619: URLError: <urlopen error [Errno 111] Connection refused>
g000478: URLError: <urlopen error [Errno 111] Connection refused>
g000581: URLError: <urlopen error [Errno 111] Connection refused>
g000623: URLError: <urlopen error [Errno 111] Connection refused>
g000482: URLError: <urlopen error [Errno 111] Connection refused>
g000585: URLError: <urlopen error [Errno 111] Connection refused>
g000486: URLError: <urlopen error [Errno 111] Connection refused>
g000627: URLError: <urlopen error [Errno 111] Connection refused>
g000589: URLError: <urlopen error [Errno 111] Connection refused>
g000490: URLError: <urlopen error [Errno 111] Connection refused>
g000631: URLError: <urlopen error [Errno 111] Connection refused>
g000593: URLError: <urlopen error [Errno 111] Connection refused>
g000494: URLError: <urlopen error [Errno 111] Connection refused>
g000635: URLError: <urlopen error [Errno 111] Connection refused>
g000597: URLError: <urlopen error [Errno 111] Connection refused>
g000498: URLError: <urlopen error [Errno 111] Connection refused>
g000639: URLError: <urlopen error [Errno 111] Connection refused>
g000502: URLError: <urlopen error [Errno 111] Connection refused>
g000492: URLError: <urlopen error [Errno 111] Connection refused>
g000506: URLError: <urlopen error [Errno 111] Connection refused>
g000496: URLError: <urlopen error [Errno 111] Connection refused>
g000601: URLError: <urlopen error [Errno 111] Connection refused>
g000510: URLError: <urlopen error [Errno 111] Connection refused>
g000514: URLError: <urlopen error [Errno 111] Connection refused>
g000605: URLError: <urlopen error [Errno 111] Connection refused>
g000643: URLError: <urlopen error [Errno 111] Connection refused>
g000500: URLError: <urlopen error [Errno 111] Connection refused>
g000518: URLError: <urlopen error [Errno 111] Connection refused>
g000609: URLError: <urlopen error [Errno 111] Connection refused>
g000647: URLError: <urlopen error [Errno 111] Connection refused>
g000504: URLError: <urlopen error [Errno 111] Connection refused>
g000613: URLError: <urlopen error [Errno 111] Connection refused>
g000508: URLError: <urlopen error [Errno 111] Connection refused>
g000651: URLError: <urlopen error [Errno 111] Connection refused>
g000522: URLError: <urlopen error [Errno 111] Connection refused>
g000617: URLError: <urlopen error [Errno 111] Connection refused>
g000526: URLError: <urlopen error [Errno 111] Connection refused>
g000655: URLError: <urlopen error [Errno 111] Connection refused>
g000512: URLError: <urlopen error [Errno 111] Connection refused>
g000621: URLError: <urlopen error [Errno 111] Connection refused>
g000530: URLError: <urlopen error [Errno 111] Connection refused>
g000659: URLError: <urlopen error [Errno 111] Connection refused>
g000516: URLError: <urlopen error [Errno 111] Connection refused>
g000625: URLError: <urlopen error [Errno 111] Connection refused>
g000534: URLError: <urlopen error [Errno 111] Connection refused>
g000663: URLError: <urlopen error [Errno 111] Connection refused>
g000520: URLError: <urlopen error [Errno 111] Connection refused>
g000629: URLError: <urlopen error [Errno 111] Connection refused>
g000538: URLError: <urlopen error [Errno 111] Connection refused>
g000667: URLError: <urlopen error [Errno 111] Connection refused>
g000524: URLError: <urlopen error [Errno 111] Connection refused>
g000633: URLError: <urlopen error [Errno 111] Connection refused>
g000542: URLError: <urlopen error [Errno 111] Connection refused>
g000671: URLError: <urlopen error [Errno 111] Connection refused>
g000528: URLError: <urlopen error [Errno 111] Connection refused>
g000637: URLError: <urlopen error [Errno 111] Connection refused>
g000546: URLError: <urlopen error [Errno 111] Connection refused>
g000675: URLError: <urlopen error [Errno 111] Connection refused>
g000532: URLError: <urlopen error [Errno 111] Connection refused>
g000641: URLError: <urlopen error [Errno 111] Connection refused>
g000679: URLError: <urlopen error [Errno 111] Connection refused>
g000550: URLError: <urlopen error [Errno 111] Connection refused>
g000536: URLError: <urlopen error [Errno 111] Connection refused>
g000645: URLError: <urlopen error [Errno 111] Connection refused>
g000554: URLError: <urlopen error [Errno 111] Connection refused>
g000683: URLError: <urlopen error [Errno 111] Connection refused>
g000540: URLError: <urlopen error [Errno 111] Connection refused>
g000649: URLError: <urlopen error [Errno 111] Connection refused>
g000558: URLError: <urlopen error [Errno 111] Connection refused>
g000544: URLError: <urlopen error [Errno 111] Connection refused>
g000687: URLError: <urlopen error [Errno 111] Connection refused>
g000562: URLError: <urlopen error [Errno 111] Connection refused>
g000653: URLError: <urlopen error [Errno 111] Connection refused>
g000548: URLError: <urlopen error [Errno 111] Connection refused>
g000691: URLError: <urlopen error [Errno 111] Connection refused>
g000566: URLError: <urlopen error [Errno 111] Connection refused>
g000657: URLError: <urlopen error [Errno 111] Connection refused>
g000552: URLError: <urlopen error [Errno 111] Connection refused>
g000695: URLError: <urlopen error [Errno 111] Connection refused>
g000570: URLError: <urlopen error [Errno 111] Connection refused>
g000661: URLError: <urlopen error [Errno 111] Connection refused>
g000699: URLError: <urlopen error [Errno 111] Connection refused>
g000556: URLError: <urlopen error [Errno 111] Connection refused>
g000574: URLError: <urlopen error [Errno 111] Connection refused>
g000665: URLError: <urlopen error [Errno 111] Connection refused>
g000703: URLError: <urlopen error [Errno 111] Connection refused>
g000560: URLError: <urlopen error [Errno 111] Connection refused>
g000578: URLError: <urlopen error [Errno 111] Connection refused>
g000669: URLError: <urlopen error [Errno 111] Connection refused>
g000707: URLError: <urlopen error [Errno 111] Connection refused>
g000564: URLError: <urlopen error [Errno 111] Connection refused>
g000673: URLError: <urlopen error [Errno 111] Connection refused>
g000582: URLError: <urlopen error [Errno 111] Connection refused>
g000711: URLError: <urlopen error [Errno 111] Connection refused>
g000568: URLError: <urlopen error [Errno 111] Connection refused>
g000677: URLError: <urlopen error [Errno 111] Connection refused>
g000586: URLError: <urlopen error [Errno 111] Connection refused>
g000715: URLError: <urlopen error [Errno 111] Connection refused>
g000572: URLError: <urlopen error [Errno 111] Connection refused>
g000681: URLError: <urlopen error [Errno 111] Connection refused>
g000590: URLError: <urlopen error [Errno 111] Connection refused>
g000719: URLError: <urlopen error [Errno 111] Connection refused>
g000576: URLError: <urlopen error [Errno 111] Connection refused>
g000594: URLError: <urlopen error [Errno 111] Connection refused>
g000685: URLError: <urlopen error [Errno 111] Connection refused>
g000723: URLError: <urlopen error [Errno 111] Connection refused>
g000580: URLError: <urlopen error [Errno 111] Connection refused>
g000598: URLError: <urlopen error [Errno 111] Connection refused>
g000689: URLError: <urlopen error [Errno 111] Connection refused>
g000727: URLError: <urlopen error [Errno 111] Connection refused>
g000731: URLError: <urlopen error [Errno 111] Connection refused>
g000584: URLError: <urlopen error [Errno 111] Connection refused>
g000602: URLError: <urlopen error [Errno 111] Connection refused>
g000693: URLError: <urlopen error [Errno 111] Connection refused>
g000606: URLError: <urlopen error [Errno 111] Connection refused>
g000588: URLError: <urlopen error [Errno 111] Connection refused>
g000697: URLError: <urlopen error [Errno 111] Connection refused>
g000735: URLError: <urlopen error [Errno 111] Connection refused>
g000610: URLError: <urlopen error [Errno 111] Connection refused>
g000592: URLError: <urlopen error [Errno 111] Connection refused>
g000739: URLError: <urlopen error [Errno 111] Connection refused>
g000701: URLError: <urlopen error [Errno 111] Connection refused>
g000614: URLError: <urlopen error [Errno 111] Connection refused>
g000743: URLError: <urlopen error [Errno 111] Connection refused>
g000705: URLError: <urlopen error [Errno 111] Connection refused>
g000596: URLError: <urlopen error [Errno 111] Connection refused>
g000618: URLError: <urlopen error [Errno 111] Connection refused>
g000709: URLError: <urlopen error [Errno 111] Connection refused>
g000747: URLError: <urlopen error [Errno 111] Connection refused>
g000600: URLError: <urlopen error [Errno 111] Connection refused>
g000622: URLError: <urlopen error [Errno 111] Connection refused>
g000751: URLError: <urlopen error [Errno 111] Connection refused>
g000713: URLError: <urlopen error [Errno 111] Connection refused>
g000604: URLError: <urlopen error [Errno 111] Connection refused>
g000626: URLError: <urlopen error [Errno 111] Connection refused>
g000755: URLError: <urlopen error [Errno 111] Connection refused>
g000717: URLError: <urlopen error [Errno 111] Connection refused>
g000608: URLError: <urlopen error [Errno 111] Connection refused>
g000630: URLError: <urlopen error [Errno 111] Connection refused>
g000759: URLError: <urlopen error [Errno 111] Connection refused>
g000721: URLError: <urlopen error [Errno 111] Connection refused>
g000612: URLError: <urlopen error [Errno 111] Connection refused>
g000634: URLError: <urlopen error [Errno 111] Connection refused>
g000725: URLError: <urlopen error [Errno 111] Connection refused>
g000763: URLError: <urlopen error [Errno 111] Connection refused>
g000616: URLError: <urlopen error [Errno 111] Connection refused>
g000638: URLError: <urlopen error [Errno 111] Connection refused>
g000729: URLError: <urlopen error [Errno 111] Connection refused>
g000767: URLError: <urlopen error [Errno 111] Connection refused>
g000620: URLError: <urlopen error [Errno 111] Connection refused>
g000642: URLError: <urlopen error [Errno 111] Connection refused>
g000733: URLError: <urlopen error [Errno 111] Connection refused>
g000771: URLError: <urlopen error [Errno 111] Connection refused>
g000624: URLError: <urlopen error [Errno 111] Connection refused>
g000646: URLError: <urlopen error [Errno 111] Connection refused>
g000737: URLError: <urlopen error [Errno 111] Connection refused>
g000775: URLError: <urlopen error [Errno 111] Connection refused>
g000628: URLError: <urlopen error [Errno 111] Connection refused>
g000650: URLError: <urlopen error [Errno 111] Connection refused>
g000741: URLError: <urlopen error [Errno 111] Connection refused>
g000632: URLError: <urlopen error [Errno 111] Connection refused>
g000779: URLError: <urlopen error [Errno 111] Connection refused>
g000636: URLError: <urlopen error [Errno 111] Connection refused>
g000783: URLError: <urlopen error [Errno 111] Connection refused>
g000640: URLError: <urlopen error [Errno 111] Connection refused>
g000787: URLError: <urlopen error [Errno 111] Connection refused>
g000644: URLError: <urlopen error [Errno 111] Connection refused>
g000791: URLError: <urlopen error [Errno 111] Connection refused>
g000648: URLError: <urlopen error [Errno 111] Connection refused>
g000745: URLError: <urlopen error [Errno 111] Connection refused>
g000749: URLError: <urlopen error [Errno 111] Connection refused>
g000753: URLError: <urlopen error [Errno 111] Connection refused>
g000757: URLError: <urlopen error [Errno 111] Connection refused>
g000761: URLError: <urlopen error [Errno 111] Connection refused>
g000765: URLError: <urlopen error [Errno 111] Connection refused>
g000769: URLError: <urlopen error [Errno 111] Connection refused>
g000773: URLError: <urlopen error [Errno 111] Connection refused>
g000777: URLError: <urlopen error [Errno 111] Connection refused>
g000781: URLError: <urlopen error [Errno 111] Connection refused>
g000785: URLError: <urlopen error [Errno 111] Connection refused>
g000789: URLError: <urlopen error [Errno 111] Connection refused>
g000793: URLError: <urlopen error [Errno 111] Connection refused>
g000797: URLError: <urlopen error [Errno 111] Connection refused>
g000801: URLError: <urlopen error [Errno 111] Connection refused>
g000805: URLError: <urlopen error [Errno 111] Connection refused>
g000809: URLError: <urlopen error [Errno 111] Connection refused>
g000813: URLError: <urlopen error [Errno 111] Connection refused>
g000817: URLError: <urlopen error [Errno 111] Connection refused>
g000821: URLError: <urlopen error [Errno 111] Connection refused>
g000795: URLError: <urlopen error [Errno 111] Connection refused>
g000799: URLError: <urlopen error [Errno 111] Connection refused>
g000652: URLError: <urlopen error [Errno 111] Connection refused>
g000803: URLError: <urlopen error [Errno 111] Connection refused>
g000656: URLError: <urlopen error [Errno 111] Connection refused>
g000807: URLError: <urlopen error [Errno 111] Connection refused>
g000660: URLError: <urlopen error [Errno 111] Connection refused>
g000811: URLError: <urlopen error [Errno 111] Connection refused>
g000664: URLError: <urlopen error [Errno 111] Connection refused>
g000654: URLError: <urlopen error [Errno 111] Connection refused>
g000815: URLError: <urlopen error [Errno 111] Connection refused>
g000668: URLError: <urlopen error [Errno 111] Connection refused>
g000825: URLError: <urlopen error [Errno 111] Connection refused>
g000672: URLError: <urlopen error [Errno 111] Connection refused>
g000829: URLError: <urlopen error [Errno 111] Connection refused>
g000819: URLError: <urlopen error [Errno 111] Connection refused>
g000676: URLError: <urlopen error [Errno 111] Connection refused>
g000833: URLError: <urlopen error [Errno 111] Connection refused>
g000658: URLError: <urlopen error [Errno 111] Connection refused>
g000837: URLError: <urlopen error [Errno 111] Connection refused>
g000823: URLError: <urlopen error [Errno 111] Connection refused>
g000680: URLError: <urlopen error [Errno 111] Connection refused>
g000662: URLError: <urlopen error [Errno 111] Connection refused>
g000841: URLError: <urlopen error [Errno 111] Connection refused>
g000827: URLError: <urlopen error [Errno 111] Connection refused>
g000684: URLError: <urlopen error [Errno 111] Connection refused>
g000666: URLError: <urlopen error [Errno 111] Connection refused>
g000845: URLError: <urlopen error [Errno 111] Connection refused>
g000831: URLError: <urlopen error [Errno 111] Connection refused>
g000688: URLError: <urlopen error [Errno 111] Connection refused>
g000849: URLError: <urlopen error [Errno 111] Connection refused>
g000670: URLError: <urlopen error [Errno 111] Connection refused>
g000835: URLError: <urlopen error [Errno 111] Connection refused>
g000692: URLError: <urlopen error [Errno 111] Connection refused>
g000674: URLError: <urlopen error [Errno 111] Connection refused>
g000853: URLError: <urlopen error [Errno 111] Connection refused>
g000696: URLError: <urlopen error [Errno 111] Connection refused>
g000839: URLError: <urlopen error [Errno 111] Connection refused>
g000857: URLError: <urlopen error [Errno 111] Connection refused>
g000678: URLError: <urlopen error [Errno 111] Connection refused>
g000861: URLError: <urlopen error [Errno 111] Connection refused>
g000843: URLError: <urlopen error [Errno 111] Connection refused>
g000700: URLError: <urlopen error [Errno 111] Connection refused>
g000682: URLError: <urlopen error [Errno 111] Connection refused>
g000865: URLError: <urlopen error [Errno 111] Connection refused>
g000686: URLError: <urlopen error [Errno 111] Connection refused>
g000704: URLError: <urlopen error [Errno 111] Connection refused>
g000847: URLError: <urlopen error [Errno 111] Connection refused>
g000869: URLError: <urlopen error [Errno 111] Connection refused>
g000690: URLError: <urlopen error [Errno 111] Connection refused>
g000708: URLError: <urlopen error [Errno 111] Connection refused>
g000873: URLError: <urlopen error [Errno 111] Connection refused>
g000851: URLError: <urlopen error [Errno 111] Connection refused>
g000694: URLError: <urlopen error [Errno 111] Connection refused>
g000712: URLError: <urlopen error [Errno 111] Connection refused>
g000877: URLError: <urlopen error [Errno 111] Connection refused>
g000855: URLError: <urlopen error [Errno 111] Connection refused>
g000698: URLError: <urlopen error [Errno 111] Connection refused>
g000716: URLError: <urlopen error [Errno 111] Connection refused>
g000881: URLError: <urlopen error [Errno 111] Connection refused>
g000702: URLError: <urlopen error [Errno 111] Connection refused>
g000859: URLError: <urlopen error [Errno 111] Connection refused>
g000720: URLError: <urlopen error [Errno 111] Connection refused>
g000885: URLError: <urlopen error [Errno 111] Connection refused>
g000706: URLError: <urlopen error [Errno 111] Connection refused>
g000863: URLError: <urlopen error [Errno 111] Connection refused>
g000889: URLError: <urlopen error [Errno 111] Connection refused>
g000724: URLError: <urlopen error [Errno 111] Connection refused>
g000867: URLError: <urlopen error [Errno 111] Connection refused>
g000710: URLError: <urlopen error [Errno 111] Connection refused>
g000893: URLError: <urlopen error [Errno 111] Connection refused>
g000728: URLError: <urlopen error [Errno 111] Connection refused>
g000897: URLError: <urlopen error [Errno 111] Connection refused>
g000714: URLError: <urlopen error [Errno 111] Connection refused>
g000871: URLError: <urlopen error [Errno 111] Connection refused>
g000732: URLError: <urlopen error [Errno 111] Connection refused>
g000901: URLError: <urlopen error [Errno 111] Connection refused>
g000718: URLError: <urlopen error [Errno 111] Connection refused>
g000875: URLError: <urlopen error [Errno 111] Connection refused>
g000736: URLError: <urlopen error [Errno 111] Connection refused>
g000905: URLError: <urlopen error [Errno 111] Connection refused>
g000722: URLError: <urlopen error [Errno 111] Connection refused>
g000879: URLError: <urlopen error [Errno 111] Connection refused>
g000740: URLError: <urlopen error [Errno 111] Connection refused>
g000909: URLError: <urlopen error [Errno 111] Connection refused>
g000726: URLError: <urlopen error [Errno 111] Connection refused>
g000883: URLError: <urlopen error [Errno 111] Connection refused>
g000744: URLError: <urlopen error [Errno 111] Connection refused>
g000730: URLError: <urlopen error [Errno 111] Connection refused>
g000887: URLError: <urlopen error [Errno 111] Connection refused>
g000913: URLError: <urlopen error [Errno 111] Connection refused>
g000734: URLError: <urlopen error [Errno 111] Connection refused>
g000891: URLError: <urlopen error [Errno 111] Connection refused>
g000748: URLError: <urlopen error [Errno 111] Connection refused>
g000917: URLError: <urlopen error [Errno 111] Connection refused>
g000738: URLError: <urlopen error [Errno 111] Connection refused>
g000895: URLError: <urlopen error [Errno 111] Connection refused>
g000752: URLError: <urlopen error [Errno 111] Connection refused>
g000921: URLError: <urlopen error [Errno 111] Connection refused>
g000742: URLError: <urlopen error [Errno 111] Connection refused>
g000899: URLError: <urlopen error [Errno 111] Connection refused>
g000756: URLError: <urlopen error [Errno 111] Connection refused>
g000925: URLError: <urlopen error [Errno 111] Connection refused>
g000746: URLError: <urlopen error [Errno 111] Connection refused>
g000903: URLError: <urlopen error [Errno 111] Connection refused>
g000760: URLError: <urlopen error [Errno 111] Connection refused>
g000929: URLError: <urlopen error [Errno 111] Connection refused>
g000750: URLError: <urlopen error [Errno 111] Connection refused>
g000764: URLError: <urlopen error [Errno 111] Connection refused>
g000907: URLError: <urlopen error [Errno 111] Connection refused>
g000933: URLError: <urlopen error [Errno 111] Connection refused>
g000754: URLError: <urlopen error [Errno 111] Connection refused>
g000768: URLError: <urlopen error [Errno 111] Connection refused>
g000911: URLError: <urlopen error [Errno 111] Connection refused>
g000758: URLError: <urlopen error [Errno 111] Connection refused>
g000937: URLError: <urlopen error [Errno 111] Connection refused>
g000772: URLError: <urlopen error [Errno 111] Connection refused>
g000915: URLError: <urlopen error [Errno 111] Connection refused>
g000762: URLError: <urlopen error [Errno 111] Connection refused>
g000776: URLError: <urlopen error [Errno 111] Connection refused>
g000941: URLError: <urlopen error [Errno 111] Connection refused>
g000919: URLError: <urlopen error [Errno 111] Connection refused>
g000766: URLError: <urlopen error [Errno 111] Connection refused>
g000945: URLError: <urlopen error [Errno 111] Connection refused>
g000923: URLError: <urlopen error [Errno 111] Connection refused>
g000780: URLError: <urlopen error [Errno 111] Connection refused>
g000770: URLError: <urlopen error [Errno 111] Connection refused>
g000949: URLError: <urlopen error [Errno 111] Connection refused>
g000927: URLError: <urlopen error [Errno 111] Connection refused>
g000774: URLError: <urlopen error [Errno 111] Connection refused>
g000784: URLError: <urlopen error [Errno 111] Connection refused>
g000953: URLError: <urlopen error [Errno 111] Connection refused>
g000778: URLError: <urlopen error [Errno 111] Connection refused>
g000788: URLError: <urlopen error [Errno 111] Connection refused>
g000957: URLError: <urlopen error [Errno 111] Connection refused>
g000931: URLError: <urlopen error [Errno 111] Connection refused>
g000961: URLError: <urlopen error [Errno 111] Connection refused>
g000782: URLError: <urlopen error [Errno 111] Connection refused>
g000792: URLError: <urlopen error [Errno 111] Connection refused>
g000935: URLError: <urlopen error [Errno 111] Connection refused>
g000965: URLError: <urlopen error [Errno 111] Connection refused>
g000786: URLError: <urlopen error [Errno 111] Connection refused>
g000796: URLError: <urlopen error [Errno 111] Connection refused>
g000969: URLError: <urlopen error [Errno 111] Connection refused>
g000939: URLError: <urlopen error [Errno 111] Connection refused>
g000973: URLError: <urlopen error [Errno 111] Connection refused>
g000790: URLError: <urlopen error [Errno 111] Connection refused>
g000800: URLError: <urlopen error [Errno 111] Connection refused>
g000977: URLError: <urlopen error [Errno 111] Connection refused>
g000943: URLError: <urlopen error [Errno 111] Connection refused>
g000794: URLError: <urlopen error [Errno 111] Connection refused>
g000981: URLError: <urlopen error [Errno 111] Connection refused>
g000804: URLError: <urlopen error [Errno 111] Connection refused>
g000947: URLError: <urlopen error [Errno 111] Connection refused>
g000798: URLError: <urlopen error [Errno 111] Connection refused>
g000985: URLError: <urlopen error [Errno 111] Connection refused>
g000951: URLError: <urlopen error [Errno 111] Connection refused>
g000808: URLError: <urlopen error [Errno 111] Connection refused>
g000802: URLError: <urlopen error [Errno 111] Connection refused>
g000806: URLError: <urlopen error [Errno 111] Connection refused>
g000955: URLError: <urlopen error [Errno 111] Connection refused>
g000812: URLError: <urlopen error [Errno 111] Connection refused>
g000959: URLError: <urlopen error [Errno 111] Connection refused>
g000810: URLError: <urlopen error [Errno 111] Connection refused>
g000816: URLError: <urlopen error [Errno 111] Connection refused>
g000814: URLError: <urlopen error [Errno 111] Connection refused>
g000963: URLError: <urlopen error [Errno 111] Connection refused>
g000820: URLError: <urlopen error [Errno 111] Connection refused>
g000818: URLError: <urlopen error [Errno 111] Connection refused>
g000967: URLError: <urlopen error [Errno 111] Connection refused>
g000824: URLError: <urlopen error [Errno 111] Connection refused>
g000822: URLError: <urlopen error [Errno 111] Connection refused>
g000971: URLError: <urlopen error [Errno 111] Connection refused>
g000828: URLError: <urlopen error [Errno 111] Connection refused>
g000826: URLError: <urlopen error [Errno 111] Connection refused>
g000975: URLError: <urlopen error [Errno 111] Connection refused>
g000832: URLError: <urlopen error [Errno 111] Connection refused>
g000830: URLError: <urlopen error [Errno 111] Connection refused>
g000979: URLError: <urlopen error [Errno 111] Connection refused>
g000836: URLError: <urlopen error [Errno 111] Connection refused>
g000834: URLError: <urlopen error [Errno 111] Connection refused>
g000983: URLError: <urlopen error [Errno 111] Connection refused>
g000840: URLError: <urlopen error [Errno 111] Connection refused>
g000838: URLError: <urlopen error [Errno 111] Connection refused>
g000987: URLError: <urlopen error [Errno 111] Connection refused>
g000844: URLError: <urlopen error [Errno 111] Connection refused>
g000842: URLError: <urlopen error [Errno 111] Connection refused>
g000991: URLError: <urlopen error [Errno 111] Connection refused>
g000848: URLError: <urlopen error [Errno 111] Connection refused>
g000846: URLError: <urlopen error [Errno 111] Connection refused>
g000995: URLError: <urlopen error [Errno 111] Connection refused>
g000852: URLError: <urlopen error [Errno 111] Connection refused>
g000850: URLError: <urlopen error [Errno 111] Connection refused>
g000999: URLError: <urlopen error [Errno 111] Connection refused>
g000856: URLError: <urlopen error [Errno 111] Connection refused>
g000854: URLError: <urlopen error [Errno 111] Connection refused>
g001003: URLError: <urlopen error [Errno 111] Connection refused>
g000860: URLError: <urlopen error [Errno 111] Connection refused>
g001007: URLError: <urlopen error [Errno 111] Connection refused>
g000858: URLError: <urlopen error [Errno 111] Connection refused>
g000862: URLError: <urlopen error [Errno 111] Connection refused>
g001011: URLError: <urlopen error [Errno 111] Connection refused>
g000989: URLError: <urlopen error [Errno 111] Connection refused>
g001015: URLError: <urlopen error [Errno 111] Connection refused>
g000866: URLError: <urlopen error [Errno 111] Connection refused>
g000993: URLError: <urlopen error [Errno 111] Connection refused>
g000870: URLError: <urlopen error [Errno 111] Connection refused>
g001019: URLError: <urlopen error [Errno 111] Connection refused>
g001023: URLError: <urlopen error [Errno 111] Connection refused>
g000997: URLError: <urlopen error [Errno 111] Connection refused>
g000864: URLError: <urlopen error [Errno 111] Connection refused>
g001001: URLError: <urlopen error [Errno 111] Connection refused>
g000868: URLError: <urlopen error [Errno 111] Connection refused>
g001005: URLError: <urlopen error [Errno 111] Connection refused>
g000872: URLError: <urlopen error [Errno 111] Connection refused>
g001009: URLError: <urlopen error [Errno 111] Connection refused>
g000876: URLError: <urlopen error [Errno 111] Connection refused>
g001013: URLError: <urlopen error [Errno 111] Connection refused>
g000880: URLError: <urlopen error [Errno 111] Connection refused>
g001017: URLError: <urlopen error [Errno 111] Connection refused>
g000884: URLError: <urlopen error [Errno 111] Connection refused>
g001021: URLError: <urlopen error [Errno 111] Connection refused>
g000888: URLError: <urlopen error [Errno 111] Connection refused>
g001025: URLError: <urlopen error [Errno 111] Connection refused>
g000892: URLError: <urlopen error [Errno 111] Connection refused>
g001029: URLError: <urlopen error [Errno 111] Connection refused>
g000896: URLError: <urlopen error [Errno 111] Connection refused>
g000900: URLError: <urlopen error [Errno 111] Connection refused>
g001033: URLError: <urlopen error [Errno 111] Connection refused>
g000874: URLError: <urlopen error [Errno 111] Connection refused>
g000904: URLError: <urlopen error [Errno 111] Connection refused>
g001037: URLError: <urlopen error [Errno 111] Connection refused>
g000878: URLError: <urlopen error [Errno 111] Connection refused>
g001027: URLError: <urlopen error [Errno 111] Connection refused>
g000908: URLError: <urlopen error [Errno 111] Connection refused>
g001041: URLError: <urlopen error [Errno 111] Connection refused>
g000882: URLError: <urlopen error [Errno 111] Connection refused>
g000912: URLError: <urlopen error [Errno 111] Connection refused>
g001031: URLError: <urlopen error [Errno 111] Connection refused>
g001045: URLError: <urlopen error [Errno 111] Connection refused>
g000886: URLError: <urlopen error [Errno 111] Connection refused>
g000916: URLError: <urlopen error [Errno 111] Connection refused>
g001035: URLError: <urlopen error [Errno 111] Connection refused>
g000890: URLError: <urlopen error [Errno 111] Connection refused>
g001049: URLError: <urlopen error [Errno 111] Connection refused>
g000920: URLError: <urlopen error [Errno 111] Connection refused>
g001039: URLError: <urlopen error [Errno 111] Connection refused>
g001053: URLError: <urlopen error [Errno 111] Connection refused>
g000894: URLError: <urlopen error [Errno 111] Connection refused>
g001043: URLError: <urlopen error [Errno 111] Connection refused>
g000898: URLError: <urlopen error [Errno 111] Connection refused>
g001047: URLError: <urlopen error [Errno 111] Connection refused>
g001057: URLError: <urlopen error [Errno 111] Connection refused>
g000902: URLError: <urlopen error [Errno 111] Connection refused>
g001051: URLError: <urlopen error [Errno 111] Connection refused>
g001055: URLError: <urlopen error [Errno 111] Connection refused>
g001061: URLError: <urlopen error [Errno 111] Connection refused>
g000924: URLError: <urlopen error [Errno 111] Connection refused>
g001065: URLError: <urlopen error [Errno 111] Connection refused>
g000928: URLError: <urlopen error [Errno 111] Connection refused>
g001069: URLError: <urlopen error [Errno 111] Connection refused>
g000932: URLError: <urlopen error [Errno 111] Connection refused>
g000936: URLError: <urlopen error [Errno 111] Connection refused>
g001073: URLError: <urlopen error [Errno 111] Connection refused>
g000940: URLError: <urlopen error [Errno 111] Connection refused>
g001077: URLError: <urlopen error [Errno 111] Connection refused>
g000944: URLError: <urlopen error [Errno 111] Connection refused>
g001081: URLError: <urlopen error [Errno 111] Connection refused>
g000948: URLError: <urlopen error [Errno 111] Connection refused>
g001085: URLError: <urlopen error [Errno 111] Connection refused>
g000952: URLError: <urlopen error [Errno 111] Connection refused>
g001089: URLError: <urlopen error [Errno 111] Connection refused>
g000956: URLError: <urlopen error [Errno 111] Connection refused>
g000906: URLError: <urlopen error [Errno 111] Connection refused>
g001093: URLError: <urlopen error [Errno 111] Connection refused>
g000960: URLError: <urlopen error [Errno 111] Connection refused>
g001097: URLError: <urlopen error [Errno 111] Connection refused>
g000910: URLError: <urlopen error [Errno 111] Connection refused>
g001059: URLError: <urlopen error [Errno 111] Connection refused>
g000964: URLError: <urlopen error [Errno 111] Connection refused>
g001101: URLError: <urlopen error [Errno 111] Connection refused>
g001063: URLError: <urlopen error [Errno 111] Connection refused>
g000968: URLError: <urlopen error [Errno 111] Connection refused>
g001105: URLError: <urlopen error [Errno 111] Connection refused>
g001067: URLError: <urlopen error [Errno 111] Connection refused>
g000914: URLError: <urlopen error [Errno 111] Connection refused>
g001109: URLError: <urlopen error [Errno 111] Connection refused>
g001071: URLError: <urlopen error [Errno 111] Connection refused>
g000972: URLError: <urlopen error [Errno 111] Connection refused>
g001113: URLError: <urlopen error [Errno 111] Connection refused>
g000918: URLError: <urlopen error [Errno 111] Connection refused>
g001075: URLError: <urlopen error [Errno 111] Connection refused>
g000976: URLError: <urlopen error [Errno 111] Connection refused>
g001117: URLError: <urlopen error [Errno 111] Connection refused>
g000922: URLError: <urlopen error [Errno 111] Connection refused>
g001079: URLError: <urlopen error [Errno 111] Connection refused>
g000980: URLError: <urlopen error [Errno 111] Connection refused>
g001121: URLError: <urlopen error [Errno 111] Connection refused>
g001083: URLError: <urlopen error [Errno 111] Connection refused>
g000926: URLError: <urlopen error [Errno 111] Connection refused>
g000984: URLError: <urlopen error [Errno 111] Connection refused>
g000930: URLError: <urlopen error [Errno 111] Connection refused>
g001125: URLError: <urlopen error [Errno 111] Connection refused>
g001087: URLError: <urlopen error [Errno 111] Connection refused>
g000934: URLError: <urlopen error [Errno 111] Connection refused>
g000988: URLError: <urlopen error [Errno 111] Connection refused>
g001129: URLError: <urlopen error [Errno 111] Connection refused>
g001091: URLError: <urlopen error [Errno 111] Connection refused>
g000938: URLError: <urlopen error [Errno 111] Connection refused>
g000992: URLError: <urlopen error [Errno 111] Connection refused>
g001133: URLError: <urlopen error [Errno 111] Connection refused>
g000942: URLError: <urlopen error [Errno 111] Connection refused>
g001095: URLError: <urlopen error [Errno 111] Connection refused>
g000996: URLError: <urlopen error [Errno 111] Connection refused>
g000946: URLError: <urlopen error [Errno 111] Connection refused>
g001137: URLError: <urlopen error [Errno 111] Connection refused>
g001000: URLError: <urlopen error [Errno 111] Connection refused>
g001099: URLError: <urlopen error [Errno 111] Connection refused>
g000950: URLError: <urlopen error [Errno 111] Connection refused>
g001141: URLError: <urlopen error [Errno 111] Connection refused>
g000954: URLError: <urlopen error [Errno 111] Connection refused>
g001004: URLError: <urlopen error [Errno 111] Connection refused>
g001103: URLError: <urlopen error [Errno 111] Connection refused>
g001145: URLError: <urlopen error [Errno 111] Connection refused>
g000958: URLError: <urlopen error [Errno 111] Connection refused>
g001008: URLError: <urlopen error [Errno 111] Connection refused>
g001107: URLError: <urlopen error [Errno 111] Connection refused>
g000962: URLError: <urlopen error [Errno 111] Connection refused>
g001149: URLError: <urlopen error [Errno 111] Connection refused>
g000966: URLError: <urlopen error [Errno 111] Connection refused>
g001012: URLError: <urlopen error [Errno 111] Connection refused>
g001111: URLError: <urlopen error [Errno 111] Connection refused>
g000970: URLError: <urlopen error [Errno 111] Connection refused>
g001153: URLError: <urlopen error [Errno 111] Connection refused>
g000974: URLError: <urlopen error [Errno 111] Connection refused>
g001016: URLError: <urlopen error [Errno 111] Connection refused>
g001115: URLError: <urlopen error [Errno 111] Connection refused>
g000978: URLError: <urlopen error [Errno 111] Connection refused>
g001157: URLError: <urlopen error [Errno 111] Connection refused>
g000982: URLError: <urlopen error [Errno 111] Connection refused>
g001020: URLError: <urlopen error [Errno 111] Connection refused>
g001119: URLError: <urlopen error [Errno 111] Connection refused>
g000986: URLError: <urlopen error [Errno 111] Connection refused>
g001161: URLError: <urlopen error [Errno 111] Connection refused>
g001024: URLError: <urlopen error [Errno 111] Connection refused>
g000990: URLError: <urlopen error [Errno 111] Connection refused>
g001123: URLError: <urlopen error [Errno 111] Connection refused>
g001165: URLError: <urlopen error [Errno 111] Connection refused>
g000994: URLError: <urlopen error [Errno 111] Connection refused>
g001028: URLError: <urlopen error [Errno 111] Connection refused>
g001127: URLError: <urlopen error [Errno 111] Connection refused>
g000998: URLError: <urlopen error [Errno 111] Connection refused>
g001169: URLError: <urlopen error [Errno 111] Connection refused>
g001032: URLError: <urlopen error [Errno 111] Connection refused>
g001002: URLError: <urlopen error [Errno 111] Connection refused>
g001131: URLError: <urlopen error [Errno 111] Connection refused>
g001173: URLError: <urlopen error [Errno 111] Connection refused>
g001006: URLError: <urlopen error [Errno 111] Connection refused>
g001036: URLError: <urlopen error [Errno 111] Connection refused>
g001135: URLError: <urlopen error [Errno 111] Connection refused>
g001177: URLError: <urlopen error [Errno 111] Connection refused>
g001010: URLError: <urlopen error [Errno 111] Connection refused>
g001040: URLError: <urlopen error [Errno 111] Connection refused>
g001014: URLError: <urlopen error [Errno 111] Connection refused>
g001139: URLError: <urlopen error [Errno 111] Connection refused>
g001181: URLError: <urlopen error [Errno 111] Connection refused>
g001018: URLError: <urlopen error [Errno 111] Connection refused>
g001044: URLError: <urlopen error [Errno 111] Connection refused>
g001022: URLError: <urlopen error [Errno 111] Connection refused>
g001143: URLError: <urlopen error [Errno 111] Connection refused>
g001185: URLError: <urlopen error [Errno 111] Connection refused>
g001026: URLError: <urlopen error [Errno 111] Connection refused>
g001048: URLError: <urlopen error [Errno 111] Connection refused>
g001030: URLError: <urlopen error [Errno 111] Connection refused>
g001147: URLError: <urlopen error [Errno 111] Connection refused>
g001189: URLError: <urlopen error [Errno 111] Connection refused>
g001034: URLError: <urlopen error [Errno 111] Connection refused>
g001052: URLError: <urlopen error [Errno 111] Connection refused>
g001038: URLError: <urlopen error [Errno 111] Connection refused>
g001151: URLError: <urlopen error [Errno 111] Connection refused>
g001193: URLError: <urlopen error [Errno 111] Connection refused>
g001042: URLError: <urlopen error [Errno 111] Connection refused>
g001056: URLError: <urlopen error [Errno 111] Connection refused>
g001155: URLError: <urlopen error [Errno 111] Connection refused>
g001046: URLError: <urlopen error [Errno 111] Connection refused>
g001197: URLError: <urlopen error [Errno 111] Connection refused>
g001060: URLError: <urlopen error [Errno 111] Connection refused>
g001050: URLError: <urlopen error [Errno 111] Connection refused>
g001159: URLError: <urlopen error [Errno 111] Connection refused>
g001201: URLError: <urlopen error [Errno 111] Connection refused>
g001054: URLError: <urlopen error [Errno 111] Connection refused>
g001064: URLError: <urlopen error [Errno 111] Connection refused>
g001163: URLError: <urlopen error [Errno 111] Connection refused>
g001205: URLError: <urlopen error [Errno 111] Connection refused>
g001058: URLError: <urlopen error [Errno 111] Connection refused>
g001068: URLError: <urlopen error [Errno 111] Connection refused>
g001167: URLError: <urlopen error [Errno 111] Connection refused>
g001209: URLError: <urlopen error [Errno 111] Connection refused>
g001062: URLError: <urlopen error [Errno 111] Connection refused>
g001072: URLError: <urlopen error [Errno 111] Connection refused>
g001171: URLError: <urlopen error [Errno 111] Connection refused>
g001213: URLError: <urlopen error [Errno 111] Connection refused>
g001066: URLError: <urlopen error [Errno 111] Connection refused>
g001070: URLError: <urlopen error [Errno 111] Connection refused>
g001076: URLError: <urlopen error [Errno 111] Connection refused>
g001175: URLError: <urlopen error [Errno 111] Connection refused>
g001217: URLError: <urlopen error [Errno 111] Connection refused>
g001074: URLError: <urlopen error [Errno 111] Connection refused>
g001179: URLError: <urlopen error [Errno 111] Connection refused>
g001221: URLError: <urlopen error [Errno 111] Connection refused>
g001080: URLError: <urlopen error [Errno 111] Connection refused>
g001078: URLError: <urlopen error [Errno 111] Connection refused>
g001082: URLError: <urlopen error [Errno 111] Connection refused>
g001225: URLError: <urlopen error [Errno 111] Connection refused>
g001084: URLError: <urlopen error [Errno 111] Connection refused>
g001183: URLError: <urlopen error [Errno 111] Connection refused>
g001086: URLError: <urlopen error [Errno 111] Connection refused>
g001229: URLError: <urlopen error [Errno 111] Connection refused>
g001187: URLError: <urlopen error [Errno 111] Connection refused>
g001088: URLError: <urlopen error [Errno 111] Connection refused>
g001090: URLError: <urlopen error [Errno 111] Connection refused>
g001094: URLError: <urlopen error [Errno 111] Connection refused>
g001092: URLError: <urlopen error [Errno 111] Connection refused>
g001191: URLError: <urlopen error [Errno 111] Connection refused>
g001233: URLError: <urlopen error [Errno 111] Connection refused>
g001098: URLError: <urlopen error [Errno 111] Connection refused>
g001096: URLError: <urlopen error [Errno 111] Connection refused>
g001237: URLError: <urlopen error [Errno 111] Connection refused>
g001102: URLError: <urlopen error [Errno 111] Connection refused>
g001195: URLError: <urlopen error [Errno 111] Connection refused>
g001106: URLError: <urlopen error [Errno 111] Connection refused>
g001100: URLError: <urlopen error [Errno 111] Connection refused>
g001241: URLError: <urlopen error [Errno 111] Connection refused>
g001199: URLError: <urlopen error [Errno 111] Connection refused>
g001110: URLError: <urlopen error [Errno 111] Connection refused>
g001104: URLError: <urlopen error [Errno 111] Connection refused>
g001245: URLError: <urlopen error [Errno 111] Connection refused>
g001203: URLError: <urlopen error [Errno 111] Connection refused>
g001114: URLError: <urlopen error [Errno 111] Connection refused>
g001108: URLError: <urlopen error [Errno 111] Connection refused>
g001249: URLError: <urlopen error [Errno 111] Connection refused>
g001207: URLError: <urlopen error [Errno 111] Connection refused>
g001253: URLError: <urlopen error [Errno 111] Connection refused>
g001118: URLError: <urlopen error [Errno 111] Connection refused>
g001112: URLError: <urlopen error [Errno 111] Connection refused>
g001211: URLError: <urlopen error [Errno 111] Connection refused>
g001257: URLError: <urlopen error [Errno 111] Connection refused>
g001122: URLError: <urlopen error [Errno 111] Connection refused>
g001116: URLError: <urlopen error [Errno 111] Connection refused>
g001215: URLError: <urlopen error [Errno 111] Connection refused>
g001261: URLError: <urlopen error [Errno 111] Connection refused>
g001120: URLError: <urlopen error [Errno 111] Connection refused>
g001126: URLError: <urlopen error [Errno 111] Connection refused>
g001219: URLError: <urlopen error [Errno 111] Connection refused>
g001265: URLError: <urlopen error [Errno 111] Connection refused>
g001124: URLError: <urlopen error [Errno 111] Connection refused>
g001130: URLError: <urlopen error [Errno 111] Connection refused>
g001223: URLError: <urlopen error [Errno 111] Connection refused>
g001269: URLError: <urlopen error [Errno 111] Connection refused>
g001128: URLError: <urlopen error [Errno 111] Connection refused>
g001227: URLError: <urlopen error [Errno 111] Connection refused>
g001134: URLError: <urlopen error [Errno 111] Connection refused>
g001273: URLError: <urlopen error [Errno 111] Connection refused>
g001132: URLError: <urlopen error [Errno 111] Connection refused>
g001231: URLError: <urlopen error [Errno 111] Connection refused>
g001277: URLError: <urlopen error [Errno 111] Connection refused>
g001138: URLError: <urlopen error [Errno 111] Connection refused>
g001136: URLError: <urlopen error [Errno 111] Connection refused>
g001235: URLError: <urlopen error [Errno 111] Connection refused>
g001281: URLError: <urlopen error [Errno 111] Connection refused>
g001142: URLError: <urlopen error [Errno 111] Connection refused>
g001239: URLError: <urlopen error [Errno 111] Connection refused>
g001285: URLError: <urlopen error [Errno 111] Connection refused>
g001140: URLError: <urlopen error [Errno 111] Connection refused>
g001146: URLError: <urlopen error [Errno 111] Connection refused>
g001289: URLError: <urlopen error [Errno 111] Connection refused>
g001243: URLError: <urlopen error [Errno 111] Connection refused>
g001144: URLError: <urlopen error [Errno 111] Connection refused>
g001150: URLError: <urlopen error [Errno 111] Connection refused>
g001148: URLError: <urlopen error [Errno 111] Connection refused>
g001293: URLError: <urlopen error [Errno 111] Connection refused>
g001247: URLError: <urlopen error [Errno 111] Connection refused>
g001154: URLError: <urlopen error [Errno 111] Connection refused>
g001297: URLError: <urlopen error [Errno 111] Connection refused>
g001251: URLError: <urlopen error [Errno 111] Connection refused>
g001152: URLError: <urlopen error [Errno 111] Connection refused>
g001158: URLError: <urlopen error [Errno 111] Connection refused>
g001156: URLError: <urlopen error [Errno 111] Connection refused>
g001301: URLError: <urlopen error [Errno 111] Connection refused>
g001255: URLError: <urlopen error [Errno 111] Connection refused>
g001162: URLError: <urlopen error [Errno 111] Connection refused>
g001160: URLError: <urlopen error [Errno 111] Connection refused>
g001305: URLError: <urlopen error [Errno 111] Connection refused>
g001259: URLError: <urlopen error [Errno 111] Connection refused>
g001166: URLError: <urlopen error [Errno 111] Connection refused>
g001164: URLError: <urlopen error [Errno 111] Connection refused>
g001263: URLError: <urlopen error [Errno 111] Connection refused>
g001309: URLError: <urlopen error [Errno 111] Connection refused>
g001170: URLError: <urlopen error [Errno 111] Connection refused>
g001168: URLError: <urlopen error [Errno 111] Connection refused>
g001267: URLError: <urlopen error [Errno 111] Connection refused>
g001313: URLError: <urlopen error [Errno 111] Connection refused>
g001174: URLError: <urlopen error [Errno 111] Connection refused>
g001172: URLError: <urlopen error [Errno 111] Connection refused>
g001317: URLError: <urlopen error [Errno 111] Connection refused>
g001271: URLError: <urlopen error [Errno 111] Connection refused>
g001178: URLError: <urlopen error [Errno 111] Connection refused>
g001176: URLError: <urlopen error [Errno 111] Connection refused>
g001321: URLError: <urlopen error [Errno 111] Connection refused>
g001275: URLError: <urlopen error [Errno 111] Connection refused>
g001182: URLError: <urlopen error [Errno 111] Connection refused>
g001180: URLError: <urlopen error [Errno 111] Connection refused>
g001325: URLError: <urlopen error [Errno 111] Connection refused>
g001279: URLError: <urlopen error [Errno 111] Connection refused>
g001186: URLError: <urlopen error [Errno 111] Connection refused>
g001184: URLError: <urlopen error [Errno 111] Connection refused>
g001329: URLError: <urlopen error [Errno 111] Connection refused>
g001283: URLError: <urlopen error [Errno 111] Connection refused>
g001190: URLError: <urlopen error [Errno 111] Connection refused>
g001188: URLError: <urlopen error [Errno 111] Connection refused>
g001333: URLError: <urlopen error [Errno 111] Connection refused>
g001287: URLError: <urlopen error [Errno 111] Connection refused>
g001194: URLError: <urlopen error [Errno 111] Connection refused>
g001192: URLError: <urlopen error [Errno 111] Connection refused>
g001291: URLError: <urlopen error [Errno 111] Connection refused>
g001337: URLError: <urlopen error [Errno 111] Connection refused>
g001198: URLError: <urlopen error [Errno 111] Connection refused>
g001295: URLError: <urlopen error [Errno 111] Connection refused>
g001341: URLError: <urlopen error [Errno 111] Connection refused>
g001196: URLError: <urlopen error [Errno 111] Connection refused>
g001202: URLError: <urlopen error [Errno 111] Connection refused>
g001200: URLError: <urlopen error [Errno 111] Connection refused>
g001345: URLError: <urlopen error [Errno 111] Connection refused>
g001299: URLError: <urlopen error [Errno 111] Connection refused>
g001206: URLError: <urlopen error [Errno 111] Connection refused>
g001204: URLError: <urlopen error [Errno 111] Connection refused>
g001349: URLError: <urlopen error [Errno 111] Connection refused>
g001303: URLError: <urlopen error [Errno 111] Connection refused>
g001210: URLError: <urlopen error [Errno 111] Connection refused>
g001353: URLError: <urlopen error [Errno 111] Connection refused>
g001208: URLError: <urlopen error [Errno 111] Connection refused>
g001307: URLError: <urlopen error [Errno 111] Connection refused>
g001357: URLError: <urlopen error [Errno 111] Connection refused>
g001212: URLError: <urlopen error [Errno 111] Connection refused>
g001214: URLError: <urlopen error [Errno 111] Connection refused>
g001311: URLError: <urlopen error [Errno 111] Connection refused>
g001315: URLError: <urlopen error [Errno 111] Connection refused>
g001361: URLError: <urlopen error [Errno 111] Connection refused>
g001218: URLError: <urlopen error [Errno 111] Connection refused>
g001216: URLError: <urlopen error [Errno 111] Connection refused>
g001319: URLError: <urlopen error [Errno 111] Connection refused>
g001365: URLError: <urlopen error [Errno 111] Connection refused>
g001222: URLError: <urlopen error [Errno 111] Connection refused>
g001220: URLError: <urlopen error [Errno 111] Connection refused>
g001323: URLError: <urlopen error [Errno 111] Connection refused>
g001224: URLError: <urlopen error [Errno 111] Connection refused>
g001369: URLError: <urlopen error [Errno 111] Connection refused>
g001226: URLError: <urlopen error [Errno 111] Connection refused>
g001230: URLError: <urlopen error [Errno 111] Connection refused>
g001228: URLError: <urlopen error [Errno 111] Connection refused>
g001373: URLError: <urlopen error [Errno 111] Connection refused>
g001327: URLError: <urlopen error [Errno 111] Connection refused>
g001232: URLError: <urlopen error [Errno 111] Connection refused>
g001234: URLError: <urlopen error [Errno 111] Connection refused>
g001377: URLError: <urlopen error [Errno 111] Connection refused>
g001331: URLError: <urlopen error [Errno 111] Connection refused>
g001236: URLError: <urlopen error [Errno 111] Connection refused>
g001238: URLError: <urlopen error [Errno 111] Connection refused>
g001381: URLError: <urlopen error [Errno 111] Connection refused>
g001335: URLError: <urlopen error [Errno 111] Connection refused>
g001240: URLError: <urlopen error [Errno 111] Connection refused>
g001242: URLError: <urlopen error [Errno 111] Connection refused>
g001385: URLError: <urlopen error [Errno 111] Connection refused>
g001244: URLError: <urlopen error [Errno 111] Connection refused>
g001339: URLError: <urlopen error [Errno 111] Connection refused>
g001246: URLError: <urlopen error [Errno 111] Connection refused>
g001389: URLError: <urlopen error [Errno 111] Connection refused>
g001248: URLError: <urlopen error [Errno 111] Connection refused>
g001250: URLError: <urlopen error [Errno 111] Connection refused>
g001343: URLError: <urlopen error [Errno 111] Connection refused>
g001393: URLError: <urlopen error [Errno 111] Connection refused>
g001252: URLError: <urlopen error [Errno 111] Connection refused>
g001254: URLError: <urlopen error [Errno 111] Connection refused>
g001397: URLError: <urlopen error [Errno 111] Connection refused>
g001347: URLError: <urlopen error [Errno 111] Connection refused>
g001256: URLError: <urlopen error [Errno 111] Connection refused>
g001258: URLError: <urlopen error [Errno 111] Connection refused>
g001401: URLError: <urlopen error [Errno 111] Connection refused>
g001351: URLError: <urlopen error [Errno 111] Connection refused>
g001260: URLError: <urlopen error [Errno 111] Connection refused>
g001262: URLError: <urlopen error [Errno 111] Connection refused>
g001405: URLError: <urlopen error [Errno 111] Connection refused>
g001264: URLError: <urlopen error [Errno 111] Connection refused>
g001355: URLError: <urlopen error [Errno 111] Connection refused>
g001409: URLError: <urlopen error [Errno 111] Connection refused>
g001266: URLError: <urlopen error [Errno 111] Connection refused>
g001268: URLError: <urlopen error [Errno 111] Connection refused>
g001359: URLError: <urlopen error [Errno 111] Connection refused>
g001270: URLError: <urlopen error [Errno 111] Connection refused>
g001413: URLError: <urlopen error [Errno 111] Connection refused>
g001272: URLError: <urlopen error [Errno 111] Connection refused>
g001274: URLError: <urlopen error [Errno 111] Connection refused>
g001417: URLError: <urlopen error [Errno 111] Connection refused>
g001363: URLError: <urlopen error [Errno 111] Connection refused>
g001276: URLError: <urlopen error [Errno 111] Connection refused>
g001278: URLError: <urlopen error [Errno 111] Connection refused>
g001421: URLError: <urlopen error [Errno 111] Connection refused>
g001367: URLError: <urlopen error [Errno 111] Connection refused>
g001280: URLError: <urlopen error [Errno 111] Connection refused>
g001282: URLError: <urlopen error [Errno 111] Connection refused>
g001284: URLError: <urlopen error [Errno 111] Connection refused>
g001371: URLError: <urlopen error [Errno 111] Connection refused>
g001425: URLError: <urlopen error [Errno 111] Connection refused>
g001286: URLError: <urlopen error [Errno 111] Connection refused>
g001288: URLError: <urlopen error [Errno 111] Connection refused>
g001375: URLError: <urlopen error [Errno 111] Connection refused>
g001429: URLError: <urlopen error [Errno 111] Connection refused>
g001292: URLError: <urlopen error [Errno 111] Connection refused>
g001290: URLError: <urlopen error [Errno 111] Connection refused>
g001379: URLError: <urlopen error [Errno 111] Connection refused>
g001433: URLError: <urlopen error [Errno 111] Connection refused>
g001296: URLError: <urlopen error [Errno 111] Connection refused>
g001294: URLError: <urlopen error [Errno 111] Connection refused>
g001383: URLError: <urlopen error [Errno 111] Connection refused>
g001437: URLError: <urlopen error [Errno 111] Connection refused>
g001300: URLError: <urlopen error [Errno 111] Connection refused>
g001298: URLError: <urlopen error [Errno 111] Connection refused>
g001387: URLError: <urlopen error [Errno 111] Connection refused>
g001441: URLError: <urlopen error [Errno 111] Connection refused>
g001304: URLError: <urlopen error [Errno 111] Connection refused>
g001302: URLError: <urlopen error [Errno 111] Connection refused>
g001391: URLError: <urlopen error [Errno 111] Connection refused>
g001308: URLError: <urlopen error [Errno 111] Connection refused>
g001306: URLError: <urlopen error [Errno 111] Connection refused>
g001445: URLError: <urlopen error [Errno 111] Connection refused>
g001312: URLError: <urlopen error [Errno 111] Connection refused>
g001310: URLError: <urlopen error [Errno 111] Connection refused>
g001395: URLError: <urlopen error [Errno 111] Connection refused>
g001449: URLError: <urlopen error [Errno 111] Connection refused>
g001314: URLError: <urlopen error [Errno 111] Connection refused>
g001316: URLError: <urlopen error [Errno 111] Connection refused>
g001399: URLError: <urlopen error [Errno 111] Connection refused>
g001453: URLError: <urlopen error [Errno 111] Connection refused>
g001318: URLError: <urlopen error [Errno 111] Connection refused>
g001320: URLError: <urlopen error [Errno 111] Connection refused>
g001403: URLError: <urlopen error [Errno 111] Connection refused>
g001457: URLError: <urlopen error [Errno 111] Connection refused>
g001324: URLError: <urlopen error [Errno 111] Connection refused>
g001322: URLError: <urlopen error [Errno 111] Connection refused>
g001461: URLError: <urlopen error [Errno 111] Connection refused>
g001407: URLError: <urlopen error [Errno 111] Connection refused>
g001328: URLError: <urlopen error [Errno 111] Connection refused>
g001326: URLError: <urlopen error [Errno 111] Connection refused>
g001411: URLError: <urlopen error [Errno 111] Connection refused>
g001465: URLError: <urlopen error [Errno 111] Connection refused>
g001332: URLError: <urlopen error [Errno 111] Connection refused>
g001330: URLError: <urlopen error [Errno 111] Connection refused>
g001415: URLError: <urlopen error [Errno 111] Connection refused>
g001469: URLError: <urlopen error [Errno 111] Connection refused>
g001334: URLError: <urlopen error [Errno 111] Connection refused>
g001336: URLError: <urlopen error [Errno 111] Connection refused>
g001419: URLError: <urlopen error [Errno 111] Connection refused>
g001338: URLError: <urlopen error [Errno 111] Connection refused>
g001473: URLError: <urlopen error [Errno 111] Connection refused>
g001340: URLError: <urlopen error [Errno 111] Connection refused>
g001423: URLError: <urlopen error [Errno 111] Connection refused>
g001342: URLError: <urlopen error [Errno 111] Connection refused>
g001344: URLError: <urlopen error [Errno 111] Connection refused>
g001477: URLError: <urlopen error [Errno 111] Connection refused>
g001427: URLError: <urlopen error [Errno 111] Connection refused>
g001346: URLError: <urlopen error [Errno 111] Connection refused>
g001481: URLError: <urlopen error [Errno 111] Connection refused>
g001348: URLError: <urlopen error [Errno 111] Connection refused>
g001350: URLError: <urlopen error [Errno 111] Connection refused>
g001431: URLError: <urlopen error [Errno 111] Connection refused>
g001485: URLError: <urlopen error [Errno 111] Connection refused>
g001352: URLError: <urlopen error [Errno 111] Connection refused>
g001354: URLError: <urlopen error [Errno 111] Connection refused>
g001356: URLError: <urlopen error [Errno 111] Connection refused>
g001435: URLError: <urlopen error [Errno 111] Connection refused>
g001489: URLError: <urlopen error [Errno 111] Connection refused>
g001358: URLError: <urlopen error [Errno 111] Connection refused>
g001360: URLError: <urlopen error [Errno 111] Connection refused>
g001493: URLError: <urlopen error [Errno 111] Connection refused>
g001439: URLError: <urlopen error [Errno 111] Connection refused>
g001362: URLError: <urlopen error [Errno 111] Connection refused>
g001364: URLError: <urlopen error [Errno 111] Connection refused>
g001443: URLError: <urlopen error [Errno 111] Connection refused>
g001497: URLError: <urlopen error [Errno 111] Connection refused>
g001366: URLError: <urlopen error [Errno 111] Connection refused>
g001368: URLError: <urlopen error [Errno 111] Connection refused>
g001447: URLError: <urlopen error [Errno 111] Connection refused>
g001501: URLError: <urlopen error [Errno 111] Connection refused>
g001372: URLError: <urlopen error [Errno 111] Connection refused>
g001370: URLError: <urlopen error [Errno 111] Connection refused>
g001451: URLError: <urlopen error [Errno 111] Connection refused>
g001505: URLError: <urlopen error [Errno 111] Connection refused>
g001376: URLError: <urlopen error [Errno 111] Connection refused>
g001374: URLError: <urlopen error [Errno 111] Connection refused>
g001455: URLError: <urlopen error [Errno 111] Connection refused>
g001509: URLError: <urlopen error [Errno 111] Connection refused>
g001380: URLError: <urlopen error [Errno 111] Connection refused>
g001378: URLError: <urlopen error [Errno 111] Connection refused>
g001459: URLError: <urlopen error [Errno 111] Connection refused>
g001513: URLError: <urlopen error [Errno 111] Connection refused>
g001384: URLError: <urlopen error [Errno 111] Connection refused>
g001382: URLError: <urlopen error [Errno 111] Connection refused>
g001517: URLError: <urlopen error [Errno 111] Connection refused>
g001463: URLError: <urlopen error [Errno 111] Connection refused>
g001388: URLError: <urlopen error [Errno 111] Connection refused>
g001386: URLError: <urlopen error [Errno 111] Connection refused>
g001521: URLError: <urlopen error [Errno 111] Connection refused>
g001467: URLError: <urlopen error [Errno 111] Connection refused>
g001392: URLError: <urlopen error [Errno 111] Connection refused>
g001390: URLError: <urlopen error [Errno 111] Connection refused>
g001471: URLError: <urlopen error [Errno 111] Connection refused>
g001396: URLError: <urlopen error [Errno 111] Connection refused>
g001394: URLError: <urlopen error [Errno 111] Connection refused>
g001525: URLError: <urlopen error [Errno 111] Connection refused>
g001400: URLError: <urlopen error [Errno 111] Connection refused>
g001398: URLError: <urlopen error [Errno 111] Connection refused>
g001475: URLError: <urlopen error [Errno 111] Connection refused>
g001529: URLError: <urlopen error [Errno 111] Connection refused>
g001402: URLError: <urlopen error [Errno 111] Connection refused>
g001404: URLError: <urlopen error [Errno 111] Connection refused>
g001533: URLError: <urlopen error [Errno 111] Connection refused>
g001406: URLError: <urlopen error [Errno 111] Connection refused>
g001408: URLError: <urlopen error [Errno 111] Connection refused>
g001479: URLError: <urlopen error [Errno 111] Connection refused>
g001537: URLError: <urlopen error [Errno 111] Connection refused>
g001410: URLError: <urlopen error [Errno 111] Connection refused>
g001412: URLError: <urlopen error [Errno 111] Connection refused>
g001541: URLError: <urlopen error [Errno 111] Connection refused>
g001483: URLError: <urlopen error [Errno 111] Connection refused>
g001414: URLError: <urlopen error [Errno 111] Connection refused>
g001416: URLError: <urlopen error [Errno 111] Connection refused>
g001545: URLError: <urlopen error [Errno 111] Connection refused>
g001487: URLError: <urlopen error [Errno 111] Connection refused>
g001418: URLError: <urlopen error [Errno 111] Connection refused>
g001420: URLError: <urlopen error [Errno 111] Connection refused>
g001549: URLError: <urlopen error [Errno 111] Connection refused>
g001422: URLError: <urlopen error [Errno 111] Connection refused>
g001491: URLError: <urlopen error [Errno 111] Connection refused>
g001424: URLError: <urlopen error [Errno 111] Connection refused>
g001553: URLError: <urlopen error [Errno 111] Connection refused>
g001426: URLError: <urlopen error [Errno 111] Connection refused>
g001428: URLError: <urlopen error [Errno 111] Connection refused>
g001557: URLError: <urlopen error [Errno 111] Connection refused>
g001495: URLError: <urlopen error [Errno 111] Connection refused>
g001430: URLError: <urlopen error [Errno 111] Connection refused>
g001432: URLError: <urlopen error [Errno 111] Connection refused>
g001561: URLError: <urlopen error [Errno 111] Connection refused>
g001434: URLError: <urlopen error [Errno 111] Connection refused>
g001436: URLError: <urlopen error [Errno 111] Connection refused>
g001499: URLError: <urlopen error [Errno 111] Connection refused>
g001438: URLError: <urlopen error [Errno 111] Connection refused>
g001565: URLError: <urlopen error [Errno 111] Connection refused>
g001503: URLError: <urlopen error [Errno 111] Connection refused>
g001440: URLError: <urlopen error [Errno 111] Connection refused>
g001507: URLError: <urlopen error [Errno 111] Connection refused>
g001442: URLError: <urlopen error [Errno 111] Connection refused>
g001444: URLError: <urlopen error [Errno 111] Connection refused>
g001569: URLError: <urlopen error [Errno 111] Connection refused>
g001511: URLError: <urlopen error [Errno 111] Connection refused>
g001446: URLError: <urlopen error [Errno 111] Connection refused>
g001448: URLError: <urlopen error [Errno 111] Connection refused>
g001515: URLError: <urlopen error [Errno 111] Connection refused>
g001573: URLError: <urlopen error [Errno 111] Connection refused>
g001450: URLError: <urlopen error [Errno 111] Connection refused>
g001519: URLError: <urlopen error [Errno 111] Connection refused>
g001452: URLError: <urlopen error [Errno 111] Connection refused>
g001577: URLError: <urlopen error [Errno 111] Connection refused>
g001523: URLError: <urlopen error [Errno 111] Connection refused>
g001454: URLError: <urlopen error [Errno 111] Connection refused>
g001527: URLError: <urlopen error [Errno 111] Connection refused>
g001456: URLError: <urlopen error [Errno 111] Connection refused>
g001581: URLError: <urlopen error [Errno 111] Connection refused>
g001458: URLError: <urlopen error [Errno 111] Connection refused>
g001531: URLError: <urlopen error [Errno 111] Connection refused>
g001460: URLError: <urlopen error [Errno 111] Connection refused>
g001585: URLError: <urlopen error [Errno 111] Connection refused>
g001462: URLError: <urlopen error [Errno 111] Connection refused>
g001535: URLError: <urlopen error [Errno 111] Connection refused>
g001464: URLError: <urlopen error [Errno 111] Connection refused>
g001466: URLError: <urlopen error [Errno 111] Connection refused>
g001589: URLError: <urlopen error [Errno 111] Connection refused>
g001539: URLError: <urlopen error [Errno 111] Connection refused>
g001468: URLError: <urlopen error [Errno 111] Connection refused>
g001543: URLError: <urlopen error [Errno 111] Connection refused>
g001470: URLError: <urlopen error [Errno 111] Connection refused>
g001593: URLError: <urlopen error [Errno 111] Connection refused>
g001472: URLError: <urlopen error [Errno 111] Connection refused>
g001547: URLError: <urlopen error [Errno 111] Connection refused>
g001474: URLError: <urlopen error [Errno 111] Connection refused>
g001551: URLError: <urlopen error [Errno 111] Connection refused>
g001597: URLError: <urlopen error [Errno 111] Connection refused>
g001476: URLError: <urlopen error [Errno 111] Connection refused>
g001555: URLError: <urlopen error [Errno 111] Connection refused>
g001478: URLError: <urlopen error [Errno 111] Connection refused>
g001601: URLError: <urlopen error [Errno 111] Connection refused>
g001480: URLError: <urlopen error [Errno 111] Connection refused>
g001559: URLError: <urlopen error [Errno 111] Connection refused>
g001482: URLError: <urlopen error [Errno 111] Connection refused>
g001563: URLError: <urlopen error [Errno 111] Connection refused>
g001484: URLError: <urlopen error [Errno 111] Connection refused>
g001605: URLError: <urlopen error [Errno 111] Connection refused>
g001486: URLError: <urlopen error [Errno 111] Connection refused>
g001567: URLError: <urlopen error [Errno 111] Connection refused>
g001609: URLError: <urlopen error [Errno 111] Connection refused>
g001571: URLError: <urlopen error [Errno 111] Connection refused>
g001490: URLError: <urlopen error [Errno 111] Connection refused>
g001488: URLError: <urlopen error [Errno 111] Connection refused>
g001613: URLError: <urlopen error [Errno 111] Connection refused>
g001575: URLError: <urlopen error [Errno 111] Connection refused>
g001494: URLError: <urlopen error [Errno 111] Connection refused>
g001579: URLError: <urlopen error [Errno 111] Connection refused>
g001617: URLError: <urlopen error [Errno 111] Connection refused>
g001492: URLError: <urlopen error [Errno 111] Connection refused>
g001498: URLError: <urlopen error [Errno 111] Connection refused>
g001583: URLError: <urlopen error [Errno 111] Connection refused>
g001621: URLError: <urlopen error [Errno 111] Connection refused>
g001587: URLError: <urlopen error [Errno 111] Connection refused>
g001502: URLError: <urlopen error [Errno 111] Connection refused>
g001591: URLError: <urlopen error [Errno 111] Connection refused>
g001625: URLError: <urlopen error [Errno 111] Connection refused>
g001506: URLError: <urlopen error [Errno 111] Connection refused>
g001595: URLError: <urlopen error [Errno 111] Connection refused>
g001599: URLError: <urlopen error [Errno 111] Connection refused>
g001629: URLError: <urlopen error [Errno 111] Connection refused>
g001510: URLError: <urlopen error [Errno 111] Connection refused>
g001603: URLError: <urlopen error [Errno 111] Connection refused>
g001633: URLError: <urlopen error [Errno 111] Connection refused>
g001514: URLError: <urlopen error [Errno 111] Connection refused>
g001607: URLError: <urlopen error [Errno 111] Connection refused>
g001637: URLError: <urlopen error [Errno 111] Connection refused>
g001611: URLError: <urlopen error [Errno 111] Connection refused>
g001518: URLError: <urlopen error [Errno 111] Connection refused>
g001615: URLError: <urlopen error [Errno 111] Connection refused>
g001641: URLError: <urlopen error [Errno 111] Connection refused>
g001522: URLError: <urlopen error [Errno 111] Connection refused>
g001619: URLError: <urlopen error [Errno 111] Connection refused>
g001645: URLError: <urlopen error [Errno 111] Connection refused>
g001623: URLError: <urlopen error [Errno 111] Connection refused>
g001526: URLError: <urlopen error [Errno 111] Connection refused>
g001627: URLError: <urlopen error [Errno 111] Connection refused>
g001649: URLError: <urlopen error [Errno 111] Connection refused>
g001530: URLError: <urlopen error [Errno 111] Connection refused>
g001631: URLError: <urlopen error [Errno 111] Connection refused>
g001635: URLError: <urlopen error [Errno 111] Connection refused>
g001653: URLError: <urlopen error [Errno 111] Connection refused>
g001534: URLError: <urlopen error [Errno 111] Connection refused>
g001639: URLError: <urlopen error [Errno 111] Connection refused>
g001657: URLError: <urlopen error [Errno 111] Connection refused>
g001538: URLError: <urlopen error [Errno 111] Connection refused>
g001643: URLError: <urlopen error [Errno 111] Connection refused>
g001647: URLError: <urlopen error [Errno 111] Connection refused>
g001661: URLError: <urlopen error [Errno 111] Connection refused>
g001542: URLError: <urlopen error [Errno 111] Connection refused>
g001651: URLError: <urlopen error [Errno 111] Connection refused>
g001665: URLError: <urlopen error [Errno 111] Connection refused>
g001655: URLError: <urlopen error [Errno 111] Connection refused>
g001546: URLError: <urlopen error [Errno 111] Connection refused>
g001659: URLError: <urlopen error [Errno 111] Connection refused>
g001669: URLError: <urlopen error [Errno 111] Connection refused>
g001663: URLError: <urlopen error [Errno 111] Connection refused>
g001550: URLError: <urlopen error [Errno 111] Connection refused>
g001667: URLError: <urlopen error [Errno 111] Connection refused>
g001673: URLError: <urlopen error [Errno 111] Connection refused>
g001554: URLError: <urlopen error [Errno 111] Connection refused>
g001671: URLError: <urlopen error [Errno 111] Connection refused>
g001675: URLError: <urlopen error [Errno 111] Connection refused>
g001677: URLError: <urlopen error [Errno 111] Connection refused>
g001558: URLError: <urlopen error [Errno 111] Connection refused>
g001679: URLError: <urlopen error [Errno 111] Connection refused>
g001683: URLError: <urlopen error [Errno 111] Connection refused>
g001681: URLError: <urlopen error [Errno 111] Connection refused>
g001562: URLError: <urlopen error [Errno 111] Connection refused>
g001687: URLError: <urlopen error [Errno 111] Connection refused>
g001496: URLError: <urlopen error [Errno 111] Connection refused>
g001691: URLError: <urlopen error [Errno 111] Connection refused>
g001685: URLError: <urlopen error [Errno 111] Connection refused>
g001566: URLError: <urlopen error [Errno 111] Connection refused>
g001695: URLError: <urlopen error [Errno 111] Connection refused>
g001500: URLError: <urlopen error [Errno 111] Connection refused>
g001699: URLError: <urlopen error [Errno 111] Connection refused>
g001570: URLError: <urlopen error [Errno 111] Connection refused>
g001689: URLError: <urlopen error [Errno 111] Connection refused>
g001703: URLError: <urlopen error [Errno 111] Connection refused>
g001707: URLError: <urlopen error [Errno 111] Connection refused>
g001574: URLError: <urlopen error [Errno 111] Connection refused>
g001693: URLError: <urlopen error [Errno 111] Connection refused>
g001504: URLError: <urlopen error [Errno 111] Connection refused>
g001711: URLError: <urlopen error [Errno 111] Connection refused>
g001715: URLError: <urlopen error [Errno 111] Connection refused>
g001578: URLError: <urlopen error [Errno 111] Connection refused>
g001697: URLError: <urlopen error [Errno 111] Connection refused>
g001508: URLError: <urlopen error [Errno 111] Connection refused>
g001719: URLError: <urlopen error [Errno 111] Connection refused>
g001723: URLError: <urlopen error [Errno 111] Connection refused>
g001582: URLError: <urlopen error [Errno 111] Connection refused>
g001701: URLError: <urlopen error [Errno 111] Connection refused>
g001727: URLError: <urlopen error [Errno 111] Connection refused>
g001512: URLError: <urlopen error [Errno 111] Connection refused>
g001586: URLError: <urlopen error [Errno 111] Connection refused>
g001705: URLError: <urlopen error [Errno 111] Connection refused>
g001516: URLError: <urlopen error [Errno 111] Connection refused>
g001590: URLError: <urlopen error [Errno 111] Connection refused>
g001709: URLError: <urlopen error [Errno 111] Connection refused>
g001520: URLError: <urlopen error [Errno 111] Connection refused>
g001594: URLError: <urlopen error [Errno 111] Connection refused>
g001713: URLError: <urlopen error [Errno 111] Connection refused>
g001524: URLError: <urlopen error [Errno 111] Connection refused>
g001598: URLError: <urlopen error [Errno 111] Connection refused>
g001717: URLError: <urlopen error [Errno 111] Connection refused>
g001731: URLError: <urlopen error [Errno 111] Connection refused>
g001528: URLError: <urlopen error [Errno 111] Connection refused>
g001602: URLError: <urlopen error [Errno 111] Connection refused>
g001721: URLError: <urlopen error [Errno 111] Connection refused>
g001735: URLError: <urlopen error [Errno 111] Connection refused>
g001532: URLError: <urlopen error [Errno 111] Connection refused>
g001725: URLError: <urlopen error [Errno 111] Connection refused>
g001606: URLError: <urlopen error [Errno 111] Connection refused>
g001739: URLError: <urlopen error [Errno 111] Connection refused>
g001610: URLError: <urlopen error [Errno 111] Connection refused>
g001729: URLError: <urlopen error [Errno 111] Connection refused>
g001743: URLError: <urlopen error [Errno 111] Connection refused>
g001747: URLError: <urlopen error [Errno 111] Connection refused>
g001536: URLError: <urlopen error [Errno 111] Connection refused>
g001733: URLError: <urlopen error [Errno 111] Connection refused>
g001614: URLError: <urlopen error [Errno 111] Connection refused>
g001751: URLError: <urlopen error [Errno 111] Connection refused>
g001618: URLError: <urlopen error [Errno 111] Connection refused>
g001737: URLError: <urlopen error [Errno 111] Connection refused>
g001540: URLError: <urlopen error [Errno 111] Connection refused>
g001755: URLError: <urlopen error [Errno 111] Connection refused>
g001622: URLError: <urlopen error [Errno 111] Connection refused>
g001741: URLError: <urlopen error [Errno 111] Connection refused>
g001759: URLError: <urlopen error [Errno 111] Connection refused>
g001626: URLError: <urlopen error [Errno 111] Connection refused>
g001544: URLError: <urlopen error [Errno 111] Connection refused>
g001745: URLError: <urlopen error [Errno 111] Connection refused>
g001763: URLError: <urlopen error [Errno 111] Connection refused>
g001630: URLError: <urlopen error [Errno 111] Connection refused>
g001749: URLError: <urlopen error [Errno 111] Connection refused>
g001548: URLError: <urlopen error [Errno 111] Connection refused>
g001767: URLError: <urlopen error [Errno 111] Connection refused>
g001634: URLError: <urlopen error [Errno 111] Connection refused>
g001753: URLError: <urlopen error [Errno 111] Connection refused>
g001552: URLError: <urlopen error [Errno 111] Connection refused>
g001771: URLError: <urlopen error [Errno 111] Connection refused>
g001638: URLError: <urlopen error [Errno 111] Connection refused>
g001775: URLError: <urlopen error [Errno 111] Connection refused>
g001757: URLError: <urlopen error [Errno 111] Connection refused>
g001556: URLError: <urlopen error [Errno 111] Connection refused>
g001642: URLError: <urlopen error [Errno 111] Connection refused>
g001779: URLError: <urlopen error [Errno 111] Connection refused>
g001761: URLError: <urlopen error [Errno 111] Connection refused>
g001560: URLError: <urlopen error [Errno 111] Connection refused>
g001646: URLError: <urlopen error [Errno 111] Connection refused>
g001783: URLError: <urlopen error [Errno 111] Connection refused>
g001765: URLError: <urlopen error [Errno 111] Connection refused>
g001650: URLError: <urlopen error [Errno 111] Connection refused>
g001564: URLError: <urlopen error [Errno 111] Connection refused>
g001787: URLError: <urlopen error [Errno 111] Connection refused>
g001654: URLError: <urlopen error [Errno 111] Connection refused>
g001769: URLError: <urlopen error [Errno 111] Connection refused>
g001568: URLError: <urlopen error [Errno 111] Connection refused>
g001791: URLError: <urlopen error [Errno 111] Connection refused>
g001795: URLError: <urlopen error [Errno 111] Connection refused>
g001658: URLError: <urlopen error [Errno 111] Connection refused>
g001773: URLError: <urlopen error [Errno 111] Connection refused>
g001572: URLError: <urlopen error [Errno 111] Connection refused>
g001799: URLError: <urlopen error [Errno 111] Connection refused>
g001662: URLError: <urlopen error [Errno 111] Connection refused>
g001803: URLError: <urlopen error [Errno 111] Connection refused>
g001777: URLError: <urlopen error [Errno 111] Connection refused>
g001576: URLError: <urlopen error [Errno 111] Connection refused>
g001666: URLError: <urlopen error [Errno 111] Connection refused>
g001781: URLError: <urlopen error [Errno 111] Connection refused>
g001580: URLError: <urlopen error [Errno 111] Connection refused>
g001670: URLError: <urlopen error [Errno 111] Connection refused>
g001785: URLError: <urlopen error [Errno 111] Connection refused>
g001584: URLError: <urlopen error [Errno 111] Connection refused>
g001674: URLError: <urlopen error [Errno 111] Connection refused>
g001789: URLError: <urlopen error [Errno 111] Connection refused>
g001807: URLError: <urlopen error [Errno 111] Connection refused>
g001588: URLError: <urlopen error [Errno 111] Connection refused>
g001678: URLError: <urlopen error [Errno 111] Connection refused>
g001793: URLError: <urlopen error [Errno 111] Connection refused>
g001811: URLError: <urlopen error [Errno 111] Connection refused>
g001592: URLError: <urlopen error [Errno 111] Connection refused>
g001682: URLError: <urlopen error [Errno 111] Connection refused>
g001797: URLError: <urlopen error [Errno 111] Connection refused>
g001815: URLError: <urlopen error [Errno 111] Connection refused>
g001686: URLError: <urlopen error [Errno 111] Connection refused>
g001801: URLError: <urlopen error [Errno 111] Connection refused>
g001596: URLError: <urlopen error [Errno 111] Connection refused>
g001819: URLError: <urlopen error [Errno 111] Connection refused>
g001690: URLError: <urlopen error [Errno 111] Connection refused>
g001805: URLError: <urlopen error [Errno 111] Connection refused>
g001600: URLError: <urlopen error [Errno 111] Connection refused>
g001823: URLError: <urlopen error [Errno 111] Connection refused>
g001694: URLError: <urlopen error [Errno 111] Connection refused>
g001809: URLError: <urlopen error [Errno 111] Connection refused>
g001604: URLError: <urlopen error [Errno 111] Connection refused>
g001698: URLError: <urlopen error [Errno 111] Connection refused>
g001827: URLError: <urlopen error [Errno 111] Connection refused>
g001813: URLError: <urlopen error [Errno 111] Connection refused>
g001608: URLError: <urlopen error [Errno 111] Connection refused>
g001702: URLError: <urlopen error [Errno 111] Connection refused>
g001831: URLError: <urlopen error [Errno 111] Connection refused>
g001817: URLError: <urlopen error [Errno 111] Connection refused>
g001612: URLError: <urlopen error [Errno 111] Connection refused>
g001706: URLError: <urlopen error [Errno 111] Connection refused>
g001835: URLError: <urlopen error [Errno 111] Connection refused>
g001821: URLError: <urlopen error [Errno 111] Connection refused>
g001710: URLError: <urlopen error [Errno 111] Connection refused>
g001616: URLError: <urlopen error [Errno 111] Connection refused>
g001839: URLError: <urlopen error [Errno 111] Connection refused>
g001825: URLError: <urlopen error [Errno 111] Connection refused>
g001714: URLError: <urlopen error [Errno 111] Connection refused>
g001620: URLError: <urlopen error [Errno 111] Connection refused>
g001718: URLError: <urlopen error [Errno 111] Connection refused>
g001829: URLError: <urlopen error [Errno 111] Connection refused>
g001843: URLError: <urlopen error [Errno 111] Connection refused>
g001624: URLError: <urlopen error [Errno 111] Connection refused>
g001833: URLError: <urlopen error [Errno 111] Connection refused>
g001628: URLError: <urlopen error [Errno 111] Connection refused>
g001847: URLError: <urlopen error [Errno 111] Connection refused>
g001851: URLError: <urlopen error [Errno 111] Connection refused>
g001632: URLError: <urlopen error [Errno 111] Connection refused>
g001837: URLError: <urlopen error [Errno 111] Connection refused>
g001636: URLError: <urlopen error [Errno 111] Connection refused>
g001722: URLError: <urlopen error [Errno 111] Connection refused>
g001841: URLError: <urlopen error [Errno 111] Connection refused>
g001855: URLError: <urlopen error [Errno 111] Connection refused>
g001640: URLError: <urlopen error [Errno 111] Connection refused>
g001726: URLError: <urlopen error [Errno 111] Connection refused>
g001845: URLError: <urlopen error [Errno 111] Connection refused>
g001644: URLError: <urlopen error [Errno 111] Connection refused>
g001859: URLError: <urlopen error [Errno 111] Connection refused>
g001730: URLError: <urlopen error [Errno 111] Connection refused>
g001849: URLError: <urlopen error [Errno 111] Connection refused>
g001648: URLError: <urlopen error [Errno 111] Connection refused>
g001863: URLError: <urlopen error [Errno 111] Connection refused>
g001734: URLError: <urlopen error [Errno 111] Connection refused>
g001853: URLError: <urlopen error [Errno 111] Connection refused>
g001652: URLError: <urlopen error [Errno 111] Connection refused>
g001867: URLError: <urlopen error [Errno 111] Connection refused>
g001738: URLError: <urlopen error [Errno 111] Connection refused>
g001857: URLError: <urlopen error [Errno 111] Connection refused>
g001656: URLError: <urlopen error [Errno 111] Connection refused>
g001871: URLError: <urlopen error [Errno 111] Connection refused>
g001742: URLError: <urlopen error [Errno 111] Connection refused>
g001660: URLError: <urlopen error [Errno 111] Connection refused>
g001875: URLError: <urlopen error [Errno 111] Connection refused>
g001861: URLError: <urlopen error [Errno 111] Connection refused>
g001664: URLError: <urlopen error [Errno 111] Connection refused>
g001746: URLError: <urlopen error [Errno 111] Connection refused>
g001879: URLError: <urlopen error [Errno 111] Connection refused>
g001865: URLError: <urlopen error [Errno 111] Connection refused>
g001668: URLError: <urlopen error [Errno 111] Connection refused>
g001750: URLError: <urlopen error [Errno 111] Connection refused>
g001883: URLError: <urlopen error [Errno 111] Connection refused>
g001869: URLError: <urlopen error [Errno 111] Connection refused>
g001672: URLError: <urlopen error [Errno 111] Connection refused>
g001754: URLError: <urlopen error [Errno 111] Connection refused>
g001887: URLError: <urlopen error [Errno 111] Connection refused>
g001873: URLError: <urlopen error [Errno 111] Connection refused>
g001758: URLError: <urlopen error [Errno 111] Connection refused>
g001676: URLError: <urlopen error [Errno 111] Connection refused>
g001762: URLError: <urlopen error [Errno 111] Connection refused>
g001891: URLError: <urlopen error [Errno 111] Connection refused>
g001877: URLError: <urlopen error [Errno 111] Connection refused>
g001680: URLError: <urlopen error [Errno 111] Connection refused>
g001766: URLError: <urlopen error [Errno 111] Connection refused>
g001895: URLError: <urlopen error [Errno 111] Connection refused>
g001881: URLError: <urlopen error [Errno 111] Connection refused>
g001770: URLError: <urlopen error [Errno 111] Connection refused>
g001684: URLError: <urlopen error [Errno 111] Connection refused>
g001774: URLError: <urlopen error [Errno 111] Connection refused>
g001899: URLError: <urlopen error [Errno 111] Connection refused>
g001885: URLError: <urlopen error [Errno 111] Connection refused>
g001688: URLError: <urlopen error [Errno 111] Connection refused>
g001778: URLError: <urlopen error [Errno 111] Connection refused>
g001903: URLError: <urlopen error [Errno 111] Connection refused>
g001782: URLError: <urlopen error [Errno 111] Connection refused>
g001889: URLError: <urlopen error [Errno 111] Connection refused>
g001692: URLError: <urlopen error [Errno 111] Connection refused>
g001786: URLError: <urlopen error [Errno 111] Connection refused>
g001907: URLError: <urlopen error [Errno 111] Connection refused>
g001790: URLError: <urlopen error [Errno 111] Connection refused>
g001696: URLError: <urlopen error [Errno 111] Connection refused>
g001893: URLError: <urlopen error [Errno 111] Connection refused>
g001794: URLError: <urlopen error [Errno 111] Connection refused>
g001911: URLError: <urlopen error [Errno 111] Connection refused>
g001700: URLError: <urlopen error [Errno 111] Connection refused>
g001897: URLError: <urlopen error [Errno 111] Connection refused>
g001798: URLError: <urlopen error [Errno 111] Connection refused>
g001915: URLError: <urlopen error [Errno 111] Connection refused>
g001802: URLError: <urlopen error [Errno 111] Connection refused>
g001704: URLError: <urlopen error [Errno 111] Connection refused>
g001901: URLError: <urlopen error [Errno 111] Connection refused>
g001806: URLError: <urlopen error [Errno 111] Connection refused>
g001919: URLError: <urlopen error [Errno 111] Connection refused>
g001810: URLError: <urlopen error [Errno 111] Connection refused>
g001708: URLError: <urlopen error [Errno 111] Connection refused>
g001905: URLError: <urlopen error [Errno 111] Connection refused>
g001814: URLError: <urlopen error [Errno 111] Connection refused>
g001712: URLError: <urlopen error [Errno 111] Connection refused>
g001923: URLError: <urlopen error [Errno 111] Connection refused>
g001909: URLError: <urlopen error [Errno 111] Connection refused>
g001818: URLError: <urlopen error [Errno 111] Connection refused>
g001927: URLError: <urlopen error [Errno 111] Connection refused>
g001716: URLError: <urlopen error [Errno 111] Connection refused>
g001822: URLError: <urlopen error [Errno 111] Connection refused>
g001913: URLError: <urlopen error [Errno 111] Connection refused>
g001931: URLError: <urlopen error [Errno 111] Connection refused>
g001720: URLError: <urlopen error [Errno 111] Connection refused>
g001826: URLError: <urlopen error [Errno 111] Connection refused>
g001917: URLError: <urlopen error [Errno 111] Connection refused>
g001935: URLError: <urlopen error [Errno 111] Connection refused>
g001724: URLError: <urlopen error [Errno 111] Connection refused>
g001830: URLError: <urlopen error [Errno 111] Connection refused>
g001921: URLError: <urlopen error [Errno 111] Connection refused>
g001939: URLError: <urlopen error [Errno 111] Connection refused>
g001834: URLError: <urlopen error [Errno 111] Connection refused>
g001728: URLError: <urlopen error [Errno 111] Connection refused>
g001925: URLError: <urlopen error [Errno 111] Connection refused>
g001838: URLError: <urlopen error [Errno 111] Connection refused>
g001943: URLError: <urlopen error [Errno 111] Connection refused>
g001732: URLError: <urlopen error [Errno 111] Connection refused>
g001842: URLError: <urlopen error [Errno 111] Connection refused>
g001929: URLError: <urlopen error [Errno 111] Connection refused>
g001846: URLError: <urlopen error [Errno 111] Connection refused>
g001947: URLError: <urlopen error [Errno 111] Connection refused>
g001736: URLError: <urlopen error [Errno 111] Connection refused>
g001933: URLError: <urlopen error [Errno 111] Connection refused>
g001850: URLError: <urlopen error [Errno 111] Connection refused>
g001740: URLError: <urlopen error [Errno 111] Connection refused>
g001951: URLError: <urlopen error [Errno 111] Connection refused>
g001937: URLError: <urlopen error [Errno 111] Connection refused>
g001854: URLError: <urlopen error [Errno 111] Connection refused>
g001744: URLError: <urlopen error [Errno 111] Connection refused>
g001955: URLError: <urlopen error [Errno 111] Connection refused>
g001858: URLError: <urlopen error [Errno 111] Connection refused>
g001941: URLError: <urlopen error [Errno 111] Connection refused>
g001748: URLError: <urlopen error [Errno 111] Connection refused>
g001959: URLError: <urlopen error [Errno 111] Connection refused>
g001862: URLError: <urlopen error [Errno 111] Connection refused>
g001945: URLError: <urlopen error [Errno 111] Connection refused>
g001752: URLError: <urlopen error [Errno 111] Connection refused>
g001866: URLError: <urlopen error [Errno 111] Connection refused>
g001963: URLError: <urlopen error [Errno 111] Connection refused>
g001870: URLError: <urlopen error [Errno 111] Connection refused>
g001949: URLError: <urlopen error [Errno 111] Connection refused>
g001967: URLError: <urlopen error [Errno 111] Connection refused>
g001756: URLError: <urlopen error [Errno 111] Connection refused>
g001874: URLError: <urlopen error [Errno 111] Connection refused>
g001971: URLError: <urlopen error [Errno 111] Connection refused>
g001760: URLError: <urlopen error [Errno 111] Connection refused>
g001953: URLError: <urlopen error [Errno 111] Connection refused>
g001975: URLError: <urlopen error [Errno 111] Connection refused>
g001878: URLError: <urlopen error [Errno 111] Connection refused>
g001764: URLError: <urlopen error [Errno 111] Connection refused>
g001957: URLError: <urlopen error [Errno 111] Connection refused>
g001882: URLError: <urlopen error [Errno 111] Connection refused>
g001768: URLError: <urlopen error [Errno 111] Connection refused>
g001961: URLError: <urlopen error [Errno 111] Connection refused>
g001979: URLError: <urlopen error [Errno 111] Connection refused>
g001886: URLError: <urlopen error [Errno 111] Connection refused>
g001890: URLError: <urlopen error [Errno 111] Connection refused>
g001772: URLError: <urlopen error [Errno 111] Connection refused>
g001983: URLError: <urlopen error [Errno 111] Connection refused>
g001965: URLError: <urlopen error [Errno 111] Connection refused>
g001894: URLError: <urlopen error [Errno 111] Connection refused>
g001776: URLError: <urlopen error [Errno 111] Connection refused>
g001987: URLError: <urlopen error [Errno 111] Connection refused>
g001898: URLError: <urlopen error [Errno 111] Connection refused>
g001969: URLError: <urlopen error [Errno 111] Connection refused>
g001902: URLError: <urlopen error [Errno 111] Connection refused>
g001780: URLError: <urlopen error [Errno 111] Connection refused>
g001991: URLError: <urlopen error [Errno 111] Connection refused>
g001973: URLError: <urlopen error [Errno 111] Connection refused>
g001906: URLError: <urlopen error [Errno 111] Connection refused>
g001784: URLError: <urlopen error [Errno 111] Connection refused>
g001995: URLError: <urlopen error [Errno 111] Connection refused>
g001977: URLError: <urlopen error [Errno 111] Connection refused>
g001910: URLError: <urlopen error [Errno 111] Connection refused>
g001914: URLError: <urlopen error [Errno 111] Connection refused>
g001999: URLError: <urlopen error [Errno 111] Connection refused>
g001788: URLError: <urlopen error [Errno 111] Connection refused>
g001981: URLError: <urlopen error [Errno 111] Connection refused>
g001918: URLError: <urlopen error [Errno 111] Connection refused>
g002003: URLError: <urlopen error [Errno 111] Connection refused>
g001985: URLError: <urlopen error [Errno 111] Connection refused>
g001792: URLError: <urlopen error [Errno 111] Connection refused>
g001922: URLError: <urlopen error [Errno 111] Connection refused>
g001926: URLError: <urlopen error [Errno 111] Connection refused>
g002007: URLError: <urlopen error [Errno 111] Connection refused>
g001989: URLError: <urlopen error [Errno 111] Connection refused>
g001796: URLError: <urlopen error [Errno 111] Connection refused>
g001930: URLError: <urlopen error [Errno 111] Connection refused>
g001934: URLError: <urlopen error [Errno 111] Connection refused>
g002011: URLError: <urlopen error [Errno 111] Connection refused>
g001993: URLError: <urlopen error [Errno 111] Connection refused>
g001800: URLError: <urlopen error [Errno 111] Connection refused>
g001938: URLError: <urlopen error [Errno 111] Connection refused>
g001942: URLError: <urlopen error [Errno 111] Connection refused>
g002015: URLError: <urlopen error [Errno 111] Connection refused>
g001997: URLError: <urlopen error [Errno 111] Connection refused>
g001804: URLError: <urlopen error [Errno 111] Connection refused>
g001946: URLError: <urlopen error [Errno 111] Connection refused>
g002019: URLError: <urlopen error [Errno 111] Connection refused>
g002001: URLError: <urlopen error [Errno 111] Connection refused>
g001950: URLError: <urlopen error [Errno 111] Connection refused>
g001808: URLError: <urlopen error [Errno 111] Connection refused>
g002005: URLError: <urlopen error [Errno 111] Connection refused>
g002023: URLError: <urlopen error [Errno 111] Connection refused>
g001954: URLError: <urlopen error [Errno 111] Connection refused>
g001812: URLError: <urlopen error [Errno 111] Connection refused>
g001958: URLError: <urlopen error [Errno 111] Connection refused>
g002027: URLError: <urlopen error [Errno 111] Connection refused>
g002009: URLError: <urlopen error [Errno 111] Connection refused>
g001962: URLError: <urlopen error [Errno 111] Connection refused>
g002031: URLError: <urlopen error [Errno 111] Connection refused>
g001816: URLError: <urlopen error [Errno 111] Connection refused>
g002013: URLError: <urlopen error [Errno 111] Connection refused>
g001966: URLError: <urlopen error [Errno 111] Connection refused>
g002035: URLError: <urlopen error [Errno 111] Connection refused>
g002017: URLError: <urlopen error [Errno 111] Connection refused>
g001820: URLError: <urlopen error [Errno 111] Connection refused>
g001970: URLError: <urlopen error [Errno 111] Connection refused>
g001974: URLError: <urlopen error [Errno 111] Connection refused>
g002039: URLError: <urlopen error [Errno 111] Connection refused>
g002021: URLError: <urlopen error [Errno 111] Connection refused>
g001824: URLError: <urlopen error [Errno 111] Connection refused>
g001978: URLError: <urlopen error [Errno 111] Connection refused>
g002043: URLError: <urlopen error [Errno 111] Connection refused>
g002025: URLError: <urlopen error [Errno 111] Connection refused>
g001982: URLError: <urlopen error [Errno 111] Connection refused>
g001828: URLError: <urlopen error [Errno 111] Connection refused>
g001986: URLError: <urlopen error [Errno 111] Connection refused>
g002047: URLError: <urlopen error [Errno 111] Connection refused>
g002029: URLError: <urlopen error [Errno 111] Connection refused>
g001990: URLError: <urlopen error [Errno 111] Connection refused>
g001832: URLError: <urlopen error [Errno 111] Connection refused>
g001994: URLError: <urlopen error [Errno 111] Connection refused>
g002051: URLError: <urlopen error [Errno 111] Connection refused>
g002033: URLError: <urlopen error [Errno 111] Connection refused>
g001836: URLError: <urlopen error [Errno 111] Connection refused>
g001998: URLError: <urlopen error [Errno 111] Connection refused>
g002055: URLError: <urlopen error [Errno 111] Connection refused>
g002037: URLError: <urlopen error [Errno 111] Connection refused>
g002002: URLError: <urlopen error [Errno 111] Connection refused>
g001840: URLError: <urlopen error [Errno 111] Connection refused>
g002006: URLError: <urlopen error [Errno 111] Connection refused>
g002059: URLError: <urlopen error [Errno 111] Connection refused>
g002041: URLError: <urlopen error [Errno 111] Connection refused>
g001844: URLError: <urlopen error [Errno 111] Connection refused>
g002010: URLError: <urlopen error [Errno 111] Connection refused>
g002063: URLError: <urlopen error [Errno 111] Connection refused>
g002045: URLError: <urlopen error [Errno 111] Connection refused>
g002014: URLError: <urlopen error [Errno 111] Connection refused>
g001848: URLError: <urlopen error [Errno 111] Connection refused>
g002067: URLError: <urlopen error [Errno 111] Connection refused>
g002049: URLError: <urlopen error [Errno 111] Connection refused>
g002018: URLError: <urlopen error [Errno 111] Connection refused>
g002071: URLError: <urlopen error [Errno 111] Connection refused>
g002053: URLError: <urlopen error [Errno 111] Connection refused>
g001852: URLError: <urlopen error [Errno 111] Connection refused>
g002022: URLError: <urlopen error [Errno 111] Connection refused>
g002026: URLError: <urlopen error [Errno 111] Connection refused>
g002057: URLError: <urlopen error [Errno 111] Connection refused>
g001856: URLError: <urlopen error [Errno 111] Connection refused>
g002075: URLError: <urlopen error [Errno 111] Connection refused>
g002030: URLError: <urlopen error [Errno 111] Connection refused>
g002061: URLError: <urlopen error [Errno 111] Connection refused>
g002034: URLError: <urlopen error [Errno 111] Connection refused>
g001860: URLError: <urlopen error [Errno 111] Connection refused>
g002038: URLError: <urlopen error [Errno 111] Connection refused>
g002065: URLError: <urlopen error [Errno 111] Connection refused>
g002079: URLError: <urlopen error [Errno 111] Connection refused>
g001864: URLError: <urlopen error [Errno 111] Connection refused>
g002042: URLError: <urlopen error [Errno 111] Connection refused>
g002069: URLError: <urlopen error [Errno 111] Connection refused>
g002046: URLError: <urlopen error [Errno 111] Connection refused>
g001868: URLError: <urlopen error [Errno 111] Connection refused>
g002083: URLError: <urlopen error [Errno 111] Connection refused>
g002050: URLError: <urlopen error [Errno 111] Connection refused>
g002073: URLError: <urlopen error [Errno 111] Connection refused>
g001872: URLError: <urlopen error [Errno 111] Connection refused>
g002054: URLError: <urlopen error [Errno 111] Connection refused>
g002087: URLError: <urlopen error [Errno 111] Connection refused>
g002058: URLError: <urlopen error [Errno 111] Connection refused>
g002077: URLError: <urlopen error [Errno 111] Connection refused>
g001876: URLError: <urlopen error [Errno 111] Connection refused>
g002091: URLError: <urlopen error [Errno 111] Connection refused>
g002062: URLError: <urlopen error [Errno 111] Connection refused>
g002081: URLError: <urlopen error [Errno 111] Connection refused>
g001880: URLError: <urlopen error [Errno 111] Connection refused>
g002066: URLError: <urlopen error [Errno 111] Connection refused>
g002095: URLError: <urlopen error [Errno 111] Connection refused>
g002070: URLError: <urlopen error [Errno 111] Connection refused>
g002085: URLError: <urlopen error [Errno 111] Connection refused>
g001884: URLError: <urlopen error [Errno 111] Connection refused>
g002074: URLError: <urlopen error [Errno 111] Connection refused>
g002099: URLError: <urlopen error [Errno 111] Connection refused>
g002089: URLError: <urlopen error [Errno 111] Connection refused>
g001888: URLError: <urlopen error [Errno 111] Connection refused>
g002078: URLError: <urlopen error [Errno 111] Connection refused>
g002093: URLError: <urlopen error [Errno 111] Connection refused>
g002103: URLError: <urlopen error [Errno 111] Connection refused>
g002082: URLError: <urlopen error [Errno 111] Connection refused>
g002097: URLError: <urlopen error [Errno 111] Connection refused>
g002086: URLError: <urlopen error [Errno 111] Connection refused>
g002107: URLError: <urlopen error [Errno 111] Connection refused>
g001892: URLError: <urlopen error [Errno 111] Connection refused>
g002090: URLError: <urlopen error [Errno 111] Connection refused>
g002101: URLError: <urlopen error [Errno 111] Connection refused>
g001896: URLError: <urlopen error [Errno 111] Connection refused>
g002111: URLError: <urlopen error [Errno 111] Connection refused>
g002094: URLError: <urlopen error [Errno 111] Connection refused>
g002105: URLError: <urlopen error [Errno 111] Connection refused>
g002098: URLError: <urlopen error [Errno 111] Connection refused>
g001900: URLError: <urlopen error [Errno 111] Connection refused>
g002115: URLError: <urlopen error [Errno 111] Connection refused>
g002109: URLError: <urlopen error [Errno 111] Connection refused>
g002102: URLError: <urlopen error [Errno 111] Connection refused>
g001904: URLError: <urlopen error [Errno 111] Connection refused>
g002106: URLError: <urlopen error [Errno 111] Connection refused>
g002119: URLError: <urlopen error [Errno 111] Connection refused>
g002113: URLError: <urlopen error [Errno 111] Connection refused>
g002110: URLError: <urlopen error [Errno 111] Connection refused>
g001908: URLError: <urlopen error [Errno 111] Connection refused>
g002117: URLError: <urlopen error [Errno 111] Connection refused>
g002123: URLError: <urlopen error [Errno 111] Connection refused>
g002114: URLError: <urlopen error [Errno 111] Connection refused>
g002118: URLError: <urlopen error [Errno 111] Connection refused>
g002121: URLError: <urlopen error [Errno 111] Connection refused>
g001912: URLError: <urlopen error [Errno 111] Connection refused>
g002127: URLError: <urlopen error [Errno 111] Connection refused>
g002122: URLError: <urlopen error [Errno 111] Connection refused>
g002125: URLError: <urlopen error [Errno 111] Connection refused>
g001916: URLError: <urlopen error [Errno 111] Connection refused>
g002126: URLError: <urlopen error [Errno 111] Connection refused>
g002131: URLError: <urlopen error [Errno 111] Connection refused>
g002130: URLError: <urlopen error [Errno 111] Connection refused>
g002129: URLError: <urlopen error [Errno 111] Connection refused>
g001920: URLError: <urlopen error [Errno 111] Connection refused>
g002134: URLError: <urlopen error [Errno 111] Connection refused>
g002135: URLError: <urlopen error [Errno 111] Connection refused>
g002133: URLError: <urlopen error [Errno 111] Connection refused>
g002138: URLError: <urlopen error [Errno 111] Connection refused>
g001924: URLError: <urlopen error [Errno 111] Connection refused>
g002139: URLError: <urlopen error [Errno 111] Connection refused>
g002142: URLError: <urlopen error [Errno 111] Connection refused>
g002137: URLError: <urlopen error [Errno 111] Connection refused>
g001928: URLError: <urlopen error [Errno 111] Connection refused>
g002146: URLError: <urlopen error [Errno 111] Connection refused>
g002143: URLError: <urlopen error [Errno 111] Connection refused>
g002150: URLError: <urlopen error [Errno 111] Connection refused>
g002141: URLError: <urlopen error [Errno 111] Connection refused>
g001932: URLError: <urlopen error [Errno 111] Connection refused>
g002154: URLError: <urlopen error [Errno 111] Connection refused>
g002145: URLError: <urlopen error [Errno 111] Connection refused>
g002147: URLError: <urlopen error [Errno 111] Connection refused>
g002158: URLError: <urlopen error [Errno 111] Connection refused>
g001936: URLError: <urlopen error [Errno 111] Connection refused>
g002149: URLError: <urlopen error [Errno 111] Connection refused>
g002151: URLError: <urlopen error [Errno 111] Connection refused>
g001940: URLError: <urlopen error [Errno 111] Connection refused>
g002153: URLError: <urlopen error [Errno 111] Connection refused>
g002162: URLError: <urlopen error [Errno 111] Connection refused>
g002155: URLError: <urlopen error [Errno 111] Connection refused>
g002157: URLError: <urlopen error [Errno 111] Connection refused>
g001944: URLError: <urlopen error [Errno 111] Connection refused>
g002159: URLError: <urlopen error [Errno 111] Connection refused>
g002166: URLError: <urlopen error [Errno 111] Connection refused>
g002161: URLError: <urlopen error [Errno 111] Connection refused>
g002163: URLError: <urlopen error [Errno 111] Connection refused>
g002170: URLError: <urlopen error [Errno 111] Connection refused>
g001948: URLError: <urlopen error [Errno 111] Connection refused>
g002165: URLError: <urlopen error [Errno 111] Connection refused>
g002167: URLError: <urlopen error [Errno 111] Connection refused>
g002174: URLError: <urlopen error [Errno 111] Connection refused>
g001952: URLError: <urlopen error [Errno 111] Connection refused>
g002169: URLError: <urlopen error [Errno 111] Connection refused>
g002171: URLError: <urlopen error [Errno 111] Connection refused>
g002178: URLError: <urlopen error [Errno 111] Connection refused>
g001956: URLError: <urlopen error [Errno 111] Connection refused>
g002173: URLError: <urlopen error [Errno 111] Connection refused>
g002175: URLError: <urlopen error [Errno 111] Connection refused>
g002182: URLError: <urlopen error [Errno 111] Connection refused>
g001960: URLError: <urlopen error [Errno 111] Connection refused>
g002177: URLError: <urlopen error [Errno 111] Connection refused>
g002179: URLError: <urlopen error [Errno 111] Connection refused>
g002186: URLError: <urlopen error [Errno 111] Connection refused>
g002181: URLError: <urlopen error [Errno 111] Connection refused>
g001964: URLError: <urlopen error [Errno 111] Connection refused>
g002183: URLError: <urlopen error [Errno 111] Connection refused>
g002190: URLError: <urlopen error [Errno 111] Connection refused>
g002185: URLError: <urlopen error [Errno 111] Connection refused>
g002187: URLError: <urlopen error [Errno 111] Connection refused>
g002194: URLError: <urlopen error [Errno 111] Connection refused>
g001968: URLError: <urlopen error [Errno 111] Connection refused>
g002189: URLError: <urlopen error [Errno 111] Connection refused>
g002191: URLError: <urlopen error [Errno 111] Connection refused>
g002198: URLError: <urlopen error [Errno 111] Connection refused>
g001972: URLError: <urlopen error [Errno 111] Connection refused>
g002193: URLError: <urlopen error [Errno 111] Connection refused>
g002195: URLError: <urlopen error [Errno 111] Connection refused>
g001976: URLError: <urlopen error [Errno 111] Connection refused>
g002202: URLError: <urlopen error [Errno 111] Connection refused>
g002197: URLError: <urlopen error [Errno 111] Connection refused>
g001980: URLError: <urlopen error [Errno 111] Connection refused>
g002206: URLError: <urlopen error [Errno 111] Connection refused>
g002199: URLError: <urlopen error [Errno 111] Connection refused>
g002201: URLError: <urlopen error [Errno 111] Connection refused>
g002210: URLError: <urlopen error [Errno 111] Connection refused>
g002205: URLError: <urlopen error [Errno 111] Connection refused>
g002209: URLError: <urlopen error [Errno 111] Connection refused>
g001984: URLError: <urlopen error [Errno 111] Connection refused>
g002213: URLError: <urlopen error [Errno 111] Connection refused>
g001988: URLError: <urlopen error [Errno 111] Connection refused>
g002217: URLError: <urlopen error [Errno 111] Connection refused>
g001992: URLError: <urlopen error [Errno 111] Connection refused>
g002221: URLError: <urlopen error [Errno 111] Connection refused>
g001996: URLError: <urlopen error [Errno 111] Connection refused>
g002225: URLError: <urlopen error [Errno 111] Connection refused>
g002000: URLError: <urlopen error [Errno 111] Connection refused>
g002229: URLError: <urlopen error [Errno 111] Connection refused>
g002004: URLError: <urlopen error [Errno 111] Connection refused>
g002233: URLError: <urlopen error [Errno 111] Connection refused>
g002008: URLError: <urlopen error [Errno 111] Connection refused>
g002237: URLError: <urlopen error [Errno 111] Connection refused>
g002012: URLError: <urlopen error [Errno 111] Connection refused>
g002203: URLError: <urlopen error [Errno 111] Connection refused>
g002241: URLError: <urlopen error [Errno 111] Connection refused>
g002245: URLError: <urlopen error [Errno 111] Connection refused>
g002016: URLError: <urlopen error [Errno 111] Connection refused>
g002214: URLError: <urlopen error [Errno 111] Connection refused>
g002207: URLError: <urlopen error [Errno 111] Connection refused>
g002249: URLError: <urlopen error [Errno 111] Connection refused>
g002020: URLError: <urlopen error [Errno 111] Connection refused>
g002218: URLError: <urlopen error [Errno 111] Connection refused>
g002211: URLError: <urlopen error [Errno 111] Connection refused>
g002253: URLError: <urlopen error [Errno 111] Connection refused>
g002024: URLError: <urlopen error [Errno 111] Connection refused>
g002215: URLError: <urlopen error [Errno 111] Connection refused>
g002257: URLError: <urlopen error [Errno 111] Connection refused>
g002028: URLError: <urlopen error [Errno 111] Connection refused>
g002219: URLError: <urlopen error [Errno 111] Connection refused>
g002261: URLError: <urlopen error [Errno 111] Connection refused>
g002032: URLError: <urlopen error [Errno 111] Connection refused>
g002223: URLError: <urlopen error [Errno 111] Connection refused>
g002265: URLError: <urlopen error [Errno 111] Connection refused>
g002036: URLError: <urlopen error [Errno 111] Connection refused>
g002227: URLError: <urlopen error [Errno 111] Connection refused>
g002269: URLError: <urlopen error [Errno 111] Connection refused>
g002040: URLError: <urlopen error [Errno 111] Connection refused>
g002273: URLError: <urlopen error [Errno 111] Connection refused>
g002231: URLError: <urlopen error [Errno 111] Connection refused>
g002044: URLError: <urlopen error [Errno 111] Connection refused>
g002277: URLError: <urlopen error [Errno 111] Connection refused>
g002048: URLError: <urlopen error [Errno 111] Connection refused>
g002222: URLError: <urlopen error [Errno 111] Connection refused>
g002281: URLError: <urlopen error [Errno 111] Connection refused>
g002235: URLError: <urlopen error [Errno 111] Connection refused>
g002285: URLError: <urlopen error [Errno 111] Connection refused>
g002052: URLError: <urlopen error [Errno 111] Connection refused>
g002226: URLError: <urlopen error [Errno 111] Connection refused>
g002289: URLError: <urlopen error [Errno 111] Connection refused>
g002239: URLError: <urlopen error [Errno 111] Connection refused>
g002056: URLError: <urlopen error [Errno 111] Connection refused>
g002230: URLError: <urlopen error [Errno 111] Connection refused>
g002243: URLError: <urlopen error [Errno 111] Connection refused>
g002060: URLError: <urlopen error [Errno 111] Connection refused>
g002234: URLError: <urlopen error [Errno 111] Connection refused>
g002293: URLError: <urlopen error [Errno 111] Connection refused>
g002247: URLError: <urlopen error [Errno 111] Connection refused>
g002238: URLError: <urlopen error [Errno 111] Connection refused>
g002297: URLError: <urlopen error [Errno 111] Connection refused>
g002064: URLError: <urlopen error [Errno 111] Connection refused>
g002251: URLError: <urlopen error [Errno 111] Connection refused>
g002301: URLError: <urlopen error [Errno 111] Connection refused>
g002255: URLError: <urlopen error [Errno 111] Connection refused>
g002068: URLError: <urlopen error [Errno 111] Connection refused>
g002242: URLError: <urlopen error [Errno 111] Connection refused>
g002305: URLError: <urlopen error [Errno 111] Connection refused>
g002259: URLError: <urlopen error [Errno 111] Connection refused>
g002309: URLError: <urlopen error [Errno 111] Connection refused>
g002072: URLError: <urlopen error [Errno 111] Connection refused>
g002246: URLError: <urlopen error [Errno 111] Connection refused>
g002263: URLError: <urlopen error [Errno 111] Connection refused>
g002313: URLError: <urlopen error [Errno 111] Connection refused>
g002250: URLError: <urlopen error [Errno 111] Connection refused>
g002076: URLError: <urlopen error [Errno 111] Connection refused>
g002267: URLError: <urlopen error [Errno 111] Connection refused>
g002317: URLError: <urlopen error [Errno 111] Connection refused>
g002254: URLError: <urlopen error [Errno 111] Connection refused>
g002080: URLError: <urlopen error [Errno 111] Connection refused>
g002321: URLError: <urlopen error [Errno 111] Connection refused>
g002271: URLError: <urlopen error [Errno 111] Connection refused>
g002258: URLError: <urlopen error [Errno 111] Connection refused>
g002084: URLError: <urlopen error [Errno 111] Connection refused>
g002325: URLError: <urlopen error [Errno 111] Connection refused>
g002275: URLError: <urlopen error [Errno 111] Connection refused>
g002262: URLError: <urlopen error [Errno 111] Connection refused>
g002329: URLError: <urlopen error [Errno 111] Connection refused>
g002279: URLError: <urlopen error [Errno 111] Connection refused>
g002088: URLError: <urlopen error [Errno 111] Connection refused>
g002266: URLError: <urlopen error [Errno 111] Connection refused>
g002333: URLError: <urlopen error [Errno 111] Connection refused>
g002283: URLError: <urlopen error [Errno 111] Connection refused>
g002092: URLError: <urlopen error [Errno 111] Connection refused>
g002270: URLError: <urlopen error [Errno 111] Connection refused>
g002337: URLError: <urlopen error [Errno 111] Connection refused>
g002287: URLError: <urlopen error [Errno 111] Connection refused>
g002096: URLError: <urlopen error [Errno 111] Connection refused>
g002274: URLError: <urlopen error [Errno 111] Connection refused>
g002341: URLError: <urlopen error [Errno 111] Connection refused>
g002291: URLError: <urlopen error [Errno 111] Connection refused>
g002100: URLError: <urlopen error [Errno 111] Connection refused>
g002345: URLError: <urlopen error [Errno 111] Connection refused>
g002278: URLError: <urlopen error [Errno 111] Connection refused>
g002295: URLError: <urlopen error [Errno 111] Connection refused>
g002349: URLError: <urlopen error [Errno 111] Connection refused>
g002104: URLError: <urlopen error [Errno 111] Connection refused>
g002282: URLError: <urlopen error [Errno 111] Connection refused>
g002299: URLError: <urlopen error [Errno 111] Connection refused>
g002353: URLError: <urlopen error [Errno 111] Connection refused>
g002286: URLError: <urlopen error [Errno 111] Connection refused>
g002108: URLError: <urlopen error [Errno 111] Connection refused>
g002303: URLError: <urlopen error [Errno 111] Connection refused>
g002357: URLError: <urlopen error [Errno 111] Connection refused>
g002290: URLError: <urlopen error [Errno 111] Connection refused>
g002307: URLError: <urlopen error [Errno 111] Connection refused>
g002112: URLError: <urlopen error [Errno 111] Connection refused>
g002361: URLError: <urlopen error [Errno 111] Connection refused>
g002311: URLError: <urlopen error [Errno 111] Connection refused>
g002294: URLError: <urlopen error [Errno 111] Connection refused>
g002116: URLError: <urlopen error [Errno 111] Connection refused>
g002365: URLError: <urlopen error [Errno 111] Connection refused>
g002315: URLError: <urlopen error [Errno 111] Connection refused>
g002298: URLError: <urlopen error [Errno 111] Connection refused>
g002120: URLError: <urlopen error [Errno 111] Connection refused>
g002369: URLError: <urlopen error [Errno 111] Connection refused>
g002319: URLError: <urlopen error [Errno 111] Connection refused>
g002302: URLError: <urlopen error [Errno 111] Connection refused>
g002373: URLError: <urlopen error [Errno 111] Connection refused>
g002124: URLError: <urlopen error [Errno 111] Connection refused>
g002306: URLError: <urlopen error [Errno 111] Connection refused>
g002377: URLError: <urlopen error [Errno 111] Connection refused>
g002323: URLError: <urlopen error [Errno 111] Connection refused>
g002128: URLError: <urlopen error [Errno 111] Connection refused>
g002381: URLError: <urlopen error [Errno 111] Connection refused>
g002310: URLError: <urlopen error [Errno 111] Connection refused>
g002327: URLError: <urlopen error [Errno 111] Connection refused>
g002132: URLError: <urlopen error [Errno 111] Connection refused>
g002385: URLError: <urlopen error [Errno 111] Connection refused>
g002314: URLError: <urlopen error [Errno 111] Connection refused>
g002331: URLError: <urlopen error [Errno 111] Connection refused>
g002136: URLError: <urlopen error [Errno 111] Connection refused>
g002389: URLError: <urlopen error [Errno 111] Connection refused>
g002335: URLError: <urlopen error [Errno 111] Connection refused>
g002318: URLError: <urlopen error [Errno 111] Connection refused>
g002140: URLError: <urlopen error [Errno 111] Connection refused>
g002393: URLError: <urlopen error [Errno 111] Connection refused>
g002322: URLError: <urlopen error [Errno 111] Connection refused>
g002339: URLError: <urlopen error [Errno 111] Connection refused>
g002397: URLError: <urlopen error [Errno 111] Connection refused>
g002144: URLError: <urlopen error [Errno 111] Connection refused>
g002343: URLError: <urlopen error [Errno 111] Connection refused>
g002326: URLError: <urlopen error [Errno 111] Connection refused>
g002401: URLError: <urlopen error [Errno 111] Connection refused>
g002148: URLError: <urlopen error [Errno 111] Connection refused>
g002330: URLError: <urlopen error [Errno 111] Connection refused>
g002347: URLError: <urlopen error [Errno 111] Connection refused>
g002405: URLError: <urlopen error [Errno 111] Connection refused>
g002152: URLError: <urlopen error [Errno 111] Connection refused>
g002334: URLError: <urlopen error [Errno 111] Connection refused>
g002351: URLError: <urlopen error [Errno 111] Connection refused>
g002409: URLError: <urlopen error [Errno 111] Connection refused>
g002156: URLError: <urlopen error [Errno 111] Connection refused>
g002338: URLError: <urlopen error [Errno 111] Connection refused>
g002355: URLError: <urlopen error [Errno 111] Connection refused>
g002413: URLError: <urlopen error [Errno 111] Connection refused>
g002342: URLError: <urlopen error [Errno 111] Connection refused>
g002160: URLError: <urlopen error [Errno 111] Connection refused>
g002359: URLError: <urlopen error [Errno 111] Connection refused>
g002417: URLError: <urlopen error [Errno 111] Connection refused>
g002164: URLError: <urlopen error [Errno 111] Connection refused>
g002421: URLError: <urlopen error [Errno 111] Connection refused>
g002363: URLError: <urlopen error [Errno 111] Connection refused>
g002168: URLError: <urlopen error [Errno 111] Connection refused>
g002425: URLError: <urlopen error [Errno 111] Connection refused>
g002367: URLError: <urlopen error [Errno 111] Connection refused>
g002429: URLError: <urlopen error [Errno 111] Connection refused>
g002172: URLError: <urlopen error [Errno 111] Connection refused>
g002371: URLError: <urlopen error [Errno 111] Connection refused>
g002433: URLError: <urlopen error [Errno 111] Connection refused>
g002375: URLError: <urlopen error [Errno 111] Connection refused>
g002176: URLError: <urlopen error [Errno 111] Connection refused>
g002346: URLError: <urlopen error [Errno 111] Connection refused>
g002437: URLError: <urlopen error [Errno 111] Connection refused>
g002379: URLError: <urlopen error [Errno 111] Connection refused>
g002350: URLError: <urlopen error [Errno 111] Connection refused>
g002441: URLError: <urlopen error [Errno 111] Connection refused>
g002383: URLError: <urlopen error [Errno 111] Connection refused>
g002180: URLError: <urlopen error [Errno 111] Connection refused>
g002354: URLError: <urlopen error [Errno 111] Connection refused>
g002445: URLError: <urlopen error [Errno 111] Connection refused>
g002387: URLError: <urlopen error [Errno 111] Connection refused>
g002358: URLError: <urlopen error [Errno 111] Connection refused>
g002391: URLError: <urlopen error [Errno 111] Connection refused>
g002449: URLError: <urlopen error [Errno 111] Connection refused>
g002362: URLError: <urlopen error [Errno 111] Connection refused>
g002395: URLError: <urlopen error [Errno 111] Connection refused>
g002453: URLError: <urlopen error [Errno 111] Connection refused>
g002366: URLError: <urlopen error [Errno 111] Connection refused>
g002399: URLError: <urlopen error [Errno 111] Connection refused>
g002457: URLError: <urlopen error [Errno 111] Connection refused>
g002370: URLError: <urlopen error [Errno 111] Connection refused>
g002374: URLError: <urlopen error [Errno 111] Connection refused>
g002403: URLError: <urlopen error [Errno 111] Connection refused>
g002461: URLError: <urlopen error [Errno 111] Connection refused>
g002465: URLError: <urlopen error [Errno 111] Connection refused>
g002407: URLError: <urlopen error [Errno 111] Connection refused>
g002378: URLError: <urlopen error [Errno 111] Connection refused>
g002184: URLError: <urlopen error [Errno 111] Connection refused>
g002411: URLError: <urlopen error [Errno 111] Connection refused>
g002382: URLError: <urlopen error [Errno 111] Connection refused>
g002469: URLError: <urlopen error [Errno 111] Connection refused>
g002188: URLError: <urlopen error [Errno 111] Connection refused>
g002415: URLError: <urlopen error [Errno 111] Connection refused>
g002386: URLError: <urlopen error [Errno 111] Connection refused>
g002473: URLError: <urlopen error [Errno 111] Connection refused>
g002192: URLError: <urlopen error [Errno 111] Connection refused>
g002477: URLError: <urlopen error [Errno 111] Connection refused>
g002390: URLError: <urlopen error [Errno 111] Connection refused>
g002419: URLError: <urlopen error [Errno 111] Connection refused>
g002481: URLError: <urlopen error [Errno 111] Connection refused>
g002423: URLError: <urlopen error [Errno 111] Connection refused>
g002394: URLError: <urlopen error [Errno 111] Connection refused>
g002196: URLError: <urlopen error [Errno 111] Connection refused>
g002485: URLError: <urlopen error [Errno 111] Connection refused>
g002427: URLError: <urlopen error [Errno 111] Connection refused>
g002398: URLError: <urlopen error [Errno 111] Connection refused>
g002200: URLError: <urlopen error [Errno 111] Connection refused>
g002489: URLError: <urlopen error [Errno 111] Connection refused>
g002402: URLError: <urlopen error [Errno 111] Connection refused>
g002431: URLError: <urlopen error [Errno 111] Connection refused>
g002204: URLError: <urlopen error [Errno 111] Connection refused>
g002493: URLError: <urlopen error [Errno 111] Connection refused>
g002208: URLError: <urlopen error [Errno 111] Connection refused>
g002406: URLError: <urlopen error [Errno 111] Connection refused>
g002435: URLError: <urlopen error [Errno 111] Connection refused>
g002497: URLError: <urlopen error [Errno 111] Connection refused>
g002212: URLError: <urlopen error [Errno 111] Connection refused>
g002410: URLError: <urlopen error [Errno 111] Connection refused>
g002439: URLError: <urlopen error [Errno 111] Connection refused>
g002216: URLError: <urlopen error [Errno 111] Connection refused>
g002501: URLError: <urlopen error [Errno 111] Connection refused>
g002220: URLError: <urlopen error [Errno 111] Connection refused>
g002414: URLError: <urlopen error [Errno 111] Connection refused>
g002443: URLError: <urlopen error [Errno 111] Connection refused>
g002224: URLError: <urlopen error [Errno 111] Connection refused>
g002505: URLError: <urlopen error [Errno 111] Connection refused>
g002228: URLError: <urlopen error [Errno 111] Connection refused>
g002418: URLError: <urlopen error [Errno 111] Connection refused>
g002447: URLError: <urlopen error [Errno 111] Connection refused>
g002509: URLError: <urlopen error [Errno 111] Connection refused>
g002232: URLError: <urlopen error [Errno 111] Connection refused>
g002451: URLError: <urlopen error [Errno 111] Connection refused>
g002422: URLError: <urlopen error [Errno 111] Connection refused>
g002236: URLError: <urlopen error [Errno 111] Connection refused>
g002513: URLError: <urlopen error [Errno 111] Connection refused>
g002240: URLError: <urlopen error [Errno 111] Connection refused>
g002455: URLError: <urlopen error [Errno 111] Connection refused>
g002426: URLError: <urlopen error [Errno 111] Connection refused>
g002517: URLError: <urlopen error [Errno 111] Connection refused>
g002244: URLError: <urlopen error [Errno 111] Connection refused>
g002459: URLError: <urlopen error [Errno 111] Connection refused>
g002430: URLError: <urlopen error [Errno 111] Connection refused>
g002248: URLError: <urlopen error [Errno 111] Connection refused>
g002521: URLError: <urlopen error [Errno 111] Connection refused>
g002252: URLError: <urlopen error [Errno 111] Connection refused>
g002463: URLError: <urlopen error [Errno 111] Connection refused>
g002525: URLError: <urlopen error [Errno 111] Connection refused>
g002256: URLError: <urlopen error [Errno 111] Connection refused>
g002467: URLError: <urlopen error [Errno 111] Connection refused>
g002529: URLError: <urlopen error [Errno 111] Connection refused>
g002260: URLError: <urlopen error [Errno 111] Connection refused>
g002264: URLError: <urlopen error [Errno 111] Connection refused>
g002434: URLError: <urlopen error [Errno 111] Connection refused>
g002471: URLError: <urlopen error [Errno 111] Connection refused>
g002533: URLError: <urlopen error [Errno 111] Connection refused>
g002268: URLError: <urlopen error [Errno 111] Connection refused>
g002438: URLError: <urlopen error [Errno 111] Connection refused>
g002475: URLError: <urlopen error [Errno 111] Connection refused>
g002537: URLError: <urlopen error [Errno 111] Connection refused>
g002272: URLError: <urlopen error [Errno 111] Connection refused>
g002479: URLError: <urlopen error [Errno 111] Connection refused>
g002276: URLError: <urlopen error [Errno 111] Connection refused>
g002442: URLError: <urlopen error [Errno 111] Connection refused>
g002541: URLError: <urlopen error [Errno 111] Connection refused>
g002280: URLError: <urlopen error [Errno 111] Connection refused>
g002483: URLError: <urlopen error [Errno 111] Connection refused>
g002446: URLError: <urlopen error [Errno 111] Connection refused>
g002545: URLError: <urlopen error [Errno 111] Connection refused>
g002284: URLError: <urlopen error [Errno 111] Connection refused>
g002487: URLError: <urlopen error [Errno 111] Connection refused>
g002549: URLError: <urlopen error [Errno 111] Connection refused>
g002288: URLError: <urlopen error [Errno 111] Connection refused>
g002450: URLError: <urlopen error [Errno 111] Connection refused>
g002491: URLError: <urlopen error [Errno 111] Connection refused>
g002292: URLError: <urlopen error [Errno 111] Connection refused>
g002553: URLError: <urlopen error [Errno 111] Connection refused>
g002454: URLError: <urlopen error [Errno 111] Connection refused>
g002296: URLError: <urlopen error [Errno 111] Connection refused>
g002300: URLError: <urlopen error [Errno 111] Connection refused>
g002557: URLError: <urlopen error [Errno 111] Connection refused>
g002458: URLError: <urlopen error [Errno 111] Connection refused>
g002304: URLError: <urlopen error [Errno 111] Connection refused>
g002495: URLError: <urlopen error [Errno 111] Connection refused>
g002308: URLError: <urlopen error [Errno 111] Connection refused>
g002499: URLError: <urlopen error [Errno 111] Connection refused>
g002312: URLError: <urlopen error [Errno 111] Connection refused>
g002561: URLError: <urlopen error [Errno 111] Connection refused>
g002503: URLError: <urlopen error [Errno 111] Connection refused>
g002316: URLError: <urlopen error [Errno 111] Connection refused>
g002320: URLError: <urlopen error [Errno 111] Connection refused>
g002565: URLError: <urlopen error [Errno 111] Connection refused>
g002507: URLError: <urlopen error [Errno 111] Connection refused>
g002324: URLError: <urlopen error [Errno 111] Connection refused>
g002569: URLError: <urlopen error [Errno 111] Connection refused>
g002511: URLError: <urlopen error [Errno 111] Connection refused>
g002328: URLError: <urlopen error [Errno 111] Connection refused>
g002332: URLError: <urlopen error [Errno 111] Connection refused>
g002515: URLError: <urlopen error [Errno 111] Connection refused>
g002336: URLError: <urlopen error [Errno 111] Connection refused>
g002573: URLError: <urlopen error [Errno 111] Connection refused>
g002462: URLError: <urlopen error [Errno 111] Connection refused>
g002519: URLError: <urlopen error [Errno 111] Connection refused>
g002466: URLError: <urlopen error [Errno 111] Connection refused>
g002577: URLError: <urlopen error [Errno 111] Connection refused>
g002523: URLError: <urlopen error [Errno 111] Connection refused>
g002470: URLError: <urlopen error [Errno 111] Connection refused>
g002581: URLError: <urlopen error [Errno 111] Connection refused>
g002527: URLError: <urlopen error [Errno 111] Connection refused>
g002474: URLError: <urlopen error [Errno 111] Connection refused>
g002531: URLError: <urlopen error [Errno 111] Connection refused>
g002585: URLError: <urlopen error [Errno 111] Connection refused>
g002478: URLError: <urlopen error [Errno 111] Connection refused>
g002340: URLError: <urlopen error [Errno 111] Connection refused>
g002535: URLError: <urlopen error [Errno 111] Connection refused>
g002344: URLError: <urlopen error [Errno 111] Connection refused>
g002482: URLError: <urlopen error [Errno 111] Connection refused>
g002589: URLError: <urlopen error [Errno 111] Connection refused>
g002539: URLError: <urlopen error [Errno 111] Connection refused>
g002348: URLError: <urlopen error [Errno 111] Connection refused>
g002486: URLError: <urlopen error [Errno 111] Connection refused>
g002593: URLError: <urlopen error [Errno 111] Connection refused>
g002352: URLError: <urlopen error [Errno 111] Connection refused>
g002543: URLError: <urlopen error [Errno 111] Connection refused>
g002356: URLError: <urlopen error [Errno 111] Connection refused>
g002490: URLError: <urlopen error [Errno 111] Connection refused>
g002597: URLError: <urlopen error [Errno 111] Connection refused>
g002547: URLError: <urlopen error [Errno 111] Connection refused>
g002360: URLError: <urlopen error [Errno 111] Connection refused>
g002601: URLError: <urlopen error [Errno 111] Connection refused>
g002494: URLError: <urlopen error [Errno 111] Connection refused>
g002364: URLError: <urlopen error [Errno 111] Connection refused>
g002551: URLError: <urlopen error [Errno 111] Connection refused>
g002368: URLError: <urlopen error [Errno 111] Connection refused>
g002605: URLError: <urlopen error [Errno 111] Connection refused>
g002555: URLError: <urlopen error [Errno 111] Connection refused>
g002498: URLError: <urlopen error [Errno 111] Connection refused>
g002372: URLError: <urlopen error [Errno 111] Connection refused>
g002609: URLError: <urlopen error [Errno 111] Connection refused>
g002376: URLError: <urlopen error [Errno 111] Connection refused>
g002559: URLError: <urlopen error [Errno 111] Connection refused>
g002502: URLError: <urlopen error [Errno 111] Connection refused>
g002380: URLError: <urlopen error [Errno 111] Connection refused>
g002613: URLError: <urlopen error [Errno 111] Connection refused>
g002563: URLError: <urlopen error [Errno 111] Connection refused>
g002506: URLError: <urlopen error [Errno 111] Connection refused>
g002384: URLError: <urlopen error [Errno 111] Connection refused>
g002617: URLError: <urlopen error [Errno 111] Connection refused>
g002388: URLError: <urlopen error [Errno 111] Connection refused>
g002567: URLError: <urlopen error [Errno 111] Connection refused>
g002510: URLError: <urlopen error [Errno 111] Connection refused>
g002392: URLError: <urlopen error [Errno 111] Connection refused>
g002621: URLError: <urlopen error [Errno 111] Connection refused>
g002571: URLError: <urlopen error [Errno 111] Connection refused>
g002514: URLError: <urlopen error [Errno 111] Connection refused>
g002396: URLError: <urlopen error [Errno 111] Connection refused>
g002625: URLError: <urlopen error [Errno 111] Connection refused>
g002400: URLError: <urlopen error [Errno 111] Connection refused>
g002575: URLError: <urlopen error [Errno 111] Connection refused>
g002518: URLError: <urlopen error [Errno 111] Connection refused>
g002404: URLError: <urlopen error [Errno 111] Connection refused>
g002579: URLError: <urlopen error [Errno 111] Connection refused>
g002629: URLError: <urlopen error [Errno 111] Connection refused>
g002408: URLError: <urlopen error [Errno 111] Connection refused>
g002522: URLError: <urlopen error [Errno 111] Connection refused>
g002412: URLError: <urlopen error [Errno 111] Connection refused>
g002583: URLError: <urlopen error [Errno 111] Connection refused>
g002633: URLError: <urlopen error [Errno 111] Connection refused>
g002416: URLError: <urlopen error [Errno 111] Connection refused>
g002526: URLError: <urlopen error [Errno 111] Connection refused>
g002587: URLError: <urlopen error [Errno 111] Connection refused>
g002420: URLError: <urlopen error [Errno 111] Connection refused>
g002637: URLError: <urlopen error [Errno 111] Connection refused>
g002530: URLError: <urlopen error [Errno 111] Connection refused>
g002424: URLError: <urlopen error [Errno 111] Connection refused>
g002591: URLError: <urlopen error [Errno 111] Connection refused>
g002641: URLError: <urlopen error [Errno 111] Connection refused>
g002428: URLError: <urlopen error [Errno 111] Connection refused>
g002534: URLError: <urlopen error [Errno 111] Connection refused>
g002595: URLError: <urlopen error [Errno 111] Connection refused>
g002432: URLError: <urlopen error [Errno 111] Connection refused>
g002645: URLError: <urlopen error [Errno 111] Connection refused>
g002538: URLError: <urlopen error [Errno 111] Connection refused>
g002599: URLError: <urlopen error [Errno 111] Connection refused>
g002436: URLError: <urlopen error [Errno 111] Connection refused>
g002649: URLError: <urlopen error [Errno 111] Connection refused>
g002440: URLError: <urlopen error [Errno 111] Connection refused>
g002603: URLError: <urlopen error [Errno 111] Connection refused>
g002542: URLError: <urlopen error [Errno 111] Connection refused>
g002444: URLError: <urlopen error [Errno 111] Connection refused>
g002653: URLError: <urlopen error [Errno 111] Connection refused>
g002607: URLError: <urlopen error [Errno 111] Connection refused>
g002448: URLError: <urlopen error [Errno 111] Connection refused>
g002546: URLError: <urlopen error [Errno 111] Connection refused>
g002452: URLError: <urlopen error [Errno 111] Connection refused>
g002657: URLError: <urlopen error [Errno 111] Connection refused>
g002611: URLError: <urlopen error [Errno 111] Connection refused>
g002456: URLError: <urlopen error [Errno 111] Connection refused>
g002550: URLError: <urlopen error [Errno 111] Connection refused>
g002661: URLError: <urlopen error [Errno 111] Connection refused>
g002554: URLError: <urlopen error [Errno 111] Connection refused>
g002460: URLError: <urlopen error [Errno 111] Connection refused>
g002615: URLError: <urlopen error [Errno 111] Connection refused>
g002665: URLError: <urlopen error [Errno 111] Connection refused>
g002619: URLError: <urlopen error [Errno 111] Connection refused>
g002558: URLError: <urlopen error [Errno 111] Connection refused>
g002669: URLError: <urlopen error [Errno 111] Connection refused>
g002464: URLError: <urlopen error [Errno 111] Connection refused>
g002623: URLError: <urlopen error [Errno 111] Connection refused>
g002562: URLError: <urlopen error [Errno 111] Connection refused>
g002673: URLError: <urlopen error [Errno 111] Connection refused>
g002468: URLError: <urlopen error [Errno 111] Connection refused>
g002627: URLError: <urlopen error [Errno 111] Connection refused>
g002566: URLError: <urlopen error [Errno 111] Connection refused>
g002677: URLError: <urlopen error [Errno 111] Connection refused>
g002631: URLError: <urlopen error [Errno 111] Connection refused>
g002570: URLError: <urlopen error [Errno 111] Connection refused>
g002472: URLError: <urlopen error [Errno 111] Connection refused>
g002681: URLError: <urlopen error [Errno 111] Connection refused>
g002635: URLError: <urlopen error [Errno 111] Connection refused>
g002574: URLError: <urlopen error [Errno 111] Connection refused>
g002476: URLError: <urlopen error [Errno 111] Connection refused>
g002685: URLError: <urlopen error [Errno 111] Connection refused>
g002639: URLError: <urlopen error [Errno 111] Connection refused>
g002578: URLError: <urlopen error [Errno 111] Connection refused>
g002480: URLError: <urlopen error [Errno 111] Connection refused>
g002689: URLError: <urlopen error [Errno 111] Connection refused>
g002643: URLError: <urlopen error [Errno 111] Connection refused>
g002582: URLError: <urlopen error [Errno 111] Connection refused>
g002484: URLError: <urlopen error [Errno 111] Connection refused>
g002693: URLError: <urlopen error [Errno 111] Connection refused>
g002647: URLError: <urlopen error [Errno 111] Connection refused>
g002586: URLError: <urlopen error [Errno 111] Connection refused>
g002488: URLError: <urlopen error [Errno 111] Connection refused>
g002697: URLError: <urlopen error [Errno 111] Connection refused>
g002651: URLError: <urlopen error [Errno 111] Connection refused>
g002590: URLError: <urlopen error [Errno 111] Connection refused>
g002701: URLError: <urlopen error [Errno 111] Connection refused>
g002492: URLError: <urlopen error [Errno 111] Connection refused>
g002655: URLError: <urlopen error [Errno 111] Connection refused>
g002594: URLError: <urlopen error [Errno 111] Connection refused>
g002705: URLError: <urlopen error [Errno 111] Connection refused>
g002659: URLError: <urlopen error [Errno 111] Connection refused>
g002496: URLError: <urlopen error [Errno 111] Connection refused>
g002598: URLError: <urlopen error [Errno 111] Connection refused>
g002709: URLError: <urlopen error [Errno 111] Connection refused>
g002602: URLError: <urlopen error [Errno 111] Connection refused>
g002500: URLError: <urlopen error [Errno 111] Connection refused>
g002713: URLError: <urlopen error [Errno 111] Connection refused>
g002606: URLError: <urlopen error [Errno 111] Connection refused>
g002504: URLError: <urlopen error [Errno 111] Connection refused>
g002717: URLError: <urlopen error [Errno 111] Connection refused>
g002610: URLError: <urlopen error [Errno 111] Connection refused>
g002721: URLError: <urlopen error [Errno 111] Connection refused>
g002663: URLError: <urlopen error [Errno 111] Connection refused>
g002614: URLError: <urlopen error [Errno 111] Connection refused>
g002725: URLError: <urlopen error [Errno 111] Connection refused>
g002667: URLError: <urlopen error [Errno 111] Connection refused>
g002618: URLError: <urlopen error [Errno 111] Connection refused>
g002729: URLError: <urlopen error [Errno 111] Connection refused>
g002671: URLError: <urlopen error [Errno 111] Connection refused>
g002622: URLError: <urlopen error [Errno 111] Connection refused>
g002733: URLError: <urlopen error [Errno 111] Connection refused>
g002508: URLError: <urlopen error [Errno 111] Connection refused>
g002626: URLError: <urlopen error [Errno 111] Connection refused>
g002737: URLError: <urlopen error [Errno 111] Connection refused>
g002630: URLError: <urlopen error [Errno 111] Connection refused>
g002741: URLError: <urlopen error [Errno 111] Connection refused>
g002745: URLError: <urlopen error [Errno 111] Connection refused>
g002512: URLError: <urlopen error [Errno 111] Connection refused>
g002675: URLError: <urlopen error [Errno 111] Connection refused>
g002749: URLError: <urlopen error [Errno 111] Connection refused>
g002516: URLError: <urlopen error [Errno 111] Connection refused>
g002679: URLError: <urlopen error [Errno 111] Connection refused>
g002520: URLError: <urlopen error [Errno 111] Connection refused>
g002634: URLError: <urlopen error [Errno 111] Connection refused>
g002524: URLError: <urlopen error [Errno 111] Connection refused>
g002683: URLError: <urlopen error [Errno 111] Connection refused>
g002753: URLError: <urlopen error [Errno 111] Connection refused>
g002638: URLError: <urlopen error [Errno 111] Connection refused>
g002528: URLError: <urlopen error [Errno 111] Connection refused>
g002757: URLError: <urlopen error [Errno 111] Connection refused>
g002687: URLError: <urlopen error [Errno 111] Connection refused>
g002642: URLError: <urlopen error [Errno 111] Connection refused>
g002761: URLError: <urlopen error [Errno 111] Connection refused>
g002532: URLError: <urlopen error [Errno 111] Connection refused>
g002691: URLError: <urlopen error [Errno 111] Connection refused>
g002646: URLError: <urlopen error [Errno 111] Connection refused>
g002765: URLError: <urlopen error [Errno 111] Connection refused>
g002536: URLError: <urlopen error [Errno 111] Connection refused>
g002650: URLError: <urlopen error [Errno 111] Connection refused>
g002695: URLError: <urlopen error [Errno 111] Connection refused>
g002769: URLError: <urlopen error [Errno 111] Connection refused>
g002540: URLError: <urlopen error [Errno 111] Connection refused>
g002654: URLError: <urlopen error [Errno 111] Connection refused>
g002699: URLError: <urlopen error [Errno 111] Connection refused>
g002773: URLError: <urlopen error [Errno 111] Connection refused>
g002658: URLError: <urlopen error [Errno 111] Connection refused>
g002544: URLError: <urlopen error [Errno 111] Connection refused>
g002703: URLError: <urlopen error [Errno 111] Connection refused>
g002777: URLError: <urlopen error [Errno 111] Connection refused>
g002662: URLError: <urlopen error [Errno 111] Connection refused>
g002548: URLError: <urlopen error [Errno 111] Connection refused>
g002781: URLError: <urlopen error [Errno 111] Connection refused>
g002707: URLError: <urlopen error [Errno 111] Connection refused>
g002666: URLError: <urlopen error [Errno 111] Connection refused>
g002552: URLError: <urlopen error [Errno 111] Connection refused>
g002785: URLError: <urlopen error [Errno 111] Connection refused>
g002711: URLError: <urlopen error [Errno 111] Connection refused>
g002670: URLError: <urlopen error [Errno 111] Connection refused>
g002556: URLError: <urlopen error [Errno 111] Connection refused>
g002789: URLError: <urlopen error [Errno 111] Connection refused>
g002715: URLError: <urlopen error [Errno 111] Connection refused>
g002674: URLError: <urlopen error [Errno 111] Connection refused>
g002560: URLError: <urlopen error [Errno 111] Connection refused>
g002793: URLError: <urlopen error [Errno 111] Connection refused>
g002678: URLError: <urlopen error [Errno 111] Connection refused>
g002564: URLError: <urlopen error [Errno 111] Connection refused>
g002719: URLError: <urlopen error [Errno 111] Connection refused>
g002797: URLError: <urlopen error [Errno 111] Connection refused>
g002682: URLError: <urlopen error [Errno 111] Connection refused>
g002801: URLError: <urlopen error [Errno 111] Connection refused>
g002723: URLError: <urlopen error [Errno 111] Connection refused>
g002568: URLError: <urlopen error [Errno 111] Connection refused>
g002686: URLError: <urlopen error [Errno 111] Connection refused>
g002805: URLError: <urlopen error [Errno 111] Connection refused>
g002727: URLError: <urlopen error [Errno 111] Connection refused>
g002572: URLError: <urlopen error [Errno 111] Connection refused>
g002690: URLError: <urlopen error [Errno 111] Connection refused>
g002809: URLError: <urlopen error [Errno 111] Connection refused>
g002731: URLError: <urlopen error [Errno 111] Connection refused>
g002694: URLError: <urlopen error [Errno 111] Connection refused>
g002576: URLError: <urlopen error [Errno 111] Connection refused>
g002813: URLError: <urlopen error [Errno 111] Connection refused>
g002735: URLError: <urlopen error [Errno 111] Connection refused>
g002817: URLError: <urlopen error [Errno 111] Connection refused>
g002580: URLError: <urlopen error [Errno 111] Connection refused>
g002698: URLError: <urlopen error [Errno 111] Connection refused>
g002584: URLError: <urlopen error [Errno 111] Connection refused>
g002821: URLError: <urlopen error [Errno 111] Connection refused>
g002739: URLError: <urlopen error [Errno 111] Connection refused>
g002825: URLError: <urlopen error [Errno 111] Connection refused>
g002743: URLError: <urlopen error [Errno 111] Connection refused>
g002588: URLError: <urlopen error [Errno 111] Connection refused>
g002829: URLError: <urlopen error [Errno 111] Connection refused>
g002747: URLError: <urlopen error [Errno 111] Connection refused>
g002592: URLError: <urlopen error [Errno 111] Connection refused>
g002702: URLError: <urlopen error [Errno 111] Connection refused>
g002833: URLError: <urlopen error [Errno 111] Connection refused>
g002751: URLError: <urlopen error [Errno 111] Connection refused>
g002837: URLError: <urlopen error [Errno 111] Connection refused>
g002596: URLError: <urlopen error [Errno 111] Connection refused>
g002706: URLError: <urlopen error [Errno 111] Connection refused>
g002755: URLError: <urlopen error [Errno 111] Connection refused>
g002841: URLError: <urlopen error [Errno 111] Connection refused>
g002710: URLError: <urlopen error [Errno 111] Connection refused>
g002600: URLError: <urlopen error [Errno 111] Connection refused>
g002759: URLError: <urlopen error [Errno 111] Connection refused>
g002845: URLError: <urlopen error [Errno 111] Connection refused>
g002714: URLError: <urlopen error [Errno 111] Connection refused>
g002604: URLError: <urlopen error [Errno 111] Connection refused>
g002763: URLError: <urlopen error [Errno 111] Connection refused>
g002849: URLError: <urlopen error [Errno 111] Connection refused>
g002718: URLError: <urlopen error [Errno 111] Connection refused>
g002608: URLError: <urlopen error [Errno 111] Connection refused>
g002767: URLError: <urlopen error [Errno 111] Connection refused>
g002853: URLError: <urlopen error [Errno 111] Connection refused>
g002722: URLError: <urlopen error [Errno 111] Connection refused>
g002612: URLError: <urlopen error [Errno 111] Connection refused>
g002771: URLError: <urlopen error [Errno 111] Connection refused>
g002857: URLError: <urlopen error [Errno 111] Connection refused>
g002726: URLError: <urlopen error [Errno 111] Connection refused>
g002616: URLError: <urlopen error [Errno 111] Connection refused>
g002775: URLError: <urlopen error [Errno 111] Connection refused>
g002861: URLError: <urlopen error [Errno 111] Connection refused>
g002730: URLError: <urlopen error [Errno 111] Connection refused>
g002779: URLError: <urlopen error [Errno 111] Connection refused>
g002865: URLError: <urlopen error [Errno 111] Connection refused>
g002620: URLError: <urlopen error [Errno 111] Connection refused>
g002734: URLError: <urlopen error [Errno 111] Connection refused>
g002869: URLError: <urlopen error [Errno 111] Connection refused>
g002783: URLError: <urlopen error [Errno 111] Connection refused>
g002624: URLError: <urlopen error [Errno 111] Connection refused>
g002738: URLError: <urlopen error [Errno 111] Connection refused>
g002873: URLError: <urlopen error [Errno 111] Connection refused>
g002742: URLError: <urlopen error [Errno 111] Connection refused>
g002628: URLError: <urlopen error [Errno 111] Connection refused>
g002787: URLError: <urlopen error [Errno 111] Connection refused>
g002877: URLError: <urlopen error [Errno 111] Connection refused>
g002746: URLError: <urlopen error [Errno 111] Connection refused>
g002632: URLError: <urlopen error [Errno 111] Connection refused>
g002791: URLError: <urlopen error [Errno 111] Connection refused>
g002881: URLError: <urlopen error [Errno 111] Connection refused>
g002750: URLError: <urlopen error [Errno 111] Connection refused>
g002795: URLError: <urlopen error [Errno 111] Connection refused>
g002636: URLError: <urlopen error [Errno 111] Connection refused>
g002885: URLError: <urlopen error [Errno 111] Connection refused>
g002754: URLError: <urlopen error [Errno 111] Connection refused>
g002799: URLError: <urlopen error [Errno 111] Connection refused>
g002640: URLError: <urlopen error [Errno 111] Connection refused>
g002889: URLError: <urlopen error [Errno 111] Connection refused>
g002758: URLError: <urlopen error [Errno 111] Connection refused>
g002803: URLError: <urlopen error [Errno 111] Connection refused>
g002644: URLError: <urlopen error [Errno 111] Connection refused>
g002893: URLError: <urlopen error [Errno 111] Connection refused>
g002762: URLError: <urlopen error [Errno 111] Connection refused>
g002807: URLError: <urlopen error [Errno 111] Connection refused>
g002897: URLError: <urlopen error [Errno 111] Connection refused>
g002648: URLError: <urlopen error [Errno 111] Connection refused>
g002766: URLError: <urlopen error [Errno 111] Connection refused>
g002811: URLError: <urlopen error [Errno 111] Connection refused>
g002901: URLError: <urlopen error [Errno 111] Connection refused>
g002652: URLError: <urlopen error [Errno 111] Connection refused>
g002770: URLError: <urlopen error [Errno 111] Connection refused>
g002815: URLError: <urlopen error [Errno 111] Connection refused>
g002905: URLError: <urlopen error [Errno 111] Connection refused>
g002774: URLError: <urlopen error [Errno 111] Connection refused>
g002656: URLError: <urlopen error [Errno 111] Connection refused>
g002909: URLError: <urlopen error [Errno 111] Connection refused>
g002819: URLError: <urlopen error [Errno 111] Connection refused>
g002778: URLError: <urlopen error [Errno 111] Connection refused>
g002660: URLError: <urlopen error [Errno 111] Connection refused>
g002913: URLError: <urlopen error [Errno 111] Connection refused>
g002782: URLError: <urlopen error [Errno 111] Connection refused>
g002823: URLError: <urlopen error [Errno 111] Connection refused>
g002664: URLError: <urlopen error [Errno 111] Connection refused>
g002917: URLError: <urlopen error [Errno 111] Connection refused>
g002786: URLError: <urlopen error [Errno 111] Connection refused>
g002827: URLError: <urlopen error [Errno 111] Connection refused>
g002668: URLError: <urlopen error [Errno 111] Connection refused>
g002921: URLError: <urlopen error [Errno 111] Connection refused>
g002831: URLError: <urlopen error [Errno 111] Connection refused>
g002790: URLError: <urlopen error [Errno 111] Connection refused>
g002672: URLError: <urlopen error [Errno 111] Connection refused>
g002925: URLError: <urlopen error [Errno 111] Connection refused>
g002835: URLError: <urlopen error [Errno 111] Connection refused>
g002794: URLError: <urlopen error [Errno 111] Connection refused>
g002676: URLError: <urlopen error [Errno 111] Connection refused>
g002929: URLError: <urlopen error [Errno 111] Connection refused>
g002839: URLError: <urlopen error [Errno 111] Connection refused>
g002798: URLError: <urlopen error [Errno 111] Connection refused>
g002680: URLError: <urlopen error [Errno 111] Connection refused>
g002933: URLError: <urlopen error [Errno 111] Connection refused>
g002843: URLError: <urlopen error [Errno 111] Connection refused>
g002802: URLError: <urlopen error [Errno 111] Connection refused>
g002684: URLError: <urlopen error [Errno 111] Connection refused>
g002937: URLError: <urlopen error [Errno 111] Connection refused>
g002688: URLError: <urlopen error [Errno 111] Connection refused>
g002847: URLError: <urlopen error [Errno 111] Connection refused>
g002806: URLError: <urlopen error [Errno 111] Connection refused>
g002941: URLError: <urlopen error [Errno 111] Connection refused>
g002851: URLError: <urlopen error [Errno 111] Connection refused>
g002692: URLError: <urlopen error [Errno 111] Connection refused>
g002810: URLError: <urlopen error [Errno 111] Connection refused>
g002945: URLError: <urlopen error [Errno 111] Connection refused>
g002855: URLError: <urlopen error [Errno 111] Connection refused>
g002814: URLError: <urlopen error [Errno 111] Connection refused>
g002696: URLError: <urlopen error [Errno 111] Connection refused>
g002949: URLError: <urlopen error [Errno 111] Connection refused>
g002859: URLError: <urlopen error [Errno 111] Connection refused>
g002818: URLError: <urlopen error [Errno 111] Connection refused>
g002700: URLError: <urlopen error [Errno 111] Connection refused>
g002953: URLError: <urlopen error [Errno 111] Connection refused>
g002863: URLError: <urlopen error [Errno 111] Connection refused>
g002822: URLError: <urlopen error [Errno 111] Connection refused>
g002704: URLError: <urlopen error [Errno 111] Connection refused>
g002957: URLError: <urlopen error [Errno 111] Connection refused>
g002867: URLError: <urlopen error [Errno 111] Connection refused>
g002826: URLError: <urlopen error [Errno 111] Connection refused>
g002708: URLError: <urlopen error [Errno 111] Connection refused>
g002961: URLError: <urlopen error [Errno 111] Connection refused>
g002871: URLError: <urlopen error [Errno 111] Connection refused>
g002830: URLError: <urlopen error [Errno 111] Connection refused>
g002712: URLError: <urlopen error [Errno 111] Connection refused>
g002965: URLError: <urlopen error [Errno 111] Connection refused>
g002875: URLError: <urlopen error [Errno 111] Connection refused>
g002716: URLError: <urlopen error [Errno 111] Connection refused>
g002834: URLError: <urlopen error [Errno 111] Connection refused>
g002969: URLError: <urlopen error [Errno 111] Connection refused>
g002879: URLError: <urlopen error [Errno 111] Connection refused>
g002838: URLError: <urlopen error [Errno 111] Connection refused>
g002720: URLError: <urlopen error [Errno 111] Connection refused>
g002973: URLError: <urlopen error [Errno 111] Connection refused>
g002842: URLError: <urlopen error [Errno 111] Connection refused>
g002883: URLError: <urlopen error [Errno 111] Connection refused>
g002724: URLError: <urlopen error [Errno 111] Connection refused>
g002977: URLError: <urlopen error [Errno 111] Connection refused>
g002728: URLError: <urlopen error [Errno 111] Connection refused>
g002887: URLError: <urlopen error [Errno 111] Connection refused>
g002846: URLError: <urlopen error [Errno 111] Connection refused>
g002981: URLError: <urlopen error [Errno 111] Connection refused>
g002850: URLError: <urlopen error [Errno 111] Connection refused>
g002732: URLError: <urlopen error [Errno 111] Connection refused>
g002985: URLError: <urlopen error [Errno 111] Connection refused>
g002891: URLError: <urlopen error [Errno 111] Connection refused>
g002854: URLError: <urlopen error [Errno 111] Connection refused>
g002895: URLError: <urlopen error [Errno 111] Connection refused>
g002736: URLError: <urlopen error [Errno 111] Connection refused>
g002989: URLError: <urlopen error [Errno 111] Connection refused>
g002899: URLError: <urlopen error [Errno 111] Connection refused>
g002858: URLError: <urlopen error [Errno 111] Connection refused>
g002993: URLError: <urlopen error [Errno 111] Connection refused>
g002740: URLError: <urlopen error [Errno 111] Connection refused>
g002903: URLError: <urlopen error [Errno 111] Connection refused>
g002862: URLError: <urlopen error [Errno 111] Connection refused>
g002997: URLError: <urlopen error [Errno 111] Connection refused>
g002744: URLError: <urlopen error [Errno 111] Connection refused>
g002907: URLError: <urlopen error [Errno 111] Connection refused>
g003001: URLError: <urlopen error [Errno 111] Connection refused>
g002748: URLError: <urlopen error [Errno 111] Connection refused>
g002866: URLError: <urlopen error [Errno 111] Connection refused>
g002911: URLError: <urlopen error [Errno 111] Connection refused>
g003005: URLError: <urlopen error [Errno 111] Connection refused>
g002752: URLError: <urlopen error [Errno 111] Connection refused>
g002915: URLError: <urlopen error [Errno 111] Connection refused>
g003009: URLError: <urlopen error [Errno 111] Connection refused>
g002756: URLError: <urlopen error [Errno 111] Connection refused>
g002870: URLError: <urlopen error [Errno 111] Connection refused>
g002919: URLError: <urlopen error [Errno 111] Connection refused>
g003013: URLError: <urlopen error [Errno 111] Connection refused>
g002760: URLError: <urlopen error [Errno 111] Connection refused>
g002874: URLError: <urlopen error [Errno 111] Connection refused>
g002923: URLError: <urlopen error [Errno 111] Connection refused>
g003017: URLError: <urlopen error [Errno 111] Connection refused>
g002878: URLError: <urlopen error [Errno 111] Connection refused>
g002764: URLError: <urlopen error [Errno 111] Connection refused>
g002882: URLError: <urlopen error [Errno 111] Connection refused>
g002927: URLError: <urlopen error [Errno 111] Connection refused>
g003021: URLError: <urlopen error [Errno 111] Connection refused>
g002768: URLError: <urlopen error [Errno 111] Connection refused>
g002886: URLError: <urlopen error [Errno 111] Connection refused>
g002931: URLError: <urlopen error [Errno 111] Connection refused>
g003025: URLError: <urlopen error [Errno 111] Connection refused>
g002890: URLError: <urlopen error [Errno 111] Connection refused>
g002772: URLError: <urlopen error [Errno 111] Connection refused>
g002935: URLError: <urlopen error [Errno 111] Connection refused>
g003029: URLError: <urlopen error [Errno 111] Connection refused>
g002894: URLError: <urlopen error [Errno 111] Connection refused>
g002776: URLError: <urlopen error [Errno 111] Connection refused>
g002898: URLError: <urlopen error [Errno 111] Connection refused>
g002939: URLError: <urlopen error [Errno 111] Connection refused>
g003033: URLError: <urlopen error [Errno 111] Connection refused>
g002902: URLError: <urlopen error [Errno 111] Connection refused>
g002780: URLError: <urlopen error [Errno 111] Connection refused>
g002943: URLError: <urlopen error [Errno 111] Connection refused>
g003037: URLError: <urlopen error [Errno 111] Connection refused>
g002906: URLError: <urlopen error [Errno 111] Connection refused>
g002784: URLError: <urlopen error [Errno 111] Connection refused>
g002910: URLError: <urlopen error [Errno 111] Connection refused>
g002947: URLError: <urlopen error [Errno 111] Connection refused>
g003041: URLError: <urlopen error [Errno 111] Connection refused>
g002914: URLError: <urlopen error [Errno 111] Connection refused>
g002788: URLError: <urlopen error [Errno 111] Connection refused>
g002951: URLError: <urlopen error [Errno 111] Connection refused>
g002918: URLError: <urlopen error [Errno 111] Connection refused>
g003045: URLError: <urlopen error [Errno 111] Connection refused>
g002792: URLError: <urlopen error [Errno 111] Connection refused>
g002922: URLError: <urlopen error [Errno 111] Connection refused>
g002955: URLError: <urlopen error [Errno 111] Connection refused>
g003049: URLError: <urlopen error [Errno 111] Connection refused>
g002926: URLError: <urlopen error [Errno 111] Connection refused>
g002796: URLError: <urlopen error [Errno 111] Connection refused>
g002930: URLError: <urlopen error [Errno 111] Connection refused>
g002959: URLError: <urlopen error [Errno 111] Connection refused>
g003053: URLError: <urlopen error [Errno 111] Connection refused>
g002800: URLError: <urlopen error [Errno 111] Connection refused>
g002934: URLError: <urlopen error [Errno 111] Connection refused>
g002963: URLError: <urlopen error [Errno 111] Connection refused>
g003057: URLError: <urlopen error [Errno 111] Connection refused>
g002938: URLError: <urlopen error [Errno 111] Connection refused>
g002804: URLError: <urlopen error [Errno 111] Connection refused>
g002942: URLError: <urlopen error [Errno 111] Connection refused>
g002967: URLError: <urlopen error [Errno 111] Connection refused>
g002808: URLError: <urlopen error [Errno 111] Connection refused>
g002946: URLError: <urlopen error [Errno 111] Connection refused>
g002971: URLError: <urlopen error [Errno 111] Connection refused>
g003061: URLError: <urlopen error [Errno 111] Connection refused>
g002950: URLError: <urlopen error [Errno 111] Connection refused>
g002812: URLError: <urlopen error [Errno 111] Connection refused>
g002975: URLError: <urlopen error [Errno 111] Connection refused>
g002954: URLError: <urlopen error [Errno 111] Connection refused>
g003065: URLError: <urlopen error [Errno 111] Connection refused>
g002816: URLError: <urlopen error [Errno 111] Connection refused>
g002958: URLError: <urlopen error [Errno 111] Connection refused>
g002979: URLError: <urlopen error [Errno 111] Connection refused>
g003069: URLError: <urlopen error [Errno 111] Connection refused>
g002820: URLError: <urlopen error [Errno 111] Connection refused>
g002962: URLError: <urlopen error [Errno 111] Connection refused>
g002983: URLError: <urlopen error [Errno 111] Connection refused>
g002966: URLError: <urlopen error [Errno 111] Connection refused>
g002824: URLError: <urlopen error [Errno 111] Connection refused>
g003073: URLError: <urlopen error [Errno 111] Connection refused>
g002987: URLError: <urlopen error [Errno 111] Connection refused>
g002970: URLError: <urlopen error [Errno 111] Connection refused>
g003077: URLError: <urlopen error [Errno 111] Connection refused>
g002828: URLError: <urlopen error [Errno 111] Connection refused>
g002974: URLError: <urlopen error [Errno 111] Connection refused>
g002991: URLError: <urlopen error [Errno 111] Connection refused>
g002978: URLError: <urlopen error [Errno 111] Connection refused>
g003081: URLError: <urlopen error [Errno 111] Connection refused>
g002832: URLError: <urlopen error [Errno 111] Connection refused>
g002995: URLError: <urlopen error [Errno 111] Connection refused>
g002982: URLError: <urlopen error [Errno 111] Connection refused>
g002986: URLError: <urlopen error [Errno 111] Connection refused>
g003085: URLError: <urlopen error [Errno 111] Connection refused>
g002836: URLError: <urlopen error [Errno 111] Connection refused>
g002999: URLError: <urlopen error [Errno 111] Connection refused>
g002990: URLError: <urlopen error [Errno 111] Connection refused>
g003089: URLError: <urlopen error [Errno 111] Connection refused>
g003003: URLError: <urlopen error [Errno 111] Connection refused>
g002840: URLError: <urlopen error [Errno 111] Connection refused>
g002994: URLError: <urlopen error [Errno 111] Connection refused>
g002998: URLError: <urlopen error [Errno 111] Connection refused>
g003093: URLError: <urlopen error [Errno 111] Connection refused>
g003007: URLError: <urlopen error [Errno 111] Connection refused>
g002844: URLError: <urlopen error [Errno 111] Connection refused>
g003002: URLError: <urlopen error [Errno 111] Connection refused>
g003097: URLError: <urlopen error [Errno 111] Connection refused>
g003011: URLError: <urlopen error [Errno 111] Connection refused>
g003006: URLError: <urlopen error [Errno 111] Connection refused>
g002848: URLError: <urlopen error [Errno 111] Connection refused>
g003101: URLError: <urlopen error [Errno 111] Connection refused>
g003010: URLError: <urlopen error [Errno 111] Connection refused>
g003015: URLError: <urlopen error [Errno 111] Connection refused>
g003014: URLError: <urlopen error [Errno 111] Connection refused>
g002852: URLError: <urlopen error [Errno 111] Connection refused>
g003105: URLError: <urlopen error [Errno 111] Connection refused>
g003019: URLError: <urlopen error [Errno 111] Connection refused>
g003018: URLError: <urlopen error [Errno 111] Connection refused>
g003022: URLError: <urlopen error [Errno 111] Connection refused>
g002856: URLError: <urlopen error [Errno 111] Connection refused>
g003023: URLError: <urlopen error [Errno 111] Connection refused>
g003109: URLError: <urlopen error [Errno 111] Connection refused>
g003026: URLError: <urlopen error [Errno 111] Connection refused>
g003027: URLError: <urlopen error [Errno 111] Connection refused>
g003113: URLError: <urlopen error [Errno 111] Connection refused>
g002860: URLError: <urlopen error [Errno 111] Connection refused>
g003030: URLError: <urlopen error [Errno 111] Connection refused>
g003034: URLError: <urlopen error [Errno 111] Connection refused>
g003031: URLError: <urlopen error [Errno 111] Connection refused>
g003117: URLError: <urlopen error [Errno 111] Connection refused>
g002864: URLError: <urlopen error [Errno 111] Connection refused>
g003038: URLError: <urlopen error [Errno 111] Connection refused>
g003035: URLError: <urlopen error [Errno 111] Connection refused>
g003121: URLError: <urlopen error [Errno 111] Connection refused>
g003042: URLError: <urlopen error [Errno 111] Connection refused>
g002868: URLError: <urlopen error [Errno 111] Connection refused>
g003039: URLError: <urlopen error [Errno 111] Connection refused>
g003125: URLError: <urlopen error [Errno 111] Connection refused>
g002872: URLError: <urlopen error [Errno 111] Connection refused>
g003046: URLError: <urlopen error [Errno 111] Connection refused>
g003043: URLError: <urlopen error [Errno 111] Connection refused>
g003129: URLError: <urlopen error [Errno 111] Connection refused>
g002876: URLError: <urlopen error [Errno 111] Connection refused>
g003050: URLError: <urlopen error [Errno 111] Connection refused>
g003047: URLError: <urlopen error [Errno 111] Connection refused>
g003133: URLError: <urlopen error [Errno 111] Connection refused>
g002880: URLError: <urlopen error [Errno 111] Connection refused>
g003054: URLError: <urlopen error [Errno 111] Connection refused>
g003051: URLError: <urlopen error [Errno 111] Connection refused>
g003137: URLError: <urlopen error [Errno 111] Connection refused>
g002884: URLError: <urlopen error [Errno 111] Connection refused>
g003055: URLError: <urlopen error [Errno 111] Connection refused>
g002888: URLError: <urlopen error [Errno 111] Connection refused>
g003058: URLError: <urlopen error [Errno 111] Connection refused>
g003141: URLError: <urlopen error [Errno 111] Connection refused>
g002892: URLError: <urlopen error [Errno 111] Connection refused>
g003062: URLError: <urlopen error [Errno 111] Connection refused>
g003145: URLError: <urlopen error [Errno 111] Connection refused>
g003059: URLError: <urlopen error [Errno 111] Connection refused>
g003063: URLError: <urlopen error [Errno 111] Connection refused>
g003066: URLError: <urlopen error [Errno 111] Connection refused>
g003149: URLError: <urlopen error [Errno 111] Connection refused>
g002896: URLError: <urlopen error [Errno 111] Connection refused>
g003067: URLError: <urlopen error [Errno 111] Connection refused>
g003153: URLError: <urlopen error [Errno 111] Connection refused>
g003070: URLError: <urlopen error [Errno 111] Connection refused>
g002900: URLError: <urlopen error [Errno 111] Connection refused>
g003071: URLError: <urlopen error [Errno 111] Connection refused>
g003157: URLError: <urlopen error [Errno 111] Connection refused>
g003074: URLError: <urlopen error [Errno 111] Connection refused>
g002904: URLError: <urlopen error [Errno 111] Connection refused>
g003075: URLError: <urlopen error [Errno 111] Connection refused>
g002908: URLError: <urlopen error [Errno 111] Connection refused>
g003078: URLError: <urlopen error [Errno 111] Connection refused>
g003161: URLError: <urlopen error [Errno 111] Connection refused>
g003079: URLError: <urlopen error [Errno 111] Connection refused>
g002912: URLError: <urlopen error [Errno 111] Connection refused>
g003165: URLError: <urlopen error [Errno 111] Connection refused>
g003082: URLError: <urlopen error [Errno 111] Connection refused>
g003083: URLError: <urlopen error [Errno 111] Connection refused>
g002916: URLError: <urlopen error [Errno 111] Connection refused>
g003169: URLError: <urlopen error [Errno 111] Connection refused>
g003086: URLError: <urlopen error [Errno 111] Connection refused>
g003087: URLError: <urlopen error [Errno 111] Connection refused>
g003173: URLError: <urlopen error [Errno 111] Connection refused>
g002920: URLError: <urlopen error [Errno 111] Connection refused>
g003090: URLError: <urlopen error [Errno 111] Connection refused>
g003091: URLError: <urlopen error [Errno 111] Connection refused>
g003177: URLError: <urlopen error [Errno 111] Connection refused>
g002924: URLError: <urlopen error [Errno 111] Connection refused>
g003094: URLError: <urlopen error [Errno 111] Connection refused>
g003095: URLError: <urlopen error [Errno 111] Connection refused>
g003181: URLError: <urlopen error [Errno 111] Connection refused>
g002928: URLError: <urlopen error [Errno 111] Connection refused>
g003098: URLError: <urlopen error [Errno 111] Connection refused>
g003099: URLError: <urlopen error [Errno 111] Connection refused>
g003185: URLError: <urlopen error [Errno 111] Connection refused>
g002932: URLError: <urlopen error [Errno 111] Connection refused>
g003102: URLError: <urlopen error [Errno 111] Connection refused>
g003103: URLError: <urlopen error [Errno 111] Connection refused>
g003189: URLError: <urlopen error [Errno 111] Connection refused>
g002936: URLError: <urlopen error [Errno 111] Connection refused>
g003106: URLError: <urlopen error [Errno 111] Connection refused>
g003107: URLError: <urlopen error [Errno 111] Connection refused>
g003193: URLError: <urlopen error [Errno 111] Connection refused>
g002940: URLError: <urlopen error [Errno 111] Connection refused>
g003110: URLError: <urlopen error [Errno 111] Connection refused>
g003111: URLError: <urlopen error [Errno 111] Connection refused>
g003197: URLError: <urlopen error [Errno 111] Connection refused>
g002944: URLError: <urlopen error [Errno 111] Connection refused>
g003114: URLError: <urlopen error [Errno 111] Connection refused>
g003115: URLError: <urlopen error [Errno 111] Connection refused>
g003201: URLError: <urlopen error [Errno 111] Connection refused>
g002948: URLError: <urlopen error [Errno 111] Connection refused>
g003118: URLError: <urlopen error [Errno 111] Connection refused>
g003119: URLError: <urlopen error [Errno 111] Connection refused>
g003205: URLError: <urlopen error [Errno 111] Connection refused>
g002952: URLError: <urlopen error [Errno 111] Connection refused>
g003122: URLError: <urlopen error [Errno 111] Connection refused>
g003123: URLError: <urlopen error [Errno 111] Connection refused>
g003209: URLError: <urlopen error [Errno 111] Connection refused>
g002956: URLError: <urlopen error [Errno 111] Connection refused>
g003127: URLError: <urlopen error [Errno 111] Connection refused>
g003126: URLError: <urlopen error [Errno 111] Connection refused>
g003213: URLError: <urlopen error [Errno 111] Connection refused>
g002960: URLError: <urlopen error [Errno 111] Connection refused>
g003131: URLError: <urlopen error [Errno 111] Connection refused>
g003217: URLError: <urlopen error [Errno 111] Connection refused>
g002964: URLError: <urlopen error [Errno 111] Connection refused>
g003130: URLError: <urlopen error [Errno 111] Connection refused>
g003135: URLError: <urlopen error [Errno 111] Connection refused>
g003221: URLError: <urlopen error [Errno 111] Connection refused>
g002968: URLError: <urlopen error [Errno 111] Connection refused>
g003134: URLError: <urlopen error [Errno 111] Connection refused>
g003139: URLError: <urlopen error [Errno 111] Connection refused>
g002972: URLError: <urlopen error [Errno 111] Connection refused>
g003138: URLError: <urlopen error [Errno 111] Connection refused>
g003225: URLError: <urlopen error [Errno 111] Connection refused>
g003143: URLError: <urlopen error [Errno 111] Connection refused>
g003142: URLError: <urlopen error [Errno 111] Connection refused>
g002976: URLError: <urlopen error [Errno 111] Connection refused>
g003229: URLError: <urlopen error [Errno 111] Connection refused>
g003147: URLError: <urlopen error [Errno 111] Connection refused>
g003146: URLError: <urlopen error [Errno 111] Connection refused>
g002980: URLError: <urlopen error [Errno 111] Connection refused>
g003233: URLError: <urlopen error [Errno 111] Connection refused>
g003151: URLError: <urlopen error [Errno 111] Connection refused>
g003150: URLError: <urlopen error [Errno 111] Connection refused>
g002984: URLError: <urlopen error [Errno 111] Connection refused>
g003237: URLError: <urlopen error [Errno 111] Connection refused>
g003155: URLError: <urlopen error [Errno 111] Connection refused>
g003241: URLError: <urlopen error [Errno 111] Connection refused>
g002988: URLError: <urlopen error [Errno 111] Connection refused>
g003154: URLError: <urlopen error [Errno 111] Connection refused>
g003158: URLError: <urlopen error [Errno 111] Connection refused>
g003159: URLError: <urlopen error [Errno 111] Connection refused>
g002992: URLError: <urlopen error [Errno 111] Connection refused>
g003245: URLError: <urlopen error [Errno 111] Connection refused>
g003162: URLError: <urlopen error [Errno 111] Connection refused>
g003163: URLError: <urlopen error [Errno 111] Connection refused>
g003249: URLError: <urlopen error [Errno 111] Connection refused>
g002996: URLError: <urlopen error [Errno 111] Connection refused>
g003167: URLError: <urlopen error [Errno 111] Connection refused>
g003000: URLError: <urlopen error [Errno 111] Connection refused>
g003166: URLError: <urlopen error [Errno 111] Connection refused>
g003253: URLError: <urlopen error [Errno 111] Connection refused>
g003171: URLError: <urlopen error [Errno 111] Connection refused>
g003004: URLError: <urlopen error [Errno 111] Connection refused>
g003170: URLError: <urlopen error [Errno 111] Connection refused>
g003257: URLError: <urlopen error [Errno 111] Connection refused>
g003175: URLError: <urlopen error [Errno 111] Connection refused>
g003008: URLError: <urlopen error [Errno 111] Connection refused>
g003174: URLError: <urlopen error [Errno 111] Connection refused>
g003261: URLError: <urlopen error [Errno 111] Connection refused>
g003179: URLError: <urlopen error [Errno 111] Connection refused>
g003012: URLError: <urlopen error [Errno 111] Connection refused>
g003178: URLError: <urlopen error [Errno 111] Connection refused>
g003265: URLError: <urlopen error [Errno 111] Connection refused>
g003183: URLError: <urlopen error [Errno 111] Connection refused>
g003016: URLError: <urlopen error [Errno 111] Connection refused>
g003269: URLError: <urlopen error [Errno 111] Connection refused>
g003182: URLError: <urlopen error [Errno 111] Connection refused>
g003187: URLError: <urlopen error [Errno 111] Connection refused>
g003020: URLError: <urlopen error [Errno 111] Connection refused>
g003273: URLError: <urlopen error [Errno 111] Connection refused>
g003186: URLError: <urlopen error [Errno 111] Connection refused>
g003191: URLError: <urlopen error [Errno 111] Connection refused>
g003024: URLError: <urlopen error [Errno 111] Connection refused>
g003190: URLError: <urlopen error [Errno 111] Connection refused>
g003277: URLError: <urlopen error [Errno 111] Connection refused>
g003195: URLError: <urlopen error [Errno 111] Connection refused>
g003281: URLError: <urlopen error [Errno 111] Connection refused>
g003194: URLError: <urlopen error [Errno 111] Connection refused>
g003028: URLError: <urlopen error [Errno 111] Connection refused>
g003199: URLError: <urlopen error [Errno 111] Connection refused>
g003285: URLError: <urlopen error [Errno 111] Connection refused>
g003198: URLError: <urlopen error [Errno 111] Connection refused>
g003032: URLError: <urlopen error [Errno 111] Connection refused>
g003203: URLError: <urlopen error [Errno 111] Connection refused>
g003202: URLError: <urlopen error [Errno 111] Connection refused>
g003036: URLError: <urlopen error [Errno 111] Connection refused>
g003289: URLError: <urlopen error [Errno 111] Connection refused>
g003040: URLError: <urlopen error [Errno 111] Connection refused>
g003207: URLError: <urlopen error [Errno 111] Connection refused>
g003206: URLError: <urlopen error [Errno 111] Connection refused>
g003293: URLError: <urlopen error [Errno 111] Connection refused>
g003211: URLError: <urlopen error [Errno 111] Connection refused>
g003044: URLError: <urlopen error [Errno 111] Connection refused>
g003210: URLError: <urlopen error [Errno 111] Connection refused>
g003297: URLError: <urlopen error [Errno 111] Connection refused>
g003215: URLError: <urlopen error [Errno 111] Connection refused>
g003214: URLError: <urlopen error [Errno 111] Connection refused>
g003048: URLError: <urlopen error [Errno 111] Connection refused>
g003301: URLError: <urlopen error [Errno 111] Connection refused>
g003219: URLError: <urlopen error [Errno 111] Connection refused>
g003218: URLError: <urlopen error [Errno 111] Connection refused>
g003052: URLError: <urlopen error [Errno 111] Connection refused>
g003305: URLError: <urlopen error [Errno 111] Connection refused>
g003056: URLError: <urlopen error [Errno 111] Connection refused>
g003223: URLError: <urlopen error [Errno 111] Connection refused>
g003222: URLError: <urlopen error [Errno 111] Connection refused>
g003309: URLError: <urlopen error [Errno 111] Connection refused>
g003060: URLError: <urlopen error [Errno 111] Connection refused>
g003227: URLError: <urlopen error [Errno 111] Connection refused>
g003226: URLError: <urlopen error [Errno 111] Connection refused>
g003313: URLError: <urlopen error [Errno 111] Connection refused>
g003231: URLError: <urlopen error [Errno 111] Connection refused>
g003064: URLError: <urlopen error [Errno 111] Connection refused>
g003230: URLError: <urlopen error [Errno 111] Connection refused>
g003317: URLError: <urlopen error [Errno 111] Connection refused>
g003235: URLError: <urlopen error [Errno 111] Connection refused>
g003068: URLError: <urlopen error [Errno 111] Connection refused>
g003321: URLError: <urlopen error [Errno 111] Connection refused>
g003234: URLError: <urlopen error [Errno 111] Connection refused>
g003072: URLError: <urlopen error [Errno 111] Connection refused>
g003239: URLError: <urlopen error [Errno 111] Connection refused>
g003325: URLError: <urlopen error [Errno 111] Connection refused>
g003238: URLError: <urlopen error [Errno 111] Connection refused>
g003243: URLError: <urlopen error [Errno 111] Connection refused>
g003242: URLError: <urlopen error [Errno 111] Connection refused>
g003076: URLError: <urlopen error [Errno 111] Connection refused>
g003329: URLError: <urlopen error [Errno 111] Connection refused>
g003247: URLError: <urlopen error [Errno 111] Connection refused>
g003246: URLError: <urlopen error [Errno 111] Connection refused>
g003333: URLError: <urlopen error [Errno 111] Connection refused>
g003080: URLError: <urlopen error [Errno 111] Connection refused>
g003251: URLError: <urlopen error [Errno 111] Connection refused>
g003337: URLError: <urlopen error [Errno 111] Connection refused>
g003250: URLError: <urlopen error [Errno 111] Connection refused>
g003084: URLError: <urlopen error [Errno 111] Connection refused>
g003255: URLError: <urlopen error [Errno 111] Connection refused>
g003341: URLError: <urlopen error [Errno 111] Connection refused>
g003088: URLError: <urlopen error [Errno 111] Connection refused>
g003254: URLError: <urlopen error [Errno 111] Connection refused>
g003259: URLError: <urlopen error [Errno 111] Connection refused>
g003345: URLError: <urlopen error [Errno 111] Connection refused>
g003092: URLError: <urlopen error [Errno 111] Connection refused>
g003258: URLError: <urlopen error [Errno 111] Connection refused>
g003263: URLError: <urlopen error [Errno 111] Connection refused>
g003349: URLError: <urlopen error [Errno 111] Connection refused>
g003096: URLError: <urlopen error [Errno 111] Connection refused>
g003262: URLError: <urlopen error [Errno 111] Connection refused>
g003267: URLError: <urlopen error [Errno 111] Connection refused>
g003353: URLError: <urlopen error [Errno 111] Connection refused>
g003100: URLError: <urlopen error [Errno 111] Connection refused>
g003266: URLError: <urlopen error [Errno 111] Connection refused>
g003271: URLError: <urlopen error [Errno 111] Connection refused>
g003357: URLError: <urlopen error [Errno 111] Connection refused>
g003270: URLError: <urlopen error [Errno 111] Connection refused>
g003275: URLError: <urlopen error [Errno 111] Connection refused>
g003104: URLError: <urlopen error [Errno 111] Connection refused>
g003361: URLError: <urlopen error [Errno 111] Connection refused>
g003274: URLError: <urlopen error [Errno 111] Connection refused>
g003279: URLError: <urlopen error [Errno 111] Connection refused>
g003365: URLError: <urlopen error [Errno 111] Connection refused>
g003108: URLError: <urlopen error [Errno 111] Connection refused>
g003278: URLError: <urlopen error [Errno 111] Connection refused>
g003369: URLError: <urlopen error [Errno 111] Connection refused>
g003112: URLError: <urlopen error [Errno 111] Connection refused>
g003283: URLError: <urlopen error [Errno 111] Connection refused>
g003282: URLError: <urlopen error [Errno 111] Connection refused>
g003116: URLError: <urlopen error [Errno 111] Connection refused>
g003287: URLError: <urlopen error [Errno 111] Connection refused>
g003286: URLError: <urlopen error [Errno 111] Connection refused>
g003373: URLError: <urlopen error [Errno 111] Connection refused>
g003120: URLError: <urlopen error [Errno 111] Connection refused>
g003291: URLError: <urlopen error [Errno 111] Connection refused>
g003290: URLError: <urlopen error [Errno 111] Connection refused>
g003377: URLError: <urlopen error [Errno 111] Connection refused>
g003124: URLError: <urlopen error [Errno 111] Connection refused>
g003381: URLError: <urlopen error [Errno 111] Connection refused>
g003295: URLError: <urlopen error [Errno 111] Connection refused>
g003294: URLError: <urlopen error [Errno 111] Connection refused>
g003128: URLError: <urlopen error [Errno 111] Connection refused>
g003298: URLError: <urlopen error [Errno 111] Connection refused>
g003299: URLError: <urlopen error [Errno 111] Connection refused>
g003132: URLError: <urlopen error [Errno 111] Connection refused>
g003302: URLError: <urlopen error [Errno 111] Connection refused>
g003303: URLError: <urlopen error [Errno 111] Connection refused>
g003385: URLError: <urlopen error [Errno 111] Connection refused>
g003136: URLError: <urlopen error [Errno 111] Connection refused>
g003306: URLError: <urlopen error [Errno 111] Connection refused>
g003307: URLError: <urlopen error [Errno 111] Connection refused>
g003389: URLError: <urlopen error [Errno 111] Connection refused>
g003140: URLError: <urlopen error [Errno 111] Connection refused>
g003310: URLError: <urlopen error [Errno 111] Connection refused>
g003311: URLError: <urlopen error [Errno 111] Connection refused>
g003393: URLError: <urlopen error [Errno 111] Connection refused>
g003144: URLError: <urlopen error [Errno 111] Connection refused>
g003314: URLError: <urlopen error [Errno 111] Connection refused>
g003315: URLError: <urlopen error [Errno 111] Connection refused>
g003397: URLError: <urlopen error [Errno 111] Connection refused>
g003318: URLError: <urlopen error [Errno 111] Connection refused>
g003148: URLError: <urlopen error [Errno 111] Connection refused>
g003319: URLError: <urlopen error [Errno 111] Connection refused>
g003401: URLError: <urlopen error [Errno 111] Connection refused>
g003152: URLError: <urlopen error [Errno 111] Connection refused>
g003322: URLError: <urlopen error [Errno 111] Connection refused>
g003323: URLError: <urlopen error [Errno 111] Connection refused>
g003405: URLError: <urlopen error [Errno 111] Connection refused>
g003409: URLError: <urlopen error [Errno 111] Connection refused>
g003156: URLError: <urlopen error [Errno 111] Connection refused>
g003327: URLError: <urlopen error [Errno 111] Connection refused>
g003326: URLError: <urlopen error [Errno 111] Connection refused>
g003331: URLError: <urlopen error [Errno 111] Connection refused>
g003413: URLError: <urlopen error [Errno 111] Connection refused>
g003160: URLError: <urlopen error [Errno 111] Connection refused>
g003330: URLError: <urlopen error [Errno 111] Connection refused>
g003335: URLError: <urlopen error [Errno 111] Connection refused>
g003164: URLError: <urlopen error [Errno 111] Connection refused>
g003417: URLError: <urlopen error [Errno 111] Connection refused>
g003334: URLError: <urlopen error [Errno 111] Connection refused>
g003421: URLError: <urlopen error [Errno 111] Connection refused>
g003339: URLError: <urlopen error [Errno 111] Connection refused>
g003168: URLError: <urlopen error [Errno 111] Connection refused>
g003338: URLError: <urlopen error [Errno 111] Connection refused>
g003343: URLError: <urlopen error [Errno 111] Connection refused>
g003425: URLError: <urlopen error [Errno 111] Connection refused>
g003342: URLError: <urlopen error [Errno 111] Connection refused>
g003172: URLError: <urlopen error [Errno 111] Connection refused>
g003347: URLError: <urlopen error [Errno 111] Connection refused>
g003429: URLError: <urlopen error [Errno 111] Connection refused>
g003176: URLError: <urlopen error [Errno 111] Connection refused>
g003346: URLError: <urlopen error [Errno 111] Connection refused>
g003351: URLError: <urlopen error [Errno 111] Connection refused>
g003180: URLError: <urlopen error [Errno 111] Connection refused>
g003433: URLError: <urlopen error [Errno 111] Connection refused>
g003350: URLError: <urlopen error [Errno 111] Connection refused>
g003355: URLError: <urlopen error [Errno 111] Connection refused>
g003437: URLError: <urlopen error [Errno 111] Connection refused>
g003184: URLError: <urlopen error [Errno 111] Connection refused>
g003354: URLError: <urlopen error [Errno 111] Connection refused>
g003188: URLError: <urlopen error [Errno 111] Connection refused>
g003441: URLError: <urlopen error [Errno 111] Connection refused>
g003358: URLError: <urlopen error [Errno 111] Connection refused>
g003359: URLError: <urlopen error [Errno 111] Connection refused>
g003192: URLError: <urlopen error [Errno 111] Connection refused>
g003363: URLError: <urlopen error [Errno 111] Connection refused>
g003362: URLError: <urlopen error [Errno 111] Connection refused>
g003445: URLError: <urlopen error [Errno 111] Connection refused>
g003367: URLError: <urlopen error [Errno 111] Connection refused>
g003449: URLError: <urlopen error [Errno 111] Connection refused>
g003366: URLError: <urlopen error [Errno 111] Connection refused>
g003196: URLError: <urlopen error [Errno 111] Connection refused>
g003371: URLError: <urlopen error [Errno 111] Connection refused>
g003370: URLError: <urlopen error [Errno 111] Connection refused>
g003200: URLError: <urlopen error [Errno 111] Connection refused>
g003453: URLError: <urlopen error [Errno 111] Connection refused>
g003375: URLError: <urlopen error [Errno 111] Connection refused>
g003204: URLError: <urlopen error [Errno 111] Connection refused>
g003374: URLError: <urlopen error [Errno 111] Connection refused>
g003457: URLError: <urlopen error [Errno 111] Connection refused>
g003379: URLError: <urlopen error [Errno 111] Connection refused>
g003208: URLError: <urlopen error [Errno 111] Connection refused>
g003378: URLError: <urlopen error [Errno 111] Connection refused>
g003461: URLError: <urlopen error [Errno 111] Connection refused>
g003383: URLError: <urlopen error [Errno 111] Connection refused>
g003212: URLError: <urlopen error [Errno 111] Connection refused>
g003465: URLError: <urlopen error [Errno 111] Connection refused>
g003382: URLError: <urlopen error [Errno 111] Connection refused>
g003387: URLError: <urlopen error [Errno 111] Connection refused>
g003216: URLError: <urlopen error [Errno 111] Connection refused>
g003386: URLError: <urlopen error [Errno 111] Connection refused>
g003469: URLError: <urlopen error [Errno 111] Connection refused>
g003391: URLError: <urlopen error [Errno 111] Connection refused>
g003220: URLError: <urlopen error [Errno 111] Connection refused>
g003390: URLError: <urlopen error [Errno 111] Connection refused>
g003473: URLError: <urlopen error [Errno 111] Connection refused>
g003395: URLError: <urlopen error [Errno 111] Connection refused>
g003394: URLError: <urlopen error [Errno 111] Connection refused>
g003224: URLError: <urlopen error [Errno 111] Connection refused>
g003477: URLError: <urlopen error [Errno 111] Connection refused>
g003399: URLError: <urlopen error [Errno 111] Connection refused>
g003398: URLError: <urlopen error [Errno 111] Connection refused>
g003228: URLError: <urlopen error [Errno 111] Connection refused>
g003481: URLError: <urlopen error [Errno 111] Connection refused>
g003403: URLError: <urlopen error [Errno 111] Connection refused>
g003402: URLError: <urlopen error [Errno 111] Connection refused>
g003232: URLError: <urlopen error [Errno 111] Connection refused>
g003485: URLError: <urlopen error [Errno 111] Connection refused>
g003407: URLError: <urlopen error [Errno 111] Connection refused>
g003406: URLError: <urlopen error [Errno 111] Connection refused>
g003489: URLError: <urlopen error [Errno 111] Connection refused>
g003236: URLError: <urlopen error [Errno 111] Connection refused>
g003411: URLError: <urlopen error [Errno 111] Connection refused>
g003240: URLError: <urlopen error [Errno 111] Connection refused>
g003493: URLError: <urlopen error [Errno 111] Connection refused>
g003410: URLError: <urlopen error [Errno 111] Connection refused>
g003415: URLError: <urlopen error [Errno 111] Connection refused>
g003497: URLError: <urlopen error [Errno 111] Connection refused>
g003414: URLError: <urlopen error [Errno 111] Connection refused>
g003244: URLError: <urlopen error [Errno 111] Connection refused>
g003419: URLError: <urlopen error [Errno 111] Connection refused>
g003418: URLError: <urlopen error [Errno 111] Connection refused>
g003423: URLError: <urlopen error [Errno 111] Connection refused>
g003501: URLError: <urlopen error [Errno 111] Connection refused>
g003422: URLError: <urlopen error [Errno 111] Connection refused>
g003248: URLError: <urlopen error [Errno 111] Connection refused>
g003427: URLError: <urlopen error [Errno 111] Connection refused>
g003505: URLError: <urlopen error [Errno 111] Connection refused>
g003431: URLError: <urlopen error [Errno 111] Connection refused>
g003509: URLError: <urlopen error [Errno 111] Connection refused>
g003426: URLError: <urlopen error [Errno 111] Connection refused>
g003252: URLError: <urlopen error [Errno 111] Connection refused>
g003513: URLError: <urlopen error [Errno 111] Connection refused>
g003430: URLError: <urlopen error [Errno 111] Connection refused>
g003435: URLError: <urlopen error [Errno 111] Connection refused>
g003256: URLError: <urlopen error [Errno 111] Connection refused>
g003517: URLError: <urlopen error [Errno 111] Connection refused>
g003439: URLError: <urlopen error [Errno 111] Connection refused>
g003434: URLError: <urlopen error [Errno 111] Connection refused>
g003260: URLError: <urlopen error [Errno 111] Connection refused>
g003521: URLError: <urlopen error [Errno 111] Connection refused>
g003443: URLError: <urlopen error [Errno 111] Connection refused>
g003438: URLError: <urlopen error [Errno 111] Connection refused>
g003525: URLError: <urlopen error [Errno 111] Connection refused>
g003264: URLError: <urlopen error [Errno 111] Connection refused>
g003447: URLError: <urlopen error [Errno 111] Connection refused>
g003442: URLError: <urlopen error [Errno 111] Connection refused>
g003529: URLError: <urlopen error [Errno 111] Connection refused>
g003451: URLError: <urlopen error [Errno 111] Connection refused>
g003268: URLError: <urlopen error [Errno 111] Connection refused>
g003446: URLError: <urlopen error [Errno 111] Connection refused>
g003533: URLError: <urlopen error [Errno 111] Connection refused>
g003455: URLError: <urlopen error [Errno 111] Connection refused>
g003450: URLError: <urlopen error [Errno 111] Connection refused>
g003272: URLError: <urlopen error [Errno 111] Connection refused>
g003537: URLError: <urlopen error [Errno 111] Connection refused>
g003459: URLError: <urlopen error [Errno 111] Connection refused>
g003454: URLError: <urlopen error [Errno 111] Connection refused>
g003541: URLError: <urlopen error [Errno 111] Connection refused>
g003276: URLError: <urlopen error [Errno 111] Connection refused>
g003463: URLError: <urlopen error [Errno 111] Connection refused>
g003458: URLError: <urlopen error [Errno 111] Connection refused>
g003545: URLError: <urlopen error [Errno 111] Connection refused>
g003467: URLError: <urlopen error [Errno 111] Connection refused>
g003462: URLError: <urlopen error [Errno 111] Connection refused>
g003280: URLError: <urlopen error [Errno 111] Connection refused>
g003466: URLError: <urlopen error [Errno 111] Connection refused>
g003471: URLError: <urlopen error [Errno 111] Connection refused>
g003549: URLError: <urlopen error [Errno 111] Connection refused>
g003284: URLError: <urlopen error [Errno 111] Connection refused>
g003288: URLError: <urlopen error [Errno 111] Connection refused>
g003553: URLError: <urlopen error [Errno 111] Connection refused>
g003470: URLError: <urlopen error [Errno 111] Connection refused>
g003475: URLError: <urlopen error [Errno 111] Connection refused>
g003479: URLError: <urlopen error [Errno 111] Connection refused>
g003557: URLError: <urlopen error [Errno 111] Connection refused>
g003474: URLError: <urlopen error [Errno 111] Connection refused>
g003292: URLError: <urlopen error [Errno 111] Connection refused>
g003478: URLError: <urlopen error [Errno 111] Connection refused>
g003296: URLError: <urlopen error [Errno 111] Connection refused>
g003483: URLError: <urlopen error [Errno 111] Connection refused>
g003561: URLError: <urlopen error [Errno 111] Connection refused>
g003487: URLError: <urlopen error [Errno 111] Connection refused>
g003565: URLError: <urlopen error [Errno 111] Connection refused>
g003300: URLError: <urlopen error [Errno 111] Connection refused>
g003482: URLError: <urlopen error [Errno 111] Connection refused>
g003491: URLError: <urlopen error [Errno 111] Connection refused>
g003569: URLError: <urlopen error [Errno 111] Connection refused>
g003486: URLError: <urlopen error [Errno 111] Connection refused>
g003304: URLError: <urlopen error [Errno 111] Connection refused>
g003495: URLError: <urlopen error [Errno 111] Connection refused>
g003573: URLError: <urlopen error [Errno 111] Connection refused>
g003308: URLError: <urlopen error [Errno 111] Connection refused>
g003490: URLError: <urlopen error [Errno 111] Connection refused>
g003499: URLError: <urlopen error [Errno 111] Connection refused>
g003577: URLError: <urlopen error [Errno 111] Connection refused>
g003494: URLError: <urlopen error [Errno 111] Connection refused>
g003312: URLError: <urlopen error [Errno 111] Connection refused>
g003498: URLError: <urlopen error [Errno 111] Connection refused>
g003503: URLError: <urlopen error [Errno 111] Connection refused>
g003581: URLError: <urlopen error [Errno 111] Connection refused>
g003316: URLError: <urlopen error [Errno 111] Connection refused>
g003507: URLError: <urlopen error [Errno 111] Connection refused>
g003585: URLError: <urlopen error [Errno 111] Connection refused>
g003320: URLError: <urlopen error [Errno 111] Connection refused>
g003511: URLError: <urlopen error [Errno 111] Connection refused>
g003589: URLError: <urlopen error [Errno 111] Connection refused>
g003324: URLError: <urlopen error [Errno 111] Connection refused>
g003515: URLError: <urlopen error [Errno 111] Connection refused>
g003593: URLError: <urlopen error [Errno 111] Connection refused>
g003328: URLError: <urlopen error [Errno 111] Connection refused>
g003519: URLError: <urlopen error [Errno 111] Connection refused>
g003597: URLError: <urlopen error [Errno 111] Connection refused>
g003332: URLError: <urlopen error [Errno 111] Connection refused>
g003523: URLError: <urlopen error [Errno 111] Connection refused>
g003601: URLError: <urlopen error [Errno 111] Connection refused>
g003336: URLError: <urlopen error [Errno 111] Connection refused>
g003527: URLError: <urlopen error [Errno 111] Connection refused>
g003605: URLError: <urlopen error [Errno 111] Connection refused>
g003502: URLError: <urlopen error [Errno 111] Connection refused>
g003340: URLError: <urlopen error [Errno 111] Connection refused>
g003609: URLError: <urlopen error [Errno 111] Connection refused>
g003531: URLError: <urlopen error [Errno 111] Connection refused>
g003344: URLError: <urlopen error [Errno 111] Connection refused>
g003506: URLError: <urlopen error [Errno 111] Connection refused>
g003535: URLError: <urlopen error [Errno 111] Connection refused>
g003613: URLError: <urlopen error [Errno 111] Connection refused>
g003510: URLError: <urlopen error [Errno 111] Connection refused>
g003348: URLError: <urlopen error [Errno 111] Connection refused>
g003539: URLError: <urlopen error [Errno 111] Connection refused>
g003617: URLError: <urlopen error [Errno 111] Connection refused>
g003514: URLError: <urlopen error [Errno 111] Connection refused>
g003352: URLError: <urlopen error [Errno 111] Connection refused>
g003543: URLError: <urlopen error [Errno 111] Connection refused>
g003621: URLError: <urlopen error [Errno 111] Connection refused>
g003356: URLError: <urlopen error [Errno 111] Connection refused>
g003518: URLError: <urlopen error [Errno 111] Connection refused>
g003547: URLError: <urlopen error [Errno 111] Connection refused>
g003625: URLError: <urlopen error [Errno 111] Connection refused>
g003522: URLError: <urlopen error [Errno 111] Connection refused>
g003360: URLError: <urlopen error [Errno 111] Connection refused>
g003629: URLError: <urlopen error [Errno 111] Connection refused>
g003551: URLError: <urlopen error [Errno 111] Connection refused>
g003364: URLError: <urlopen error [Errno 111] Connection refused>
g003526: URLError: <urlopen error [Errno 111] Connection refused>
g003633: URLError: <urlopen error [Errno 111] Connection refused>
g003555: URLError: <urlopen error [Errno 111] Connection refused>
g003368: URLError: <urlopen error [Errno 111] Connection refused>
g003530: URLError: <urlopen error [Errno 111] Connection refused>
g003559: URLError: <urlopen error [Errno 111] Connection refused>
g003637: URLError: <urlopen error [Errno 111] Connection refused>
g003534: URLError: <urlopen error [Errno 111] Connection refused>
g003372: URLError: <urlopen error [Errno 111] Connection refused>
g003563: URLError: <urlopen error [Errno 111] Connection refused>
g003641: URLError: <urlopen error [Errno 111] Connection refused>
g003376: URLError: <urlopen error [Errno 111] Connection refused>
g003538: URLError: <urlopen error [Errno 111] Connection refused>
g003567: URLError: <urlopen error [Errno 111] Connection refused>
g003645: URLError: <urlopen error [Errno 111] Connection refused>
g003380: URLError: <urlopen error [Errno 111] Connection refused>
g003542: URLError: <urlopen error [Errno 111] Connection refused>
g003571: URLError: <urlopen error [Errno 111] Connection refused>
g003649: URLError: <urlopen error [Errno 111] Connection refused>
g003384: URLError: <urlopen error [Errno 111] Connection refused>
g003546: URLError: <urlopen error [Errno 111] Connection refused>
g003653: URLError: <urlopen error [Errno 111] Connection refused>
g003575: URLError: <urlopen error [Errno 111] Connection refused>
g003550: URLError: <urlopen error [Errno 111] Connection refused>
g003388: URLError: <urlopen error [Errno 111] Connection refused>
g003657: URLError: <urlopen error [Errno 111] Connection refused>
g003579: URLError: <urlopen error [Errno 111] Connection refused>
g003392: URLError: <urlopen error [Errno 111] Connection refused>
g003554: URLError: <urlopen error [Errno 111] Connection refused>
g003583: URLError: <urlopen error [Errno 111] Connection refused>
g003558: URLError: <urlopen error [Errno 111] Connection refused>
g003396: URLError: <urlopen error [Errno 111] Connection refused>
g003661: URLError: <urlopen error [Errno 111] Connection refused>
g003587: URLError: <urlopen error [Errno 111] Connection refused>
g003562: URLError: <urlopen error [Errno 111] Connection refused>
g003400: URLError: <urlopen error [Errno 111] Connection refused>
g003665: URLError: <urlopen error [Errno 111] Connection refused>
g003591: URLError: <urlopen error [Errno 111] Connection refused>
g003566: URLError: <urlopen error [Errno 111] Connection refused>
g003404: URLError: <urlopen error [Errno 111] Connection refused>
g003595: URLError: <urlopen error [Errno 111] Connection refused>
g003669: URLError: <urlopen error [Errno 111] Connection refused>
g003408: URLError: <urlopen error [Errno 111] Connection refused>
g003570: URLError: <urlopen error [Errno 111] Connection refused>
g003599: URLError: <urlopen error [Errno 111] Connection refused>
g003673: URLError: <urlopen error [Errno 111] Connection refused>
g003603: URLError: <urlopen error [Errno 111] Connection refused>
g003412: URLError: <urlopen error [Errno 111] Connection refused>
g003574: URLError: <urlopen error [Errno 111] Connection refused>
g003607: URLError: <urlopen error [Errno 111] Connection refused>
g003578: URLError: <urlopen error [Errno 111] Connection refused>
g003416: URLError: <urlopen error [Errno 111] Connection refused>
g003677: URLError: <urlopen error [Errno 111] Connection refused>
g003611: URLError: <urlopen error [Errno 111] Connection refused>
g003681: URLError: <urlopen error [Errno 111] Connection refused>
g003582: URLError: <urlopen error [Errno 111] Connection refused>
g003420: URLError: <urlopen error [Errno 111] Connection refused>
g003615: URLError: <urlopen error [Errno 111] Connection refused>
g003586: URLError: <urlopen error [Errno 111] Connection refused>
g003424: URLError: <urlopen error [Errno 111] Connection refused>
g003685: URLError: <urlopen error [Errno 111] Connection refused>
g003619: URLError: <urlopen error [Errno 111] Connection refused>
g003689: URLError: <urlopen error [Errno 111] Connection refused>
g003428: URLError: <urlopen error [Errno 111] Connection refused>
g003590: URLError: <urlopen error [Errno 111] Connection refused>
g003594: URLError: <urlopen error [Errno 111] Connection refused>
g003432: URLError: <urlopen error [Errno 111] Connection refused>
g003693: URLError: <urlopen error [Errno 111] Connection refused>
g003623: URLError: <urlopen error [Errno 111] Connection refused>
g003436: URLError: <urlopen error [Errno 111] Connection refused>
g003697: URLError: <urlopen error [Errno 111] Connection refused>
g003598: URLError: <urlopen error [Errno 111] Connection refused>
g003627: URLError: <urlopen error [Errno 111] Connection refused>
g003440: URLError: <urlopen error [Errno 111] Connection refused>
g003602: URLError: <urlopen error [Errno 111] Connection refused>
g003701: URLError: <urlopen error [Errno 111] Connection refused>
g003631: URLError: <urlopen error [Errno 111] Connection refused>
g003444: URLError: <urlopen error [Errno 111] Connection refused>
g003635: URLError: <urlopen error [Errno 111] Connection refused>
g003705: URLError: <urlopen error [Errno 111] Connection refused>
g003606: URLError: <urlopen error [Errno 111] Connection refused>
g003639: URLError: <urlopen error [Errno 111] Connection refused>
g003709: URLError: <urlopen error [Errno 111] Connection refused>
g003448: URLError: <urlopen error [Errno 111] Connection refused>
g003610: URLError: <urlopen error [Errno 111] Connection refused>
g003452: URLError: <urlopen error [Errno 111] Connection refused>
g003713: URLError: <urlopen error [Errno 111] Connection refused>
g003643: URLError: <urlopen error [Errno 111] Connection refused>
g003614: URLError: <urlopen error [Errno 111] Connection refused>
g003456: URLError: <urlopen error [Errno 111] Connection refused>
g003647: URLError: <urlopen error [Errno 111] Connection refused>
g003717: URLError: <urlopen error [Errno 111] Connection refused>
g003618: URLError: <urlopen error [Errno 111] Connection refused>
g003651: URLError: <urlopen error [Errno 111] Connection refused>
g003460: URLError: <urlopen error [Errno 111] Connection refused>
g003622: URLError: <urlopen error [Errno 111] Connection refused>
g003721: URLError: <urlopen error [Errno 111] Connection refused>
g003464: URLError: <urlopen error [Errno 111] Connection refused>
g003655: URLError: <urlopen error [Errno 111] Connection refused>
g003626: URLError: <urlopen error [Errno 111] Connection refused>
g003725: URLError: <urlopen error [Errno 111] Connection refused>
g003659: URLError: <urlopen error [Errno 111] Connection refused>
g003630: URLError: <urlopen error [Errno 111] Connection refused>
g003468: URLError: <urlopen error [Errno 111] Connection refused>
g003729: URLError: <urlopen error [Errno 111] Connection refused>
g003472: URLError: <urlopen error [Errno 111] Connection refused>
g003634: URLError: <urlopen error [Errno 111] Connection refused>
g003733: URLError: <urlopen error [Errno 111] Connection refused>
g003663: URLError: <urlopen error [Errno 111] Connection refused>
g003638: URLError: <urlopen error [Errno 111] Connection refused>
g003476: URLError: <urlopen error [Errno 111] Connection refused>
g003667: URLError: <urlopen error [Errno 111] Connection refused>
g003737: URLError: <urlopen error [Errno 111] Connection refused>
g003671: URLError: <urlopen error [Errno 111] Connection refused>
g003642: URLError: <urlopen error [Errno 111] Connection refused>
g003741: URLError: <urlopen error [Errno 111] Connection refused>
g003480: URLError: <urlopen error [Errno 111] Connection refused>
g003484: URLError: <urlopen error [Errno 111] Connection refused>
g003745: URLError: <urlopen error [Errno 111] Connection refused>
g003646: URLError: <urlopen error [Errno 111] Connection refused>
g003675: URLError: <urlopen error [Errno 111] Connection refused>
g003679: URLError: <urlopen error [Errno 111] Connection refused>
g003650: URLError: <urlopen error [Errno 111] Connection refused>
g003749: URLError: <urlopen error [Errno 111] Connection refused>
g003488: URLError: <urlopen error [Errno 111] Connection refused>
g003683: URLError: <urlopen error [Errno 111] Connection refused>
g003753: URLError: <urlopen error [Errno 111] Connection refused>
g003492: URLError: <urlopen error [Errno 111] Connection refused>
g003654: URLError: <urlopen error [Errno 111] Connection refused>
g003496: URLError: <urlopen error [Errno 111] Connection refused>
g003757: URLError: <urlopen error [Errno 111] Connection refused>
g003687: URLError: <urlopen error [Errno 111] Connection refused>
g003658: URLError: <urlopen error [Errno 111] Connection refused>
g003500: URLError: <urlopen error [Errno 111] Connection refused>
g003761: URLError: <urlopen error [Errno 111] Connection refused>
g003662: URLError: <urlopen error [Errno 111] Connection refused>
g003691: URLError: <urlopen error [Errno 111] Connection refused>
g003695: URLError: <urlopen error [Errno 111] Connection refused>
g003765: URLError: <urlopen error [Errno 111] Connection refused>
g003666: URLError: <urlopen error [Errno 111] Connection refused>
g003504: URLError: <urlopen error [Errno 111] Connection refused>
g003699: URLError: <urlopen error [Errno 111] Connection refused>
g003769: URLError: <urlopen error [Errno 111] Connection refused>
g003670: URLError: <urlopen error [Errno 111] Connection refused>
g003508: URLError: <urlopen error [Errno 111] Connection refused>
g003703: URLError: <urlopen error [Errno 111] Connection refused>
g003773: URLError: <urlopen error [Errno 111] Connection refused>
g003674: URLError: <urlopen error [Errno 111] Connection refused>
g003512: URLError: <urlopen error [Errno 111] Connection refused>
g003707: URLError: <urlopen error [Errno 111] Connection refused>
g003777: URLError: <urlopen error [Errno 111] Connection refused>
g003678: URLError: <urlopen error [Errno 111] Connection refused>
g003516: URLError: <urlopen error [Errno 111] Connection refused>
g003711: URLError: <urlopen error [Errno 111] Connection refused>
g003682: URLError: <urlopen error [Errno 111] Connection refused>
g003781: URLError: <urlopen error [Errno 111] Connection refused>
g003520: URLError: <urlopen error [Errno 111] Connection refused>
g003715: URLError: <urlopen error [Errno 111] Connection refused>
g003686: URLError: <urlopen error [Errno 111] Connection refused>
g003785: URLError: <urlopen error [Errno 111] Connection refused>
g003524: URLError: <urlopen error [Errno 111] Connection refused>
g003719: URLError: <urlopen error [Errno 111] Connection refused>
g003690: URLError: <urlopen error [Errno 111] Connection refused>
g003789: URLError: <urlopen error [Errno 111] Connection refused>
g003528: URLError: <urlopen error [Errno 111] Connection refused>
g003723: URLError: <urlopen error [Errno 111] Connection refused>
g003793: URLError: <urlopen error [Errno 111] Connection refused>
g003694: URLError: <urlopen error [Errno 111] Connection refused>
g003532: URLError: <urlopen error [Errno 111] Connection refused>
g003727: URLError: <urlopen error [Errno 111] Connection refused>
g003797: URLError: <urlopen error [Errno 111] Connection refused>
g003698: URLError: <urlopen error [Errno 111] Connection refused>
g003536: URLError: <urlopen error [Errno 111] Connection refused>
g003731: URLError: <urlopen error [Errno 111] Connection refused>
g003801: URLError: <urlopen error [Errno 111] Connection refused>
g003702: URLError: <urlopen error [Errno 111] Connection refused>
g003540: URLError: <urlopen error [Errno 111] Connection refused>
g003735: URLError: <urlopen error [Errno 111] Connection refused>
g003805: URLError: <urlopen error [Errno 111] Connection refused>
g003544: URLError: <urlopen error [Errno 111] Connection refused>
g003739: URLError: <urlopen error [Errno 111] Connection refused>
g003706: URLError: <urlopen error [Errno 111] Connection refused>
g003809: URLError: <urlopen error [Errno 111] Connection refused>
g003548: URLError: <urlopen error [Errno 111] Connection refused>
g003710: URLError: <urlopen error [Errno 111] Connection refused>
g003743: URLError: <urlopen error [Errno 111] Connection refused>
g003747: URLError: <urlopen error [Errno 111] Connection refused>
g003552: URLError: <urlopen error [Errno 111] Connection refused>
g003714: URLError: <urlopen error [Errno 111] Connection refused>
g003813: URLError: <urlopen error [Errno 111] Connection refused>
g003556: URLError: <urlopen error [Errno 111] Connection refused>
g003817: URLError: <urlopen error [Errno 111] Connection refused>
g003751: URLError: <urlopen error [Errno 111] Connection refused>
g003718: URLError: <urlopen error [Errno 111] Connection refused>
g003821: URLError: <urlopen error [Errno 111] Connection refused>
g003722: URLError: <urlopen error [Errno 111] Connection refused>
g003560: URLError: <urlopen error [Errno 111] Connection refused>
g003755: URLError: <urlopen error [Errno 111] Connection refused>
g003564: URLError: <urlopen error [Errno 111] Connection refused>
g003759: URLError: <urlopen error [Errno 111] Connection refused>
g003825: URLError: <urlopen error [Errno 111] Connection refused>
g003726: URLError: <urlopen error [Errno 111] Connection refused>
g003568: URLError: <urlopen error [Errno 111] Connection refused>
g003730: URLError: <urlopen error [Errno 111] Connection refused>
g003763: URLError: <urlopen error [Errno 111] Connection refused>
g003829: URLError: <urlopen error [Errno 111] Connection refused>
g003572: URLError: <urlopen error [Errno 111] Connection refused>
g003833: URLError: <urlopen error [Errno 111] Connection refused>
g003734: URLError: <urlopen error [Errno 111] Connection refused>
g003767: URLError: <urlopen error [Errno 111] Connection refused>
g003576: URLError: <urlopen error [Errno 111] Connection refused>
g003738: URLError: <urlopen error [Errno 111] Connection refused>
g003837: URLError: <urlopen error [Errno 111] Connection refused>
g003771: URLError: <urlopen error [Errno 111] Connection refused>
g003775: URLError: <urlopen error [Errno 111] Connection refused>
g003841: URLError: <urlopen error [Errno 111] Connection refused>
g003742: URLError: <urlopen error [Errno 111] Connection refused>
g003580: URLError: <urlopen error [Errno 111] Connection refused>
g003845: URLError: <urlopen error [Errno 111] Connection refused>
g003779: URLError: <urlopen error [Errno 111] Connection refused>
g003746: URLError: <urlopen error [Errno 111] Connection refused>
g003584: URLError: <urlopen error [Errno 111] Connection refused>
g003750: URLError: <urlopen error [Errno 111] Connection refused>
g003849: URLError: <urlopen error [Errno 111] Connection refused>
g003588: URLError: <urlopen error [Errno 111] Connection refused>
g003783: URLError: <urlopen error [Errno 111] Connection refused>
g003754: URLError: <urlopen error [Errno 111] Connection refused>
g003853: URLError: <urlopen error [Errno 111] Connection refused>
g003592: URLError: <urlopen error [Errno 111] Connection refused>
g003787: URLError: <urlopen error [Errno 111] Connection refused>
g003758: URLError: <urlopen error [Errno 111] Connection refused>
g003857: URLError: <urlopen error [Errno 111] Connection refused>
g003791: URLError: <urlopen error [Errno 111] Connection refused>
g003596: URLError: <urlopen error [Errno 111] Connection refused>
g003762: URLError: <urlopen error [Errno 111] Connection refused>
g003861: URLError: <urlopen error [Errno 111] Connection refused>
g003600: URLError: <urlopen error [Errno 111] Connection refused>
g003795: URLError: <urlopen error [Errno 111] Connection refused>
g003766: URLError: <urlopen error [Errno 111] Connection refused>
g003799: URLError: <urlopen error [Errno 111] Connection refused>
g003604: URLError: <urlopen error [Errno 111] Connection refused>
g003865: URLError: <urlopen error [Errno 111] Connection refused>
g003803: URLError: <urlopen error [Errno 111] Connection refused>
g003770: URLError: <urlopen error [Errno 111] Connection refused>
g003869: URLError: <urlopen error [Errno 111] Connection refused>
g003774: URLError: <urlopen error [Errno 111] Connection refused>
g003873: URLError: <urlopen error [Errno 111] Connection refused>
g003778: URLError: <urlopen error [Errno 111] Connection refused>
g003877: URLError: <urlopen error [Errno 111] Connection refused>
g003782: URLError: <urlopen error [Errno 111] Connection refused>
g003881: URLError: <urlopen error [Errno 111] Connection refused>
g003786: URLError: <urlopen error [Errno 111] Connection refused>
g003885: URLError: <urlopen error [Errno 111] Connection refused>
g003608: URLError: <urlopen error [Errno 111] Connection refused>
g003790: URLError: <urlopen error [Errno 111] Connection refused>
g003889: URLError: <urlopen error [Errno 111] Connection refused>
g003807: URLError: <urlopen error [Errno 111] Connection refused>
g003612: URLError: <urlopen error [Errno 111] Connection refused>
g003893: URLError: <urlopen error [Errno 111] Connection refused>
g003794: URLError: <urlopen error [Errno 111] Connection refused>
g003811: URLError: <urlopen error [Errno 111] Connection refused>
g003616: URLError: <urlopen error [Errno 111] Connection refused>
g003798: URLError: <urlopen error [Errno 111] Connection refused>
g003897: URLError: <urlopen error [Errno 111] Connection refused>
g003815: URLError: <urlopen error [Errno 111] Connection refused>
g003620: URLError: <urlopen error [Errno 111] Connection refused>
g003802: URLError: <urlopen error [Errno 111] Connection refused>
g003901: URLError: <urlopen error [Errno 111] Connection refused>
g003819: URLError: <urlopen error [Errno 111] Connection refused>
g003624: URLError: <urlopen error [Errno 111] Connection refused>
g003806: URLError: <urlopen error [Errno 111] Connection refused>
g003905: URLError: <urlopen error [Errno 111] Connection refused>
g003823: URLError: <urlopen error [Errno 111] Connection refused>
g003628: URLError: <urlopen error [Errno 111] Connection refused>
g003909: URLError: <urlopen error [Errno 111] Connection refused>
g003810: URLError: <urlopen error [Errno 111] Connection refused>
g003827: URLError: <urlopen error [Errno 111] Connection refused>
g003632: URLError: <urlopen error [Errno 111] Connection refused>
g003913: URLError: <urlopen error [Errno 111] Connection refused>
g003814: URLError: <urlopen error [Errno 111] Connection refused>
g003831: URLError: <urlopen error [Errno 111] Connection refused>
g003636: URLError: <urlopen error [Errno 111] Connection refused>
g003917: URLError: <urlopen error [Errno 111] Connection refused>
g003818: URLError: <urlopen error [Errno 111] Connection refused>
g003640: URLError: <urlopen error [Errno 111] Connection refused>
g003835: URLError: <urlopen error [Errno 111] Connection refused>
g003921: URLError: <urlopen error [Errno 111] Connection refused>
g003822: URLError: <urlopen error [Errno 111] Connection refused>
g003644: URLError: <urlopen error [Errno 111] Connection refused>
g003839: URLError: <urlopen error [Errno 111] Connection refused>
g003925: URLError: <urlopen error [Errno 111] Connection refused>
g003826: URLError: <urlopen error [Errno 111] Connection refused>
g003648: URLError: <urlopen error [Errno 111] Connection refused>
g003843: URLError: <urlopen error [Errno 111] Connection refused>
g003929: URLError: <urlopen error [Errno 111] Connection refused>
g003847: URLError: <urlopen error [Errno 111] Connection refused>
g003830: URLError: <urlopen error [Errno 111] Connection refused>
g003652: URLError: <urlopen error [Errno 111] Connection refused>
g003656: URLError: <urlopen error [Errno 111] Connection refused>
g003933: URLError: <urlopen error [Errno 111] Connection refused>
g003851: URLError: <urlopen error [Errno 111] Connection refused>
g003834: URLError: <urlopen error [Errno 111] Connection refused>
g003855: URLError: <urlopen error [Errno 111] Connection refused>
g003838: URLError: <urlopen error [Errno 111] Connection refused>
g003660: URLError: <urlopen error [Errno 111] Connection refused>
g003937: URLError: <urlopen error [Errno 111] Connection refused>
g003664: URLError: <urlopen error [Errno 111] Connection refused>
g003941: URLError: <urlopen error [Errno 111] Connection refused>
g003859: URLError: <urlopen error [Errno 111] Connection refused>
g003842: URLError: <urlopen error [Errno 111] Connection refused>
g003863: URLError: <urlopen error [Errno 111] Connection refused>
g003945: URLError: <urlopen error [Errno 111] Connection refused>
g003846: URLError: <urlopen error [Errno 111] Connection refused>
g003668: URLError: <urlopen error [Errno 111] Connection refused>
g003867: URLError: <urlopen error [Errno 111] Connection refused>
g003672: URLError: <urlopen error [Errno 111] Connection refused>
g003949: URLError: <urlopen error [Errno 111] Connection refused>
g003850: URLError: <urlopen error [Errno 111] Connection refused>
g003676: URLError: <urlopen error [Errno 111] Connection refused>
g003953: URLError: <urlopen error [Errno 111] Connection refused>
g003871: URLError: <urlopen error [Errno 111] Connection refused>
g003854: URLError: <urlopen error [Errno 111] Connection refused>
g003957: URLError: <urlopen error [Errno 111] Connection refused>
g003858: URLError: <urlopen error [Errno 111] Connection refused>
g003680: URLError: <urlopen error [Errno 111] Connection refused>
g003684: URLError: <urlopen error [Errno 111] Connection refused>
g003961: URLError: <urlopen error [Errno 111] Connection refused>
g003862: URLError: <urlopen error [Errno 111] Connection refused>
g003875: URLError: <urlopen error [Errno 111] Connection refused>
g003879: URLError: <urlopen error [Errno 111] Connection refused>
g003866: URLError: <urlopen error [Errno 111] Connection refused>
g003688: URLError: <urlopen error [Errno 111] Connection refused>
g003965: URLError: <urlopen error [Errno 111] Connection refused>
g003883: URLError: <urlopen error [Errno 111] Connection refused>
g003692: URLError: <urlopen error [Errno 111] Connection refused>
g003969: URLError: <urlopen error [Errno 111] Connection refused>
g003870: URLError: <urlopen error [Errno 111] Connection refused>
g003887: URLError: <urlopen error [Errno 111] Connection refused>
g003696: URLError: <urlopen error [Errno 111] Connection refused>
g003973: URLError: <urlopen error [Errno 111] Connection refused>
g003874: URLError: <urlopen error [Errno 111] Connection refused>
g003977: URLError: <urlopen error [Errno 111] Connection refused>
g003891: URLError: <urlopen error [Errno 111] Connection refused>
g003878: URLError: <urlopen error [Errno 111] Connection refused>
g003700: URLError: <urlopen error [Errno 111] Connection refused>
g003895: URLError: <urlopen error [Errno 111] Connection refused>
g003981: URLError: <urlopen error [Errno 111] Connection refused>
g003899: URLError: <urlopen error [Errno 111] Connection refused>
g003985: URLError: <urlopen error [Errno 111] Connection refused>
g003704: URLError: <urlopen error [Errno 111] Connection refused>
g003882: URLError: <urlopen error [Errno 111] Connection refused>
g003903: URLError: <urlopen error [Errno 111] Connection refused>
g003989: URLError: <urlopen error [Errno 111] Connection refused>
g003708: URLError: <urlopen error [Errno 111] Connection refused>
g003886: URLError: <urlopen error [Errno 111] Connection refused>
g003907: URLError: <urlopen error [Errno 111] Connection refused>
g003993: URLError: <urlopen error [Errno 111] Connection refused>
g003712: URLError: <urlopen error [Errno 111] Connection refused>
g003890: URLError: <urlopen error [Errno 111] Connection refused>
g003911: URLError: <urlopen error [Errno 111] Connection refused>
g003997: URLError: <urlopen error [Errno 111] Connection refused>
g003894: URLError: <urlopen error [Errno 111] Connection refused>
g003716: URLError: <urlopen error [Errno 111] Connection refused>
g003915: URLError: <urlopen error [Errno 111] Connection refused>
g003720: URLError: <urlopen error [Errno 111] Connection refused>
g003898: URLError: <urlopen error [Errno 111] Connection refused>
g004001: URLError: <urlopen error [Errno 111] Connection refused>
g003919: URLError: <urlopen error [Errno 111] Connection refused>
g003724: URLError: <urlopen error [Errno 111] Connection refused>
g003902: URLError: <urlopen error [Errno 111] Connection refused>
g003923: URLError: <urlopen error [Errno 111] Connection refused>
g004005: URLError: <urlopen error [Errno 111] Connection refused>
g003906: URLError: <urlopen error [Errno 111] Connection refused>
g003728: URLError: <urlopen error [Errno 111] Connection refused>
g003927: URLError: <urlopen error [Errno 111] Connection refused>
g004009: URLError: <urlopen error [Errno 111] Connection refused>
g003732: URLError: <urlopen error [Errno 111] Connection refused>
g003910: URLError: <urlopen error [Errno 111] Connection refused>
g003931: URLError: <urlopen error [Errno 111] Connection refused>
g004013: URLError: <urlopen error [Errno 111] Connection refused>
g003736: URLError: <urlopen error [Errno 111] Connection refused>
g003914: URLError: <urlopen error [Errno 111] Connection refused>
g003935: URLError: <urlopen error [Errno 111] Connection refused>
g003740: URLError: <urlopen error [Errno 111] Connection refused>
g003918: URLError: <urlopen error [Errno 111] Connection refused>
g004017: URLError: <urlopen error [Errno 111] Connection refused>
g003939: URLError: <urlopen error [Errno 111] Connection refused>
g003744: URLError: <urlopen error [Errno 111] Connection refused>
g003922: URLError: <urlopen error [Errno 111] Connection refused>
g004021: URLError: <urlopen error [Errno 111] Connection refused>
g003943: URLError: <urlopen error [Errno 111] Connection refused>
g003748: URLError: <urlopen error [Errno 111] Connection refused>
g003926: URLError: <urlopen error [Errno 111] Connection refused>
g004025: URLError: <urlopen error [Errno 111] Connection refused>
g003947: URLError: <urlopen error [Errno 111] Connection refused>
g003752: URLError: <urlopen error [Errno 111] Connection refused>
g003930: URLError: <urlopen error [Errno 111] Connection refused>
g004029: URLError: <urlopen error [Errno 111] Connection refused>
g003951: URLError: <urlopen error [Errno 111] Connection refused>
g003756: URLError: <urlopen error [Errno 111] Connection refused>
g003934: URLError: <urlopen error [Errno 111] Connection refused>
g004033: URLError: <urlopen error [Errno 111] Connection refused>
g003955: URLError: <urlopen error [Errno 111] Connection refused>
g004037: URLError: <urlopen error [Errno 111] Connection refused>
g003938: URLError: <urlopen error [Errno 111] Connection refused>
g003760: URLError: <urlopen error [Errno 111] Connection refused>
g003959: URLError: <urlopen error [Errno 111] Connection refused>
g003942: URLError: <urlopen error [Errno 111] Connection refused>
g003764: URLError: <urlopen error [Errno 111] Connection refused>
g004041: URLError: <urlopen error [Errno 111] Connection refused>
g003963: URLError: <urlopen error [Errno 111] Connection refused>
g003946: URLError: <urlopen error [Errno 111] Connection refused>
g004045: URLError: <urlopen error [Errno 111] Connection refused>
g003768: URLError: <urlopen error [Errno 111] Connection refused>
g003967: URLError: <urlopen error [Errno 111] Connection refused>
g003950: URLError: <urlopen error [Errno 111] Connection refused>
g004049: URLError: <urlopen error [Errno 111] Connection refused>
g003772: URLError: <urlopen error [Errno 111] Connection refused>
g003971: URLError: <urlopen error [Errno 111] Connection refused>
g003975: URLError: <urlopen error [Errno 111] Connection refused>
g003776: URLError: <urlopen error [Errno 111] Connection refused>
g004053: URLError: <urlopen error [Errno 111] Connection refused>
g003954: URLError: <urlopen error [Errno 111] Connection refused>
g003979: URLError: <urlopen error [Errno 111] Connection refused>
g003780: URLError: <urlopen error [Errno 111] Connection refused>
g003958: URLError: <urlopen error [Errno 111] Connection refused>
g004057: URLError: <urlopen error [Errno 111] Connection refused>
g003784: URLError: <urlopen error [Errno 111] Connection refused>
g004061: URLError: <urlopen error [Errno 111] Connection refused>
g003983: URLError: <urlopen error [Errno 111] Connection refused>
g003962: URLError: <urlopen error [Errno 111] Connection refused>
g003788: URLError: <urlopen error [Errno 111] Connection refused>
g004065: URLError: <urlopen error [Errno 111] Connection refused>
g003987: URLError: <urlopen error [Errno 111] Connection refused>
g003966: URLError: <urlopen error [Errno 111] Connection refused>
g003792: URLError: <urlopen error [Errno 111] Connection refused>
g003991: URLError: <urlopen error [Errno 111] Connection refused>
g003970: URLError: <urlopen error [Errno 111] Connection refused>
g004069: URLError: <urlopen error [Errno 111] Connection refused>
g003796: URLError: <urlopen error [Errno 111] Connection refused>
g003974: URLError: <urlopen error [Errno 111] Connection refused>
g003995: URLError: <urlopen error [Errno 111] Connection refused>
g004073: URLError: <urlopen error [Errno 111] Connection refused>
g003978: URLError: <urlopen error [Errno 111] Connection refused>
g003800: URLError: <urlopen error [Errno 111] Connection refused>
g003999: URLError: <urlopen error [Errno 111] Connection refused>
g004077: URLError: <urlopen error [Errno 111] Connection refused>
g004003: URLError: <urlopen error [Errno 111] Connection refused>
g004081: URLError: <urlopen error [Errno 111] Connection refused>
g003804: URLError: <urlopen error [Errno 111] Connection refused>
g003982: URLError: <urlopen error [Errno 111] Connection refused>
g003808: URLError: <urlopen error [Errno 111] Connection refused>
g004007: URLError: <urlopen error [Errno 111] Connection refused>
g004085: URLError: <urlopen error [Errno 111] Connection refused>
g003986: URLError: <urlopen error [Errno 111] Connection refused>
g003812: URLError: <urlopen error [Errno 111] Connection refused>
g004011: URLError: <urlopen error [Errno 111] Connection refused>
g004089: URLError: <urlopen error [Errno 111] Connection refused>
g003990: URLError: <urlopen error [Errno 111] Connection refused>
g004093: URLError: <urlopen error [Errno 111] Connection refused>
g004015: URLError: <urlopen error [Errno 111] Connection refused>
g003816: URLError: <urlopen error [Errno 111] Connection refused>
g003994: URLError: <urlopen error [Errno 111] Connection refused>
g004097: URLError: <urlopen error [Errno 111] Connection refused>
g004019: URLError: <urlopen error [Errno 111] Connection refused>
g003820: URLError: <urlopen error [Errno 111] Connection refused>
g003998: URLError: <urlopen error [Errno 111] Connection refused>
g004101: URLError: <urlopen error [Errno 111] Connection refused>
g004023: URLError: <urlopen error [Errno 111] Connection refused>
g003824: URLError: <urlopen error [Errno 111] Connection refused>
g004002: URLError: <urlopen error [Errno 111] Connection refused>
g003828: URLError: <urlopen error [Errno 111] Connection refused>
g004027: URLError: <urlopen error [Errno 111] Connection refused>
g004105: URLError: <urlopen error [Errno 111] Connection refused>
g004006: URLError: <urlopen error [Errno 111] Connection refused>
g004031: URLError: <urlopen error [Errno 111] Connection refused>
g004010: URLError: <urlopen error [Errno 111] Connection refused>
g003832: URLError: <urlopen error [Errno 111] Connection refused>
g004109: URLError: <urlopen error [Errno 111] Connection refused>
g004035: URLError: <urlopen error [Errno 111] Connection refused>
g004113: URLError: <urlopen error [Errno 111] Connection refused>
g004014: URLError: <urlopen error [Errno 111] Connection refused>
g003836: URLError: <urlopen error [Errno 111] Connection refused>
g004039: URLError: <urlopen error [Errno 111] Connection refused>
g003840: URLError: <urlopen error [Errno 111] Connection refused>
g004018: URLError: <urlopen error [Errno 111] Connection refused>
g004117: URLError: <urlopen error [Errno 111] Connection refused>
g003844: URLError: <urlopen error [Errno 111] Connection refused>
g004022: URLError: <urlopen error [Errno 111] Connection refused>
g004121: URLError: <urlopen error [Errno 111] Connection refused>
g004043: URLError: <urlopen error [Errno 111] Connection refused>
g004026: URLError: <urlopen error [Errno 111] Connection refused>
g003848: URLError: <urlopen error [Errno 111] Connection refused>
g004047: URLError: <urlopen error [Errno 111] Connection refused>
g004125: URLError: <urlopen error [Errno 111] Connection refused>
g003852: URLError: <urlopen error [Errno 111] Connection refused>
g004030: URLError: <urlopen error [Errno 111] Connection refused>
g004129: URLError: <urlopen error [Errno 111] Connection refused>
g004051: URLError: <urlopen error [Errno 111] Connection refused>
g003856: URLError: <urlopen error [Errno 111] Connection refused>
g004055: URLError: <urlopen error [Errno 111] Connection refused>
g004034: URLError: <urlopen error [Errno 111] Connection refused>
g004133: URLError: <urlopen error [Errno 111] Connection refused>
g003860: URLError: <urlopen error [Errno 111] Connection refused>
g004137: URLError: <urlopen error [Errno 111] Connection refused>
g004059: URLError: <urlopen error [Errno 111] Connection refused>
g004038: URLError: <urlopen error [Errno 111] Connection refused>
g003864: URLError: <urlopen error [Errno 111] Connection refused>
g004042: URLError: <urlopen error [Errno 111] Connection refused>
g004063: URLError: <urlopen error [Errno 111] Connection refused>
g004141: URLError: <urlopen error [Errno 111] Connection refused>
g003868: URLError: <urlopen error [Errno 111] Connection refused>
g004145: URLError: <urlopen error [Errno 111] Connection refused>
g004046: URLError: <urlopen error [Errno 111] Connection refused>
g004067: URLError: <urlopen error [Errno 111] Connection refused>
g004071: URLError: <urlopen error [Errno 111] Connection refused>
g003872: URLError: <urlopen error [Errno 111] Connection refused>
g004050: URLError: <urlopen error [Errno 111] Connection refused>
g004149: URLError: <urlopen error [Errno 111] Connection refused>
g004075: URLError: <urlopen error [Errno 111] Connection refused>
g003876: URLError: <urlopen error [Errno 111] Connection refused>
g004153: URLError: <urlopen error [Errno 111] Connection refused>
g004054: URLError: <urlopen error [Errno 111] Connection refused>
g004079: URLError: <urlopen error [Errno 111] Connection refused>
g003880: URLError: <urlopen error [Errno 111] Connection refused>
g004157: URLError: <urlopen error [Errno 111] Connection refused>
g004058: URLError: <urlopen error [Errno 111] Connection refused>
g004083: URLError: <urlopen error [Errno 111] Connection refused>
g003884: URLError: <urlopen error [Errno 111] Connection refused>
g004161: URLError: <urlopen error [Errno 111] Connection refused>
g004062: URLError: <urlopen error [Errno 111] Connection refused>
g004087: URLError: <urlopen error [Errno 111] Connection refused>
g004165: URLError: <urlopen error [Errno 111] Connection refused>
g004066: URLError: <urlopen error [Errno 111] Connection refused>
g004091: URLError: <urlopen error [Errno 111] Connection refused>
g004070: URLError: <urlopen error [Errno 111] Connection refused>
g004169: URLError: <urlopen error [Errno 111] Connection refused>
g003888: URLError: <urlopen error [Errno 111] Connection refused>
g004095: URLError: <urlopen error [Errno 111] Connection refused>
g004074: URLError: <urlopen error [Errno 111] Connection refused>
g004173: URLError: <urlopen error [Errno 111] Connection refused>
g004099: URLError: <urlopen error [Errno 111] Connection refused>
g003892: URLError: <urlopen error [Errno 111] Connection refused>
g004078: URLError: <urlopen error [Errno 111] Connection refused>
g004177: URLError: <urlopen error [Errno 111] Connection refused>
g004103: URLError: <urlopen error [Errno 111] Connection refused>
g003896: URLError: <urlopen error [Errno 111] Connection refused>
g004082: URLError: <urlopen error [Errno 111] Connection refused>
g004181: URLError: <urlopen error [Errno 111] Connection refused>
g004107: URLError: <urlopen error [Errno 111] Connection refused>
g004086: URLError: <urlopen error [Errno 111] Connection refused>
g003900: URLError: <urlopen error [Errno 111] Connection refused>
g004185: URLError: <urlopen error [Errno 111] Connection refused>
g004111: URLError: <urlopen error [Errno 111] Connection refused>
g004090: URLError: <urlopen error [Errno 111] Connection refused>
g004115: URLError: <urlopen error [Errno 111] Connection refused>
g004189: URLError: <urlopen error [Errno 111] Connection refused>
g003904: URLError: <urlopen error [Errno 111] Connection refused>
g004119: URLError: <urlopen error [Errno 111] Connection refused>
g004193: URLError: <urlopen error [Errno 111] Connection refused>
g004094: URLError: <urlopen error [Errno 111] Connection refused>
g003908: URLError: <urlopen error [Errno 111] Connection refused>
g004123: URLError: <urlopen error [Errno 111] Connection refused>
g004098: URLError: <urlopen error [Errno 111] Connection refused>
g004197: URLError: <urlopen error [Errno 111] Connection refused>
g003912: URLError: <urlopen error [Errno 111] Connection refused>
g004127: URLError: <urlopen error [Errno 111] Connection refused>
g004102: URLError: <urlopen error [Errno 111] Connection refused>
g004201: URLError: <urlopen error [Errno 111] Connection refused>
g003916: URLError: <urlopen error [Errno 111] Connection refused>
g004131: URLError: <urlopen error [Errno 111] Connection refused>
g004106: URLError: <urlopen error [Errno 111] Connection refused>
g004205: URLError: <urlopen error [Errno 111] Connection refused>
g003920: URLError: <urlopen error [Errno 111] Connection refused>
g004135: URLError: <urlopen error [Errno 111] Connection refused>
g004110: URLError: <urlopen error [Errno 111] Connection refused>
g004209: URLError: <urlopen error [Errno 111] Connection refused>
g003924: URLError: <urlopen error [Errno 111] Connection refused>
g004139: URLError: <urlopen error [Errno 111] Connection refused>
g004114: URLError: <urlopen error [Errno 111] Connection refused>
g004213: URLError: <urlopen error [Errno 111] Connection refused>
g003928: URLError: <urlopen error [Errno 111] Connection refused>
g004143: URLError: <urlopen error [Errno 111] Connection refused>
g004118: URLError: <urlopen error [Errno 111] Connection refused>
g004217: URLError: <urlopen error [Errno 111] Connection refused>
g003932: URLError: <urlopen error [Errno 111] Connection refused>
g004147: URLError: <urlopen error [Errno 111] Connection refused>
g004122: URLError: <urlopen error [Errno 111] Connection refused>
g004221: URLError: <urlopen error [Errno 111] Connection refused>
g003936: URLError: <urlopen error [Errno 111] Connection refused>
g004151: URLError: <urlopen error [Errno 111] Connection refused>
g004126: URLError: <urlopen error [Errno 111] Connection refused>
g004225: URLError: <urlopen error [Errno 111] Connection refused>
g003940: URLError: <urlopen error [Errno 111] Connection refused>
g004155: URLError: <urlopen error [Errno 111] Connection refused>
g004130: URLError: <urlopen error [Errno 111] Connection refused>
g004229: URLError: <urlopen error [Errno 111] Connection refused>
g003944: URLError: <urlopen error [Errno 111] Connection refused>
g004159: URLError: <urlopen error [Errno 111] Connection refused>
g004134: URLError: <urlopen error [Errno 111] Connection refused>
g004233: URLError: <urlopen error [Errno 111] Connection refused>
g003948: URLError: <urlopen error [Errno 111] Connection refused>
g004163: URLError: <urlopen error [Errno 111] Connection refused>
g004138: URLError: <urlopen error [Errno 111] Connection refused>
g004237: URLError: <urlopen error [Errno 111] Connection refused>
g003952: URLError: <urlopen error [Errno 111] Connection refused>
g004167: URLError: <urlopen error [Errno 111] Connection refused>
g004142: URLError: <urlopen error [Errno 111] Connection refused>
g004241: URLError: <urlopen error [Errno 111] Connection refused>
g003956: URLError: <urlopen error [Errno 111] Connection refused>
g004171: URLError: <urlopen error [Errno 111] Connection refused>
g004146: URLError: <urlopen error [Errno 111] Connection refused>
g004245: URLError: <urlopen error [Errno 111] Connection refused>
g004175: URLError: <urlopen error [Errno 111] Connection refused>
g003960: URLError: <urlopen error [Errno 111] Connection refused>
g004150: URLError: <urlopen error [Errno 111] Connection refused>
g004249: URLError: <urlopen error [Errno 111] Connection refused>
g004179: URLError: <urlopen error [Errno 111] Connection refused>
g004154: URLError: <urlopen error [Errno 111] Connection refused>
g004253: URLError: <urlopen error [Errno 111] Connection refused>
g003964: URLError: <urlopen error [Errno 111] Connection refused>
g004183: URLError: <urlopen error [Errno 111] Connection refused>
g004158: URLError: <urlopen error [Errno 111] Connection refused>
g004257: URLError: <urlopen error [Errno 111] Connection refused>
g003968: URLError: <urlopen error [Errno 111] Connection refused>
g004187: URLError: <urlopen error [Errno 111] Connection refused>
g004162: URLError: <urlopen error [Errno 111] Connection refused>
g003972: URLError: <urlopen error [Errno 111] Connection refused>
g004261: URLError: <urlopen error [Errno 111] Connection refused>
g004191: URLError: <urlopen error [Errno 111] Connection refused>
g004166: URLError: <urlopen error [Errno 111] Connection refused>
g003976: URLError: <urlopen error [Errno 111] Connection refused>
g004265: URLError: <urlopen error [Errno 111] Connection refused>
g004195: URLError: <urlopen error [Errno 111] Connection refused>
g004170: URLError: <urlopen error [Errno 111] Connection refused>
g003980: URLError: <urlopen error [Errno 111] Connection refused>
g004199: URLError: <urlopen error [Errno 111] Connection refused>
g004174: URLError: <urlopen error [Errno 111] Connection refused>
g004269: URLError: <urlopen error [Errno 111] Connection refused>
g003984: URLError: <urlopen error [Errno 111] Connection refused>
g004178: URLError: <urlopen error [Errno 111] Connection refused>
g004203: URLError: <urlopen error [Errno 111] Connection refused>
g004273: URLError: <urlopen error [Errno 111] Connection refused>
g003988: URLError: <urlopen error [Errno 111] Connection refused>
g004182: URLError: <urlopen error [Errno 111] Connection refused>
g004207: URLError: <urlopen error [Errno 111] Connection refused>
g004277: URLError: <urlopen error [Errno 111] Connection refused>
g003992: URLError: <urlopen error [Errno 111] Connection refused>
g004186: URLError: <urlopen error [Errno 111] Connection refused>
g004211: URLError: <urlopen error [Errno 111] Connection refused>
g003996: URLError: <urlopen error [Errno 111] Connection refused>
g004281: URLError: <urlopen error [Errno 111] Connection refused>
g004215: URLError: <urlopen error [Errno 111] Connection refused>
g004190: URLError: <urlopen error [Errno 111] Connection refused>
g004000: URLError: <urlopen error [Errno 111] Connection refused>
g004194: URLError: <urlopen error [Errno 111] Connection refused>
g004285: URLError: <urlopen error [Errno 111] Connection refused>
g004004: URLError: <urlopen error [Errno 111] Connection refused>
g004289: URLError: <urlopen error [Errno 111] Connection refused>
g004008: URLError: <urlopen error [Errno 111] Connection refused>
g004198: URLError: <urlopen error [Errno 111] Connection refused>
g004293: URLError: <urlopen error [Errno 111] Connection refused>
g004202: URLError: <urlopen error [Errno 111] Connection refused>
g004297: URLError: <urlopen error [Errno 111] Connection refused>
g004206: URLError: <urlopen error [Errno 111] Connection refused>
g004301: URLError: <urlopen error [Errno 111] Connection refused>
g004210: URLError: <urlopen error [Errno 111] Connection refused>
g004305: URLError: <urlopen error [Errno 111] Connection refused>
g004214: URLError: <urlopen error [Errno 111] Connection refused>
g004309: URLError: <urlopen error [Errno 111] Connection refused>
g004218: URLError: <urlopen error [Errno 111] Connection refused>
g004222: URLError: <urlopen error [Errno 111] Connection refused>
g004219: URLError: <urlopen error [Errno 111] Connection refused>
g004313: URLError: <urlopen error [Errno 111] Connection refused>
g004317: URLError: <urlopen error [Errno 111] Connection refused>
g004223: URLError: <urlopen error [Errno 111] Connection refused>
g004012: URLError: <urlopen error [Errno 111] Connection refused>
g004226: URLError: <urlopen error [Errno 111] Connection refused>
g004227: URLError: <urlopen error [Errno 111] Connection refused>
g004230: URLError: <urlopen error [Errno 111] Connection refused>
g004231: URLError: <urlopen error [Errno 111] Connection refused>
g004234: URLError: <urlopen error [Errno 111] Connection refused>
g004235: URLError: <urlopen error [Errno 111] Connection refused>
g004238: URLError: <urlopen error [Errno 111] Connection refused>
g004242: URLError: <urlopen error [Errno 111] Connection refused>
g004016: URLError: <urlopen error [Errno 111] Connection refused>
g004020: URLError: <urlopen error [Errno 111] Connection refused>
g004024: URLError: <urlopen error [Errno 111] Connection refused>
g004028: URLError: <urlopen error [Errno 111] Connection refused>
g004032: URLError: <urlopen error [Errno 111] Connection refused>
g004036: URLError: <urlopen error [Errno 111] Connection refused>
g004040: URLError: <urlopen error [Errno 111] Connection refused>
g004044: URLError: <urlopen error [Errno 111] Connection refused>
g004048: URLError: <urlopen error [Errno 111] Connection refused>
g004052: URLError: <urlopen error [Errno 111] Connection refused>
g004056: URLError: <urlopen error [Errno 111] Connection refused>
g004060: URLError: <urlopen error [Errno 111] Connection refused>
g004064: URLError: <urlopen error [Errno 111] Connection refused>
g004068: URLError: <urlopen error [Errno 111] Connection refused>
g004239: URLError: <urlopen error [Errno 111] Connection refused>
g004243: URLError: <urlopen error [Errno 111] Connection refused>
g004246: URLError: <urlopen error [Errno 111] Connection refused>
g004247: URLError: <urlopen error [Errno 111] Connection refused>
g004250: URLError: <urlopen error [Errno 111] Connection refused>
g004251: URLError: <urlopen error [Errno 111] Connection refused>
g004254: URLError: <urlopen error [Errno 111] Connection refused>
g004255: URLError: <urlopen error [Errno 111] Connection refused>
g004258: URLError: <urlopen error [Errno 111] Connection refused>
g004259: URLError: <urlopen error [Errno 111] Connection refused>
g004262: URLError: <urlopen error [Errno 111] Connection refused>
g004263: URLError: <urlopen error [Errno 111] Connection refused>
g004266: URLError: <urlopen error [Errno 111] Connection refused>
g004267: URLError: <urlopen error [Errno 111] Connection refused>
g004270: URLError: <urlopen error [Errno 111] Connection refused>
g004274: URLError: <urlopen error [Errno 111] Connection refused>
g004278: URLError: <urlopen error [Errno 111] Connection refused>
g004271: URLError: <urlopen error [Errno 111] Connection refused>
g004282: URLError: <urlopen error [Errno 111] Connection refused>
g004321: URLError: <urlopen error [Errno 111] Connection refused>
g004275: URLError: <urlopen error [Errno 111] Connection refused>
g004286: URLError: <urlopen error [Errno 111] Connection refused>
g004325: URLError: <urlopen error [Errno 111] Connection refused>
g004279: URLError: <urlopen error [Errno 111] Connection refused>
g004290: URLError: <urlopen error [Errno 111] Connection refused>
g004329: URLError: <urlopen error [Errno 111] Connection refused>
g004283: URLError: <urlopen error [Errno 111] Connection refused>
g004294: URLError: <urlopen error [Errno 111] Connection refused>
g004333: URLError: <urlopen error [Errno 111] Connection refused>
g004287: URLError: <urlopen error [Errno 111] Connection refused>
g004298: URLError: <urlopen error [Errno 111] Connection refused>
g004337: URLError: <urlopen error [Errno 111] Connection refused>
g004291: URLError: <urlopen error [Errno 111] Connection refused>
g004302: URLError: <urlopen error [Errno 111] Connection refused>
g004341: URLError: <urlopen error [Errno 111] Connection refused>
g004306: URLError: <urlopen error [Errno 111] Connection refused>
g004295: URLError: <urlopen error [Errno 111] Connection refused>
g004345: URLError: <urlopen error [Errno 111] Connection refused>
g004299: URLError: <urlopen error [Errno 111] Connection refused>
g004349: URLError: <urlopen error [Errno 111] Connection refused>
g004353: URLError: <urlopen error [Errno 111] Connection refused>
g004310: URLError: <urlopen error [Errno 111] Connection refused>
g004072: URLError: <urlopen error [Errno 111] Connection refused>
g004314: URLError: <urlopen error [Errno 111] Connection refused>
g004318: URLError: <urlopen error [Errno 111] Connection refused>
g004076: URLError: <urlopen error [Errno 111] Connection refused>
g004303: URLError: <urlopen error [Errno 111] Connection refused>
g004307: URLError: <urlopen error [Errno 111] Connection refused>
g004080: URLError: <urlopen error [Errno 111] Connection refused>
g004322: URLError: <urlopen error [Errno 111] Connection refused>
g004326: URLError: <urlopen error [Errno 111] Connection refused>
g004357: URLError: <urlopen error [Errno 111] Connection refused>
g004084: URLError: <urlopen error [Errno 111] Connection refused>
g004311: URLError: <urlopen error [Errno 111] Connection refused>
g004330: URLError: <urlopen error [Errno 111] Connection refused>
g004315: URLError: <urlopen error [Errno 111] Connection refused>
g004334: URLError: <urlopen error [Errno 111] Connection refused>
g004319: URLError: <urlopen error [Errno 111] Connection refused>
g004338: URLError: <urlopen error [Errno 111] Connection refused>
g004323: URLError: <urlopen error [Errno 111] Connection refused>
g004342: URLError: <urlopen error [Errno 111] Connection refused>
g004327: URLError: <urlopen error [Errno 111] Connection refused>
g004346: URLError: <urlopen error [Errno 111] Connection refused>
g004361: URLError: <urlopen error [Errno 111] Connection refused>
g004350: URLError: <urlopen error [Errno 111] Connection refused>
g004365: URLError: <urlopen error [Errno 111] Connection refused>
g004088: URLError: <urlopen error [Errno 111] Connection refused>
g004354: URLError: <urlopen error [Errno 111] Connection refused>
g004369: URLError: <urlopen error [Errno 111] Connection refused>
g004092: URLError: <urlopen error [Errno 111] Connection refused>
g004358: URLError: <urlopen error [Errno 111] Connection refused>
g004362: URLError: <urlopen error [Errno 111] Connection refused>
g004331: URLError: <urlopen error [Errno 111] Connection refused>
g004373: URLError: <urlopen error [Errno 111] Connection refused>
g004366: URLError: <urlopen error [Errno 111] Connection refused>
g004377: URLError: <urlopen error [Errno 111] Connection refused>
g004335: URLError: <urlopen error [Errno 111] Connection refused>
g004370: URLError: <urlopen error [Errno 111] Connection refused>
g004381: URLError: <urlopen error [Errno 111] Connection refused>
g004374: URLError: <urlopen error [Errno 111] Connection refused>
g004339: URLError: <urlopen error [Errno 111] Connection refused>
g004385: URLError: <urlopen error [Errno 111] Connection refused>
g004378: URLError: <urlopen error [Errno 111] Connection refused>
g004343: URLError: <urlopen error [Errno 111] Connection refused>
g004382: URLError: <urlopen error [Errno 111] Connection refused>
g004347: URLError: <urlopen error [Errno 111] Connection refused>
g004096: URLError: <urlopen error [Errno 111] Connection refused>
g004386: URLError: <urlopen error [Errno 111] Connection refused>
g004351: URLError: <urlopen error [Errno 111] Connection refused>
g004100: URLError: <urlopen error [Errno 111] Connection refused>
g004390: URLError: <urlopen error [Errno 111] Connection refused>
g004355: URLError: <urlopen error [Errno 111] Connection refused>
g004104: URLError: <urlopen error [Errno 111] Connection refused>
g004394: URLError: <urlopen error [Errno 111] Connection refused>
g004359: URLError: <urlopen error [Errno 111] Connection refused>
g004108: URLError: <urlopen error [Errno 111] Connection refused>
g004398: URLError: <urlopen error [Errno 111] Connection refused>
g004112: URLError: <urlopen error [Errno 111] Connection refused>
g004402: URLError: <urlopen error [Errno 111] Connection refused>
g004363: URLError: <urlopen error [Errno 111] Connection refused>
g004406: URLError: <urlopen error [Errno 111] Connection refused>
g004367: URLError: <urlopen error [Errno 111] Connection refused>
g004389: URLError: <urlopen error [Errno 111] Connection refused>
g004371: URLError: <urlopen error [Errno 111] Connection refused>
g004410: URLError: <urlopen error [Errno 111] Connection refused>
g004393: URLError: <urlopen error [Errno 111] Connection refused>
g004414: URLError: <urlopen error [Errno 111] Connection refused>
g004397: URLError: <urlopen error [Errno 111] Connection refused>
g004375: URLError: <urlopen error [Errno 111] Connection refused>
g004418: URLError: <urlopen error [Errno 111] Connection refused>
g004116: URLError: <urlopen error [Errno 111] Connection refused>
g004422: URLError: <urlopen error [Errno 111] Connection refused>
g004401: URLError: <urlopen error [Errno 111] Connection refused>
g004120: URLError: <urlopen error [Errno 111] Connection refused>
g004426: URLError: <urlopen error [Errno 111] Connection refused>
g004405: URLError: <urlopen error [Errno 111] Connection refused>
g004124: URLError: <urlopen error [Errno 111] Connection refused>
g004430: URLError: <urlopen error [Errno 111] Connection refused>
g004128: URLError: <urlopen error [Errno 111] Connection refused>
g004434: URLError: <urlopen error [Errno 111] Connection refused>
g004438: URLError: <urlopen error [Errno 111] Connection refused>
g004409: URLError: <urlopen error [Errno 111] Connection refused>
g004379: URLError: <urlopen error [Errno 111] Connection refused>
g004442: URLError: <urlopen error [Errno 111] Connection refused>
g004132: URLError: <urlopen error [Errno 111] Connection refused>
g004136: URLError: <urlopen error [Errno 111] Connection refused>
g004413: URLError: <urlopen error [Errno 111] Connection refused>
g004383: URLError: <urlopen error [Errno 111] Connection refused>
g004140: URLError: <urlopen error [Errno 111] Connection refused>
g004446: URLError: <urlopen error [Errno 111] Connection refused>
g004387: URLError: <urlopen error [Errno 111] Connection refused>
g004144: URLError: <urlopen error [Errno 111] Connection refused>
g004450: URLError: <urlopen error [Errno 111] Connection refused>
g004391: URLError: <urlopen error [Errno 111] Connection refused>
g004395: URLError: <urlopen error [Errno 111] Connection refused>
g004454: URLError: <urlopen error [Errno 111] Connection refused>
g004417: URLError: <urlopen error [Errno 111] Connection refused>
g004399: URLError: <urlopen error [Errno 111] Connection refused>
g004458: URLError: <urlopen error [Errno 111] Connection refused>
g004421: URLError: <urlopen error [Errno 111] Connection refused>
g004462: URLError: <urlopen error [Errno 111] Connection refused>
g004403: URLError: <urlopen error [Errno 111] Connection refused>
g004466: URLError: <urlopen error [Errno 111] Connection refused>
g004425: URLError: <urlopen error [Errno 111] Connection refused>
g004148: URLError: <urlopen error [Errno 111] Connection refused>
g004429: URLError: <urlopen error [Errno 111] Connection refused>
g004407: URLError: <urlopen error [Errno 111] Connection refused>
g004152: URLError: <urlopen error [Errno 111] Connection refused>
g004411: URLError: <urlopen error [Errno 111] Connection refused>
g004433: URLError: <urlopen error [Errno 111] Connection refused>
g004156: URLError: <urlopen error [Errno 111] Connection refused>
g004437: URLError: <urlopen error [Errno 111] Connection refused>
g004415: URLError: <urlopen error [Errno 111] Connection refused>
g004470: URLError: <urlopen error [Errno 111] Connection refused>
g004419: URLError: <urlopen error [Errno 111] Connection refused>
g004441: URLError: <urlopen error [Errno 111] Connection refused>
g004423: URLError: <urlopen error [Errno 111] Connection refused>
g004160: URLError: <urlopen error [Errno 111] Connection refused>
g004474: URLError: <urlopen error [Errno 111] Connection refused>
g004164: URLError: <urlopen error [Errno 111] Connection refused>
g004427: URLError: <urlopen error [Errno 111] Connection refused>
g004478: URLError: <urlopen error [Errno 111] Connection refused>
g004482: URLError: <urlopen error [Errno 111] Connection refused>
g004431: URLError: <urlopen error [Errno 111] Connection refused>
g004168: URLError: <urlopen error [Errno 111] Connection refused>
g004172: URLError: <urlopen error [Errno 111] Connection refused>
g004435: URLError: <urlopen error [Errno 111] Connection refused>
g004445: URLError: <urlopen error [Errno 111] Connection refused>
g004439: URLError: <urlopen error [Errno 111] Connection refused>
g004449: URLError: <urlopen error [Errno 111] Connection refused>
g004176: URLError: <urlopen error [Errno 111] Connection refused>
g004443: URLError: <urlopen error [Errno 111] Connection refused>
g004180: URLError: <urlopen error [Errno 111] Connection refused>
g004486: URLError: <urlopen error [Errno 111] Connection refused>
g004184: URLError: <urlopen error [Errno 111] Connection refused>
g004490: URLError: <urlopen error [Errno 111] Connection refused>
g004188: URLError: <urlopen error [Errno 111] Connection refused>
g004494: URLError: <urlopen error [Errno 111] Connection refused>
g004192: URLError: <urlopen error [Errno 111] Connection refused>
g004498: URLError: <urlopen error [Errno 111] Connection refused>
g004453: URLError: <urlopen error [Errno 111] Connection refused>
g004196: URLError: <urlopen error [Errno 111] Connection refused>
g004200: URLError: <urlopen error [Errno 111] Connection refused>
g004447: URLError: <urlopen error [Errno 111] Connection refused>
g004457: URLError: <urlopen error [Errno 111] Connection refused>
g004204: URLError: <urlopen error [Errno 111] Connection refused>
g004451: URLError: <urlopen error [Errno 111] Connection refused>
g004461: URLError: <urlopen error [Errno 111] Connection refused>
g004208: URLError: <urlopen error [Errno 111] Connection refused>
g004455: URLError: <urlopen error [Errno 111] Connection refused>
g004465: URLError: <urlopen error [Errno 111] Connection refused>
g004212: URLError: <urlopen error [Errno 111] Connection refused>
g004502: URLError: <urlopen error [Errno 111] Connection refused>
g004469: URLError: <urlopen error [Errno 111] Connection refused>
g004216: URLError: <urlopen error [Errno 111] Connection refused>
g004506: URLError: <urlopen error [Errno 111] Connection refused>
g004473: URLError: <urlopen error [Errno 111] Connection refused>
g004220: URLError: <urlopen error [Errno 111] Connection refused>
g004510: URLError: <urlopen error [Errno 111] Connection refused>
g004477: URLError: <urlopen error [Errno 111] Connection refused>
g004224: URLError: <urlopen error [Errno 111] Connection refused>
g004514: URLError: <urlopen error [Errno 111] Connection refused>
g004518: URLError: <urlopen error [Errno 111] Connection refused>
g004228: URLError: <urlopen error [Errno 111] Connection refused>
g004459: URLError: <urlopen error [Errno 111] Connection refused>
g004463: URLError: <urlopen error [Errno 111] Connection refused>
g004232: URLError: <urlopen error [Errno 111] Connection refused>
g004522: URLError: <urlopen error [Errno 111] Connection refused>
g004236: URLError: <urlopen error [Errno 111] Connection refused>
g004526: URLError: <urlopen error [Errno 111] Connection refused>
g004467: URLError: <urlopen error [Errno 111] Connection refused>
g004481: URLError: <urlopen error [Errno 111] Connection refused>
g004240: URLError: <urlopen error [Errno 111] Connection refused>
g004485: URLError: <urlopen error [Errno 111] Connection refused>
g004244: URLError: <urlopen error [Errno 111] Connection refused>
g004530: URLError: <urlopen error [Errno 111] Connection refused>
g004248: URLError: <urlopen error [Errno 111] Connection refused>
g004534: URLError: <urlopen error [Errno 111] Connection refused>
g004252: URLError: <urlopen error [Errno 111] Connection refused>
g004538: URLError: <urlopen error [Errno 111] Connection refused>
g004542: URLError: <urlopen error [Errno 111] Connection refused>
g004471: URLError: <urlopen error [Errno 111] Connection refused>
g004256: URLError: <urlopen error [Errno 111] Connection refused>
g004260: URLError: <urlopen error [Errno 111] Connection refused>
g004489: URLError: <urlopen error [Errno 111] Connection refused>
g004475: URLError: <urlopen error [Errno 111] Connection refused>
g004493: URLError: <urlopen error [Errno 111] Connection refused>
g004264: URLError: <urlopen error [Errno 111] Connection refused>
g004479: URLError: <urlopen error [Errno 111] Connection refused>
g004497: URLError: <urlopen error [Errno 111] Connection refused>
g004268: URLError: <urlopen error [Errno 111] Connection refused>
g004483: URLError: <urlopen error [Errno 111] Connection refused>
g004501: URLError: <urlopen error [Errno 111] Connection refused>
g004272: URLError: <urlopen error [Errno 111] Connection refused>
g004487: URLError: <urlopen error [Errno 111] Connection refused>
g004505: URLError: <urlopen error [Errno 111] Connection refused>
g004276: URLError: <urlopen error [Errno 111] Connection refused>
g004491: URLError: <urlopen error [Errno 111] Connection refused>
g004509: URLError: <urlopen error [Errno 111] Connection refused>
g004280: URLError: <urlopen error [Errno 111] Connection refused>
g004546: URLError: <urlopen error [Errno 111] Connection refused>
g004284: URLError: <urlopen error [Errno 111] Connection refused>
g004550: URLError: <urlopen error [Errno 111] Connection refused>
g004288: URLError: <urlopen error [Errno 111] Connection refused>
g004292: URLError: <urlopen error [Errno 111] Connection refused>
g004495: URLError: <urlopen error [Errno 111] Connection refused>
g004513: URLError: <urlopen error [Errno 111] Connection refused>
g004499: URLError: <urlopen error [Errno 111] Connection refused>
g004517: URLError: <urlopen error [Errno 111] Connection refused>
g004503: URLError: <urlopen error [Errno 111] Connection refused>
g004507: URLError: <urlopen error [Errno 111] Connection refused>
g004554: URLError: <urlopen error [Errno 111] Connection refused>
g004521: URLError: <urlopen error [Errno 111] Connection refused>
g004511: URLError: <urlopen error [Errno 111] Connection refused>
g004296: URLError: <urlopen error [Errno 111] Connection refused>
g004558: URLError: <urlopen error [Errno 111] Connection refused>
g004300: URLError: <urlopen error [Errno 111] Connection refused>
g004515: URLError: <urlopen error [Errno 111] Connection refused>
g004562: URLError: <urlopen error [Errno 111] Connection refused>
g004304: URLError: <urlopen error [Errno 111] Connection refused>
g004519: URLError: <urlopen error [Errno 111] Connection refused>
g004566: URLError: <urlopen error [Errno 111] Connection refused>
g004308: URLError: <urlopen error [Errno 111] Connection refused>
g004523: URLError: <urlopen error [Errno 111] Connection refused>
g004570: URLError: <urlopen error [Errno 111] Connection refused>
g004312: URLError: <urlopen error [Errno 111] Connection refused>
g004527: URLError: <urlopen error [Errno 111] Connection refused>
g004574: URLError: <urlopen error [Errno 111] Connection refused>
g004316: URLError: <urlopen error [Errno 111] Connection refused>
g004531: URLError: <urlopen error [Errno 111] Connection refused>
g004578: URLError: <urlopen error [Errno 111] Connection refused>
g004320: URLError: <urlopen error [Errno 111] Connection refused>
g004535: URLError: <urlopen error [Errno 111] Connection refused>
g004582: URLError: <urlopen error [Errno 111] Connection refused>
g004324: URLError: <urlopen error [Errno 111] Connection refused>
g004539: URLError: <urlopen error [Errno 111] Connection refused>
g004586: URLError: <urlopen error [Errno 111] Connection refused>
g004328: URLError: <urlopen error [Errno 111] Connection refused>
g004543: URLError: <urlopen error [Errno 111] Connection refused>
g004332: URLError: <urlopen error [Errno 111] Connection refused>
g004547: URLError: <urlopen error [Errno 111] Connection refused>
g004551: URLError: <urlopen error [Errno 111] Connection refused>
g004525: URLError: <urlopen error [Errno 111] Connection refused>
g004529: URLError: <urlopen error [Errno 111] Connection refused>
g004590: URLError: <urlopen error [Errno 111] Connection refused>
g004336: URLError: <urlopen error [Errno 111] Connection refused>
g004533: URLError: <urlopen error [Errno 111] Connection refused>
g004340: URLError: <urlopen error [Errno 111] Connection refused>
g004537: URLError: <urlopen error [Errno 111] Connection refused>
g004344: URLError: <urlopen error [Errno 111] Connection refused>
g004541: URLError: <urlopen error [Errno 111] Connection refused>
g004348: URLError: <urlopen error [Errno 111] Connection refused>
g004545: URLError: <urlopen error [Errno 111] Connection refused>
g004549: URLError: <urlopen error [Errno 111] Connection refused>
g004594: URLError: <urlopen error [Errno 111] Connection refused>
g004553: URLError: <urlopen error [Errno 111] Connection refused>
g004598: URLError: <urlopen error [Errno 111] Connection refused>
g004602: URLError: <urlopen error [Errno 111] Connection refused>
g004555: URLError: <urlopen error [Errno 111] Connection refused>
g004352: URLError: <urlopen error [Errno 111] Connection refused>
g004559: URLError: <urlopen error [Errno 111] Connection refused>
g004356: URLError: <urlopen error [Errno 111] Connection refused>
g004563: URLError: <urlopen error [Errno 111] Connection refused>
g004360: URLError: <urlopen error [Errno 111] Connection refused>
g004567: URLError: <urlopen error [Errno 111] Connection refused>
g004364: URLError: <urlopen error [Errno 111] Connection refused>
g004571: URLError: <urlopen error [Errno 111] Connection refused>
g004368: URLError: <urlopen error [Errno 111] Connection refused>
g004575: URLError: <urlopen error [Errno 111] Connection refused>
g004372: URLError: <urlopen error [Errno 111] Connection refused>
g004579: URLError: <urlopen error [Errno 111] Connection refused>
g004583: URLError: <urlopen error [Errno 111] Connection refused>
g004557: URLError: <urlopen error [Errno 111] Connection refused>
g004376: URLError: <urlopen error [Errno 111] Connection refused>
g004380: URLError: <urlopen error [Errno 111] Connection refused>
g004606: URLError: <urlopen error [Errno 111] Connection refused>
g004561: URLError: <urlopen error [Errno 111] Connection refused>
g004384: URLError: <urlopen error [Errno 111] Connection refused>
g004610: URLError: <urlopen error [Errno 111] Connection refused>
g004565: URLError: <urlopen error [Errno 111] Connection refused>
g004614: URLError: <urlopen error [Errno 111] Connection refused>
g004388: URLError: <urlopen error [Errno 111] Connection refused>
g004569: URLError: <urlopen error [Errno 111] Connection refused>
g004392: URLError: <urlopen error [Errno 111] Connection refused>
g004618: URLError: <urlopen error [Errno 111] Connection refused>
g004622: URLError: <urlopen error [Errno 111] Connection refused>
g004396: URLError: <urlopen error [Errno 111] Connection refused>
g004573: URLError: <urlopen error [Errno 111] Connection refused>
g004400: URLError: <urlopen error [Errno 111] Connection refused>
g004626: URLError: <urlopen error [Errno 111] Connection refused>
g004577: URLError: <urlopen error [Errno 111] Connection refused>
g004404: URLError: <urlopen error [Errno 111] Connection refused>
g004630: URLError: <urlopen error [Errno 111] Connection refused>
g004581: URLError: <urlopen error [Errno 111] Connection refused>
g004634: URLError: <urlopen error [Errno 111] Connection refused>
g004408: URLError: <urlopen error [Errno 111] Connection refused>
g004585: URLError: <urlopen error [Errno 111] Connection refused>
g004638: URLError: <urlopen error [Errno 111] Connection refused>
g004412: URLError: <urlopen error [Errno 111] Connection refused>
g004587: URLError: <urlopen error [Errno 111] Connection refused>
g004416: URLError: <urlopen error [Errno 111] Connection refused>
g004420: URLError: <urlopen error [Errno 111] Connection refused>
g004591: URLError: <urlopen error [Errno 111] Connection refused>
g004642: URLError: <urlopen error [Errno 111] Connection refused>
g004589: URLError: <urlopen error [Errno 111] Connection refused>
g004424: URLError: <urlopen error [Errno 111] Connection refused>
g004593: URLError: <urlopen error [Errno 111] Connection refused>
g004428: URLError: <urlopen error [Errno 111] Connection refused>
g004597: URLError: <urlopen error [Errno 111] Connection refused>
g004432: URLError: <urlopen error [Errno 111] Connection refused>
g004601: URLError: <urlopen error [Errno 111] Connection refused>
g004436: URLError: <urlopen error [Errno 111] Connection refused>
g004605: URLError: <urlopen error [Errno 111] Connection refused>
g004440: URLError: <urlopen error [Errno 111] Connection refused>
g004595: URLError: <urlopen error [Errno 111] Connection refused>
g004609: URLError: <urlopen error [Errno 111] Connection refused>
g004444: URLError: <urlopen error [Errno 111] Connection refused>
g004646: URLError: <urlopen error [Errno 111] Connection refused>
g004613: URLError: <urlopen error [Errno 111] Connection refused>
g004599: URLError: <urlopen error [Errno 111] Connection refused>
g004448: URLError: <urlopen error [Errno 111] Connection refused>
g004650: URLError: <urlopen error [Errno 111] Connection refused>
g004617: URLError: <urlopen error [Errno 111] Connection refused>
g004603: URLError: <urlopen error [Errno 111] Connection refused>
g004452: URLError: <urlopen error [Errno 111] Connection refused>
g004654: URLError: <urlopen error [Errno 111] Connection refused>
g004621: URLError: <urlopen error [Errno 111] Connection refused>
g004456: URLError: <urlopen error [Errno 111] Connection refused>
g004658: URLError: <urlopen error [Errno 111] Connection refused>
g004607: URLError: <urlopen error [Errno 111] Connection refused>
g004625: URLError: <urlopen error [Errno 111] Connection refused>
g004460: URLError: <urlopen error [Errno 111] Connection refused>
g004662: URLError: <urlopen error [Errno 111] Connection refused>
g004611: URLError: <urlopen error [Errno 111] Connection refused>
g004629: URLError: <urlopen error [Errno 111] Connection refused>
g004464: URLError: <urlopen error [Errno 111] Connection refused>
g004666: URLError: <urlopen error [Errno 111] Connection refused>
g004633: URLError: <urlopen error [Errno 111] Connection refused>
g004615: URLError: <urlopen error [Errno 111] Connection refused>
g004468: URLError: <urlopen error [Errno 111] Connection refused>
g004670: URLError: <urlopen error [Errno 111] Connection refused>
g004637: URLError: <urlopen error [Errno 111] Connection refused>
g004619: URLError: <urlopen error [Errno 111] Connection refused>
g004674: URLError: <urlopen error [Errno 111] Connection refused>
g004472: URLError: <urlopen error [Errno 111] Connection refused>
g004641: URLError: <urlopen error [Errno 111] Connection refused>
g004623: URLError: <urlopen error [Errno 111] Connection refused>
g004476: URLError: <urlopen error [Errno 111] Connection refused>
g004678: URLError: <urlopen error [Errno 111] Connection refused>
g004645: URLError: <urlopen error [Errno 111] Connection refused>
g004480: URLError: <urlopen error [Errno 111] Connection refused>
g004682: URLError: <urlopen error [Errno 111] Connection refused>
g004627: URLError: <urlopen error [Errno 111] Connection refused>
g004649: URLError: <urlopen error [Errno 111] Connection refused>
g004484: URLError: <urlopen error [Errno 111] Connection refused>
g004686: URLError: <urlopen error [Errno 111] Connection refused>
g004653: URLError: <urlopen error [Errno 111] Connection refused>
g004631: URLError: <urlopen error [Errno 111] Connection refused>
g004690: URLError: <urlopen error [Errno 111] Connection refused>
g004488: URLError: <urlopen error [Errno 111] Connection refused>
g004657: URLError: <urlopen error [Errno 111] Connection refused>
g004635: URLError: <urlopen error [Errno 111] Connection refused>
g004492: URLError: <urlopen error [Errno 111] Connection refused>
g004694: URLError: <urlopen error [Errno 111] Connection refused>
g004661: URLError: <urlopen error [Errno 111] Connection refused>
g004639: URLError: <urlopen error [Errno 111] Connection refused>
g004496: URLError: <urlopen error [Errno 111] Connection refused>
g004698: URLError: <urlopen error [Errno 111] Connection refused>
g004665: URLError: <urlopen error [Errno 111] Connection refused>
g004643: URLError: <urlopen error [Errno 111] Connection refused>
g004702: URLError: <urlopen error [Errno 111] Connection refused>
g004500: URLError: <urlopen error [Errno 111] Connection refused>
g004669: URLError: <urlopen error [Errno 111] Connection refused>
g004647: URLError: <urlopen error [Errno 111] Connection refused>
g004504: URLError: <urlopen error [Errno 111] Connection refused>
g004673: URLError: <urlopen error [Errno 111] Connection refused>
g004706: URLError: <urlopen error [Errno 111] Connection refused>
g004651: URLError: <urlopen error [Errno 111] Connection refused>
g004508: URLError: <urlopen error [Errno 111] Connection refused>
g004677: URLError: <urlopen error [Errno 111] Connection refused>
g004710: URLError: <urlopen error [Errno 111] Connection refused>
g004655: URLError: <urlopen error [Errno 111] Connection refused>
g004512: URLError: <urlopen error [Errno 111] Connection refused>
g004714: URLError: <urlopen error [Errno 111] Connection refused>
g004681: URLError: <urlopen error [Errno 111] Connection refused>
g004516: URLError: <urlopen error [Errno 111] Connection refused>
g004659: URLError: <urlopen error [Errno 111] Connection refused>
g004718: URLError: <urlopen error [Errno 111] Connection refused>
g004685: URLError: <urlopen error [Errno 111] Connection refused>
g004520: URLError: <urlopen error [Errno 111] Connection refused>
g004722: URLError: <urlopen error [Errno 111] Connection refused>
g004689: URLError: <urlopen error [Errno 111] Connection refused>
g004663: URLError: <urlopen error [Errno 111] Connection refused>
g004524: URLError: <urlopen error [Errno 111] Connection refused>
g004726: URLError: <urlopen error [Errno 111] Connection refused>
g004693: URLError: <urlopen error [Errno 111] Connection refused>
g004667: URLError: <urlopen error [Errno 111] Connection refused>
g004528: URLError: <urlopen error [Errno 111] Connection refused>
g004730: URLError: <urlopen error [Errno 111] Connection refused>
g004697: URLError: <urlopen error [Errno 111] Connection refused>
g004671: URLError: <urlopen error [Errno 111] Connection refused>
g004532: URLError: <urlopen error [Errno 111] Connection refused>
g004734: URLError: <urlopen error [Errno 111] Connection refused>
g004701: URLError: <urlopen error [Errno 111] Connection refused>
g004675: URLError: <urlopen error [Errno 111] Connection refused>
g004536: URLError: <urlopen error [Errno 111] Connection refused>
g004738: URLError: <urlopen error [Errno 111] Connection refused>
g004705: URLError: <urlopen error [Errno 111] Connection refused>
g004540: URLError: <urlopen error [Errno 111] Connection refused>
g004742: URLError: <urlopen error [Errno 111] Connection refused>
g004709: URLError: <urlopen error [Errno 111] Connection refused>
g004679: URLError: <urlopen error [Errno 111] Connection refused>
g004544: URLError: <urlopen error [Errno 111] Connection refused>
g004746: URLError: <urlopen error [Errno 111] Connection refused>
g004713: URLError: <urlopen error [Errno 111] Connection refused>
g004683: URLError: <urlopen error [Errno 111] Connection refused>
g004750: URLError: <urlopen error [Errno 111] Connection refused>
g004548: URLError: <urlopen error [Errno 111] Connection refused>
g004717: URLError: <urlopen error [Errno 111] Connection refused>
g004687: URLError: <urlopen error [Errno 111] Connection refused>
g004754: URLError: <urlopen error [Errno 111] Connection refused>
g004552: URLError: <urlopen error [Errno 111] Connection refused>
g004721: URLError: <urlopen error [Errno 111] Connection refused>
g004691: URLError: <urlopen error [Errno 111] Connection refused>
g004758: URLError: <urlopen error [Errno 111] Connection refused>
g004725: URLError: <urlopen error [Errno 111] Connection refused>
g004556: URLError: <urlopen error [Errno 111] Connection refused>
g004695: URLError: <urlopen error [Errno 111] Connection refused>
g004762: URLError: <urlopen error [Errno 111] Connection refused>
g004560: URLError: <urlopen error [Errno 111] Connection refused>
g004729: URLError: <urlopen error [Errno 111] Connection refused>
g004699: URLError: <urlopen error [Errno 111] Connection refused>
g004766: URLError: <urlopen error [Errno 111] Connection refused>
g004733: URLError: <urlopen error [Errno 111] Connection refused>
g004703: URLError: <urlopen error [Errno 111] Connection refused>
g004564: URLError: <urlopen error [Errno 111] Connection refused>
g004737: URLError: <urlopen error [Errno 111] Connection refused>
g004770: URLError: <urlopen error [Errno 111] Connection refused>
g004568: URLError: <urlopen error [Errno 111] Connection refused>
g004707: URLError: <urlopen error [Errno 111] Connection refused>
g004741: URLError: <urlopen error [Errno 111] Connection refused>
g004774: URLError: <urlopen error [Errno 111] Connection refused>
g004572: URLError: <urlopen error [Errno 111] Connection refused>
g004711: URLError: <urlopen error [Errno 111] Connection refused>
g004745: URLError: <urlopen error [Errno 111] Connection refused>
g004778: URLError: <urlopen error [Errno 111] Connection refused>
g004576: URLError: <urlopen error [Errno 111] Connection refused>
g004782: URLError: <urlopen error [Errno 111] Connection refused>
g004749: URLError: <urlopen error [Errno 111] Connection refused>
g004715: URLError: <urlopen error [Errno 111] Connection refused>
g004580: URLError: <urlopen error [Errno 111] Connection refused>
g004753: URLError: <urlopen error [Errno 111] Connection refused>
g004786: URLError: <urlopen error [Errno 111] Connection refused>
g004719: URLError: <urlopen error [Errno 111] Connection refused>
g004584: URLError: <urlopen error [Errno 111] Connection refused>
g004757: URLError: <urlopen error [Errno 111] Connection refused>
g004790: URLError: <urlopen error [Errno 111] Connection refused>
g004723: URLError: <urlopen error [Errno 111] Connection refused>
g004588: URLError: <urlopen error [Errno 111] Connection refused>
g004761: URLError: <urlopen error [Errno 111] Connection refused>
g004794: URLError: <urlopen error [Errno 111] Connection refused>
g004592: URLError: <urlopen error [Errno 111] Connection refused>
g004727: URLError: <urlopen error [Errno 111] Connection refused>
g004798: URLError: <urlopen error [Errno 111] Connection refused>
g004765: URLError: <urlopen error [Errno 111] Connection refused>
g004596: URLError: <urlopen error [Errno 111] Connection refused>
g004802: URLError: <urlopen error [Errno 111] Connection refused>
g004769: URLError: <urlopen error [Errno 111] Connection refused>
g004731: URLError: <urlopen error [Errno 111] Connection refused>
g004600: URLError: <urlopen error [Errno 111] Connection refused>
g004773: URLError: <urlopen error [Errno 111] Connection refused>
g004735: URLError: <urlopen error [Errno 111] Connection refused>
g004604: URLError: <urlopen error [Errno 111] Connection refused>
g004777: URLError: <urlopen error [Errno 111] Connection refused>
g004739: URLError: <urlopen error [Errno 111] Connection refused>
g004608: URLError: <urlopen error [Errno 111] Connection refused>
g004781: URLError: <urlopen error [Errno 111] Connection refused>
g004743: URLError: <urlopen error [Errno 111] Connection refused>
g004612: URLError: <urlopen error [Errno 111] Connection refused>
g004785: URLError: <urlopen error [Errno 111] Connection refused>
g004747: URLError: <urlopen error [Errno 111] Connection refused>
g004616: URLError: <urlopen error [Errno 111] Connection refused>
g004789: URLError: <urlopen error [Errno 111] Connection refused>
g004751: URLError: <urlopen error [Errno 111] Connection refused>
g004620: URLError: <urlopen error [Errno 111] Connection refused>
g004793: URLError: <urlopen error [Errno 111] Connection refused>
g004755: URLError: <urlopen error [Errno 111] Connection refused>
g004624: URLError: <urlopen error [Errno 111] Connection refused>
g004797: URLError: <urlopen error [Errno 111] Connection refused>
g004759: URLError: <urlopen error [Errno 111] Connection refused>
g004628: URLError: <urlopen error [Errno 111] Connection refused>
g004801: URLError: <urlopen error [Errno 111] Connection refused>
g004763: URLError: <urlopen error [Errno 111] Connection refused>
g004632: URLError: <urlopen error [Errno 111] Connection refused>
g004805: URLError: <urlopen error [Errno 111] Connection refused>
g004767: URLError: <urlopen error [Errno 111] Connection refused>
g004636: URLError: <urlopen error [Errno 111] Connection refused>
g004809: URLError: <urlopen error [Errno 111] Connection refused>
g004771: URLError: <urlopen error [Errno 111] Connection refused>
g004640: URLError: <urlopen error [Errno 111] Connection refused>
g004813: URLError: <urlopen error [Errno 111] Connection refused>
g004817: URLError: <urlopen error [Errno 111] Connection refused>
g004644: URLError: <urlopen error [Errno 111] Connection refused>
g004806: URLError: <urlopen error [Errno 111] Connection refused>
g004648: URLError: <urlopen error [Errno 111] Connection refused>
g004821: URLError: <urlopen error [Errno 111] Connection refused>
g004775: URLError: <urlopen error [Errno 111] Connection refused>
g004810: URLError: <urlopen error [Errno 111] Connection refused>
g004652: URLError: <urlopen error [Errno 111] Connection refused>
g004825: URLError: <urlopen error [Errno 111] Connection refused>
g004779: URLError: <urlopen error [Errno 111] Connection refused>
g004814: URLError: <urlopen error [Errno 111] Connection refused>
g004656: URLError: <urlopen error [Errno 111] Connection refused>
g004829: URLError: <urlopen error [Errno 111] Connection refused>
g004783: URLError: <urlopen error [Errno 111] Connection refused>
g004818: URLError: <urlopen error [Errno 111] Connection refused>
g004660: URLError: <urlopen error [Errno 111] Connection refused>
g004833: URLError: <urlopen error [Errno 111] Connection refused>
g004787: URLError: <urlopen error [Errno 111] Connection refused>
g004822: URLError: <urlopen error [Errno 111] Connection refused>
g004837: URLError: <urlopen error [Errno 111] Connection refused>
g004664: URLError: <urlopen error [Errno 111] Connection refused>
g004791: URLError: <urlopen error [Errno 111] Connection refused>
g004668: URLError: <urlopen error [Errno 111] Connection refused>
g004841: URLError: <urlopen error [Errno 111] Connection refused>
g004795: URLError: <urlopen error [Errno 111] Connection refused>
g004672: URLError: <urlopen error [Errno 111] Connection refused>
g004845: URLError: <urlopen error [Errno 111] Connection refused>
g004799: URLError: <urlopen error [Errno 111] Connection refused>
g004676: URLError: <urlopen error [Errno 111] Connection refused>
g004849: URLError: <urlopen error [Errno 111] Connection refused>
g004803: URLError: <urlopen error [Errno 111] Connection refused>
g004807: URLError: <urlopen error [Errno 111] Connection refused>
g004826: URLError: <urlopen error [Errno 111] Connection refused>
g004811: URLError: <urlopen error [Errno 111] Connection refused>
g004830: URLError: <urlopen error [Errno 111] Connection refused>
g004815: URLError: <urlopen error [Errno 111] Connection refused>
g004680: URLError: <urlopen error [Errno 111] Connection refused>
g004834: URLError: <urlopen error [Errno 111] Connection refused>
g004819: URLError: <urlopen error [Errno 111] Connection refused>
g004684: URLError: <urlopen error [Errno 111] Connection refused>
g004853: URLError: <urlopen error [Errno 111] Connection refused>
g004838: URLError: <urlopen error [Errno 111] Connection refused>
g004823: URLError: <urlopen error [Errno 111] Connection refused>
g004688: URLError: <urlopen error [Errno 111] Connection refused>
g004857: URLError: <urlopen error [Errno 111] Connection refused>
g004827: URLError: <urlopen error [Errno 111] Connection refused>
g004692: URLError: <urlopen error [Errno 111] Connection refused>
g004861: URLError: <urlopen error [Errno 111] Connection refused>
g004842: URLError: <urlopen error [Errno 111] Connection refused>
g004831: URLError: <urlopen error [Errno 111] Connection refused>
g004696: URLError: <urlopen error [Errno 111] Connection refused>
g004865: URLError: <urlopen error [Errno 111] Connection refused>
g004846: URLError: <urlopen error [Errno 111] Connection refused>
g004700: URLError: <urlopen error [Errno 111] Connection refused>
g004835: URLError: <urlopen error [Errno 111] Connection refused>
g004869: URLError: <urlopen error [Errno 111] Connection refused>
g004850: URLError: <urlopen error [Errno 111] Connection refused>
g004704: URLError: <urlopen error [Errno 111] Connection refused>
g004873: URLError: <urlopen error [Errno 111] Connection refused>
g004839: URLError: <urlopen error [Errno 111] Connection refused>
g004854: URLError: <urlopen error [Errno 111] Connection refused>
g004858: URLError: <urlopen error [Errno 111] Connection refused>
g004708: URLError: <urlopen error [Errno 111] Connection refused>
g004843: URLError: <urlopen error [Errno 111] Connection refused>
g004877: URLError: <urlopen error [Errno 111] Connection refused>
g004712: URLError: <urlopen error [Errno 111] Connection refused>
g004881: URLError: <urlopen error [Errno 111] Connection refused>
g004847: URLError: <urlopen error [Errno 111] Connection refused>
g004862: URLError: <urlopen error [Errno 111] Connection refused>
g004716: URLError: <urlopen error [Errno 111] Connection refused>
g004885: URLError: <urlopen error [Errno 111] Connection refused>
g004851: URLError: <urlopen error [Errno 111] Connection refused>
g004866: URLError: <urlopen error [Errno 111] Connection refused>
g004720: URLError: <urlopen error [Errno 111] Connection refused>
g004889: URLError: <urlopen error [Errno 111] Connection refused>
g004855: URLError: <urlopen error [Errno 111] Connection refused>
g004724: URLError: <urlopen error [Errno 111] Connection refused>
g004870: URLError: <urlopen error [Errno 111] Connection refused>
g004893: URLError: <urlopen error [Errno 111] Connection refused>
g004859: URLError: <urlopen error [Errno 111] Connection refused>
g004728: URLError: <urlopen error [Errno 111] Connection refused>
g004897: URLError: <urlopen error [Errno 111] Connection refused>
g004863: URLError: <urlopen error [Errno 111] Connection refused>
g004732: URLError: <urlopen error [Errno 111] Connection refused>
g004901: URLError: <urlopen error [Errno 111] Connection refused>
g004736: URLError: <urlopen error [Errno 111] Connection refused>
g004905: URLError: <urlopen error [Errno 111] Connection refused>
g004740: URLError: <urlopen error [Errno 111] Connection refused>
g004909: URLError: <urlopen error [Errno 111] Connection refused>
g004867: URLError: <urlopen error [Errno 111] Connection refused>
g004744: URLError: <urlopen error [Errno 111] Connection refused>
g004913: URLError: <urlopen error [Errno 111] Connection refused>
g004871: URLError: <urlopen error [Errno 111] Connection refused>
g004748: URLError: <urlopen error [Errno 111] Connection refused>
g004875: URLError: <urlopen error [Errno 111] Connection refused>
g004874: URLError: <urlopen error [Errno 111] Connection refused>
g004878: URLError: <urlopen error [Errno 111] Connection refused>
g004882: URLError: <urlopen error [Errno 111] Connection refused>
g004917: URLError: <urlopen error [Errno 111] Connection refused>
g004879: URLError: <urlopen error [Errno 111] Connection refused>
g004752: URLError: <urlopen error [Errno 111] Connection refused>
g004886: URLError: <urlopen error [Errno 111] Connection refused>
g004756: URLError: <urlopen error [Errno 111] Connection refused>
g004890: URLError: <urlopen error [Errno 111] Connection refused>
g004894: URLError: <urlopen error [Errno 111] Connection refused>
g004760: URLError: <urlopen error [Errno 111] Connection refused>
g004764: URLError: <urlopen error [Errno 111] Connection refused>
g004921: URLError: <urlopen error [Errno 111] Connection refused>
g004883: URLError: <urlopen error [Errno 111] Connection refused>
g004768: URLError: <urlopen error [Errno 111] Connection refused>
g004887: URLError: <urlopen error [Errno 111] Connection refused>
g004898: URLError: <urlopen error [Errno 111] Connection refused>
g004891: URLError: <urlopen error [Errno 111] Connection refused>
g004902: URLError: <urlopen error [Errno 111] Connection refused>
g004895: URLError: <urlopen error [Errno 111] Connection refused>
g004906: URLError: <urlopen error [Errno 111] Connection refused>
g004899: URLError: <urlopen error [Errno 111] Connection refused>
g004910: URLError: <urlopen error [Errno 111] Connection refused>
g004925: URLError: <urlopen error [Errno 111] Connection refused>
g004903: URLError: <urlopen error [Errno 111] Connection refused>
g004907: URLError: <urlopen error [Errno 111] Connection refused>
g004772: URLError: <urlopen error [Errno 111] Connection refused>
g004929: URLError: <urlopen error [Errno 111] Connection refused>
g004776: URLError: <urlopen error [Errno 111] Connection refused>
g004933: URLError: <urlopen error [Errno 111] Connection refused>
g004911: URLError: <urlopen error [Errno 111] Connection refused>
g004915: URLError: <urlopen error [Errno 111] Connection refused>
g004780: URLError: <urlopen error [Errno 111] Connection refused>
g004937: URLError: <urlopen error [Errno 111] Connection refused>
g004919: URLError: <urlopen error [Errno 111] Connection refused>
g004784: URLError: <urlopen error [Errno 111] Connection refused>
g004941: URLError: <urlopen error [Errno 111] Connection refused>
g004923: URLError: <urlopen error [Errno 111] Connection refused>
g004788: URLError: <urlopen error [Errno 111] Connection refused>
g004945: URLError: <urlopen error [Errno 111] Connection refused>
g004792: URLError: <urlopen error [Errno 111] Connection refused>
g004927: URLError: <urlopen error [Errno 111] Connection refused>
g004914: URLError: <urlopen error [Errno 111] Connection refused>
g004796: URLError: <urlopen error [Errno 111] Connection refused>
g004931: URLError: <urlopen error [Errno 111] Connection refused>
g004918: URLError: <urlopen error [Errno 111] Connection refused>
g004800: URLError: <urlopen error [Errno 111] Connection refused>
g004935: URLError: <urlopen error [Errno 111] Connection refused>
g004922: URLError: <urlopen error [Errno 111] Connection refused>
g004804: URLError: <urlopen error [Errno 111] Connection refused>
g004939: URLError: <urlopen error [Errno 111] Connection refused>
g004926: URLError: <urlopen error [Errno 111] Connection refused>
g004943: URLError: <urlopen error [Errno 111] Connection refused>
g004808: URLError: <urlopen error [Errno 111] Connection refused>
g004812: URLError: <urlopen error [Errno 111] Connection refused>
g004947: URLError: <urlopen error [Errno 111] Connection refused>
g004949: URLError: <urlopen error [Errno 111] Connection refused>
g004816: URLError: <urlopen error [Errno 111] Connection refused>
g004951: URLError: <urlopen error [Errno 111] Connection refused>
g004953: URLError: <urlopen error [Errno 111] Connection refused>
g004955: URLError: <urlopen error [Errno 111] Connection refused>
g004820: URLError: <urlopen error [Errno 111] Connection refused>
g004957: URLError: <urlopen error [Errno 111] Connection refused>
g004824: URLError: <urlopen error [Errno 111] Connection refused>
g004959: URLError: <urlopen error [Errno 111] Connection refused>
g004961: URLError: <urlopen error [Errno 111] Connection refused>
g004828: URLError: <urlopen error [Errno 111] Connection refused>
g004963: URLError: <urlopen error [Errno 111] Connection refused>
g004965: URLError: <urlopen error [Errno 111] Connection refused>
g004967: URLError: <urlopen error [Errno 111] Connection refused>
g004832: URLError: <urlopen error [Errno 111] Connection refused>
g004969: URLError: <urlopen error [Errno 111] Connection refused>
g004971: URLError: <urlopen error [Errno 111] Connection refused>
g004836: URLError: <urlopen error [Errno 111] Connection refused>
g004973: URLError: <urlopen error [Errno 111] Connection refused>
g004975: URLError: <urlopen error [Errno 111] Connection refused>
g004840: URLError: <urlopen error [Errno 111] Connection refused>
g004930: URLError: <urlopen error [Errno 111] Connection refused>
g004977: URLError: <urlopen error [Errno 111] Connection refused>
g004844: URLError: <urlopen error [Errno 111] Connection refused>
g004934: URLError: <urlopen error [Errno 111] Connection refused>
g004938: URLError: <urlopen error [Errno 111] Connection refused>
g004979: URLError: <urlopen error [Errno 111] Connection refused>
g004981: URLError: <urlopen error [Errno 111] Connection refused>
g004848: URLError: <urlopen error [Errno 111] Connection refused>
g004985: URLError: <urlopen error [Errno 111] Connection refused>
g004983: URLError: <urlopen error [Errno 111] Connection refused>
g004852: URLError: <urlopen error [Errno 111] Connection refused>
g004989: URLError: <urlopen error [Errno 111] Connection refused>
g004987: URLError: <urlopen error [Errno 111] Connection refused>
g004993: URLError: <urlopen error [Errno 111] Connection refused>
g004991: URLError: <urlopen error [Errno 111] Connection refused>
g004856: URLError: <urlopen error [Errno 111] Connection refused>
g004997: URLError: <urlopen error [Errno 111] Connection refused>
g004860: URLError: <urlopen error [Errno 111] Connection refused>
g004942: URLError: <urlopen error [Errno 111] Connection refused>
g004864: URLError: <urlopen error [Errno 111] Connection refused>
g004946: URLError: <urlopen error [Errno 111] Connection refused>
g004868: URLError: <urlopen error [Errno 111] Connection refused>
g004950: URLError: <urlopen error [Errno 111] Connection refused>
g005001: URLError: <urlopen error [Errno 111] Connection refused>
g005005: URLError: <urlopen error [Errno 111] Connection refused>
g005009: URLError: <urlopen error [Errno 111] Connection refused>
g005013: URLError: <urlopen error [Errno 111] Connection refused>
g005017: URLError: <urlopen error [Errno 111] Connection refused>
g004995: URLError: <urlopen error [Errno 111] Connection refused>
g005021: URLError: <urlopen error [Errno 111] Connection refused>
g004999: URLError: <urlopen error [Errno 111] Connection refused>
g005025: URLError: <urlopen error [Errno 111] Connection refused>
g005003: URLError: <urlopen error [Errno 111] Connection refused>
g005029: URLError: <urlopen error [Errno 111] Connection refused>
g005007: URLError: <urlopen error [Errno 111] Connection refused>
g005033: URLError: <urlopen error [Errno 111] Connection refused>
g005011: URLError: <urlopen error [Errno 111] Connection refused>
g005037: URLError: <urlopen error [Errno 111] Connection refused>
g005015: URLError: <urlopen error [Errno 111] Connection refused>
g005041: URLError: <urlopen error [Errno 111] Connection refused>
g005019: URLError: <urlopen error [Errno 111] Connection refused>
g005045: URLError: <urlopen error [Errno 111] Connection refused>
g005023: URLError: <urlopen error [Errno 111] Connection refused>
g005049: URLError: <urlopen error [Errno 111] Connection refused>
g005027: URLError: <urlopen error [Errno 111] Connection refused>
g004872: URLError: <urlopen error [Errno 111] Connection refused>
g005053: URLError: <urlopen error [Errno 111] Connection refused>
g004876: URLError: <urlopen error [Errno 111] Connection refused>
g005057: URLError: <urlopen error [Errno 111] Connection refused>
g004954: URLError: <urlopen error [Errno 111] Connection refused>
g004880: URLError: <urlopen error [Errno 111] Connection refused>
g005061: URLError: <urlopen error [Errno 111] Connection refused>
g004958: URLError: <urlopen error [Errno 111] Connection refused>
g004884: URLError: <urlopen error [Errno 111] Connection refused>
g004962: URLError: <urlopen error [Errno 111] Connection refused>
g005065: URLError: <urlopen error [Errno 111] Connection refused>
g004888: URLError: <urlopen error [Errno 111] Connection refused>
g004892: URLError: <urlopen error [Errno 111] Connection refused>
g005031: URLError: <urlopen error [Errno 111] Connection refused>
g005069: URLError: <urlopen error [Errno 111] Connection refused>
g004896: URLError: <urlopen error [Errno 111] Connection refused>
g004966: URLError: <urlopen error [Errno 111] Connection refused>
g005035: URLError: <urlopen error [Errno 111] Connection refused>
g004900: URLError: <urlopen error [Errno 111] Connection refused>
g005073: URLError: <urlopen error [Errno 111] Connection refused>
g004904: URLError: <urlopen error [Errno 111] Connection refused>
g004970: URLError: <urlopen error [Errno 111] Connection refused>
g005039: URLError: <urlopen error [Errno 111] Connection refused>
g004908: URLError: <urlopen error [Errno 111] Connection refused>
g005077: URLError: <urlopen error [Errno 111] Connection refused>
g004912: URLError: <urlopen error [Errno 111] Connection refused>
g005043: URLError: <urlopen error [Errno 111] Connection refused>
g004974: URLError: <urlopen error [Errno 111] Connection refused>
g005081: URLError: <urlopen error [Errno 111] Connection refused>
g004916: URLError: <urlopen error [Errno 111] Connection refused>
g005047: URLError: <urlopen error [Errno 111] Connection refused>
g004978: URLError: <urlopen error [Errno 111] Connection refused>
g005085: URLError: <urlopen error [Errno 111] Connection refused>
g005051: URLError: <urlopen error [Errno 111] Connection refused>
g004920: URLError: <urlopen error [Errno 111] Connection refused>
g004982: URLError: <urlopen error [Errno 111] Connection refused>
g005089: URLError: <urlopen error [Errno 111] Connection refused>
g005055: URLError: <urlopen error [Errno 111] Connection refused>
g004986: URLError: <urlopen error [Errno 111] Connection refused>
g004924: URLError: <urlopen error [Errno 111] Connection refused>
g005059: URLError: <urlopen error [Errno 111] Connection refused>
g005093: URLError: <urlopen error [Errno 111] Connection refused>
g004990: URLError: <urlopen error [Errno 111] Connection refused>
g005063: URLError: <urlopen error [Errno 111] Connection refused>
g004928: URLError: <urlopen error [Errno 111] Connection refused>
g005097: URLError: <urlopen error [Errno 111] Connection refused>
g004994: URLError: <urlopen error [Errno 111] Connection refused>
g005067: URLError: <urlopen error [Errno 111] Connection refused>
g005101: URLError: <urlopen error [Errno 111] Connection refused>
g004932: URLError: <urlopen error [Errno 111] Connection refused>
g004998: URLError: <urlopen error [Errno 111] Connection refused>
g005071: URLError: <urlopen error [Errno 111] Connection refused>
g005105: URLError: <urlopen error [Errno 111] Connection refused>
g004936: URLError: <urlopen error [Errno 111] Connection refused>
g005075: URLError: <urlopen error [Errno 111] Connection refused>
g005002: URLError: <urlopen error [Errno 111] Connection refused>
g005109: URLError: <urlopen error [Errno 111] Connection refused>
g004940: URLError: <urlopen error [Errno 111] Connection refused>
g005079: URLError: <urlopen error [Errno 111] Connection refused>
g005006: URLError: <urlopen error [Errno 111] Connection refused>
g005113: URLError: <urlopen error [Errno 111] Connection refused>
g004944: URLError: <urlopen error [Errno 111] Connection refused>
g005083: URLError: <urlopen error [Errno 111] Connection refused>
g005010: URLError: <urlopen error [Errno 111] Connection refused>
g005117: URLError: <urlopen error [Errno 111] Connection refused>
g005087: URLError: <urlopen error [Errno 111] Connection refused>
g004948: URLError: <urlopen error [Errno 111] Connection refused>
g005014: URLError: <urlopen error [Errno 111] Connection refused>
g005121: URLError: <urlopen error [Errno 111] Connection refused>
g005091: URLError: <urlopen error [Errno 111] Connection refused>
g004952: URLError: <urlopen error [Errno 111] Connection refused>
g005018: URLError: <urlopen error [Errno 111] Connection refused>
g005125: URLError: <urlopen error [Errno 111] Connection refused>
g005095: URLError: <urlopen error [Errno 111] Connection refused>
g004956: URLError: <urlopen error [Errno 111] Connection refused>
g005129: URLError: <urlopen error [Errno 111] Connection refused>
g005099: URLError: <urlopen error [Errno 111] Connection refused>
g005022: URLError: <urlopen error [Errno 111] Connection refused>
g004960: URLError: <urlopen error [Errno 111] Connection refused>
g005103: URLError: <urlopen error [Errno 111] Connection refused>
g005133: URLError: <urlopen error [Errno 111] Connection refused>
g005026: URLError: <urlopen error [Errno 111] Connection refused>
g005107: URLError: <urlopen error [Errno 111] Connection refused>
g005137: URLError: <urlopen error [Errno 111] Connection refused>
g004964: URLError: <urlopen error [Errno 111] Connection refused>
g005030: URLError: <urlopen error [Errno 111] Connection refused>
g005111: URLError: <urlopen error [Errno 111] Connection refused>
g005141: URLError: <urlopen error [Errno 111] Connection refused>
g004968: URLError: <urlopen error [Errno 111] Connection refused>
g005034: URLError: <urlopen error [Errno 111] Connection refused>
g005115: URLError: <urlopen error [Errno 111] Connection refused>
g005145: URLError: <urlopen error [Errno 111] Connection refused>
g004972: URLError: <urlopen error [Errno 111] Connection refused>
g005038: URLError: <urlopen error [Errno 111] Connection refused>
g005119: URLError: <urlopen error [Errno 111] Connection refused>
g005149: URLError: <urlopen error [Errno 111] Connection refused>
g004976: URLError: <urlopen error [Errno 111] Connection refused>
g005042: URLError: <urlopen error [Errno 111] Connection refused>
g005123: URLError: <urlopen error [Errno 111] Connection refused>
g005153: URLError: <urlopen error [Errno 111] Connection refused>
g004980: URLError: <urlopen error [Errno 111] Connection refused>
g005046: URLError: <urlopen error [Errno 111] Connection refused>
g005127: URLError: <urlopen error [Errno 111] Connection refused>
g005157: URLError: <urlopen error [Errno 111] Connection refused>
g004984: URLError: <urlopen error [Errno 111] Connection refused>
g005050: URLError: <urlopen error [Errno 111] Connection refused>
g005131: URLError: <urlopen error [Errno 111] Connection refused>
g005161: URLError: <urlopen error [Errno 111] Connection refused>
g004988: URLError: <urlopen error [Errno 111] Connection refused>
g005054: URLError: <urlopen error [Errno 111] Connection refused>
g005135: URLError: <urlopen error [Errno 111] Connection refused>
g005165: URLError: <urlopen error [Errno 111] Connection refused>
g004992: URLError: <urlopen error [Errno 111] Connection refused>
g005058: URLError: <urlopen error [Errno 111] Connection refused>
g005139: URLError: <urlopen error [Errno 111] Connection refused>
g005169: URLError: <urlopen error [Errno 111] Connection refused>
g005143: URLError: <urlopen error [Errno 111] Connection refused>
g005173: URLError: <urlopen error [Errno 111] Connection refused>
g005062: URLError: <urlopen error [Errno 111] Connection refused>
g004996: URLError: <urlopen error [Errno 111] Connection refused>
g005177: URLError: <urlopen error [Errno 111] Connection refused>
g005147: URLError: <urlopen error [Errno 111] Connection refused>
g005066: URLError: <urlopen error [Errno 111] Connection refused>
g005000: URLError: <urlopen error [Errno 111] Connection refused>
g005181: URLError: <urlopen error [Errno 111] Connection refused>
g005151: URLError: <urlopen error [Errno 111] Connection refused>
g005070: URLError: <urlopen error [Errno 111] Connection refused>
g005004: URLError: <urlopen error [Errno 111] Connection refused>
g005185: URLError: <urlopen error [Errno 111] Connection refused>
g005155: URLError: <urlopen error [Errno 111] Connection refused>
g005074: URLError: <urlopen error [Errno 111] Connection refused>
g005008: URLError: <urlopen error [Errno 111] Connection refused>
g005189: URLError: <urlopen error [Errno 111] Connection refused>
g005159: URLError: <urlopen error [Errno 111] Connection refused>
g005078: URLError: <urlopen error [Errno 111] Connection refused>
g005012: URLError: <urlopen error [Errno 111] Connection refused>
g005163: URLError: <urlopen error [Errno 111] Connection refused>
g005193: URLError: <urlopen error [Errno 111] Connection refused>
g005082: URLError: <urlopen error [Errno 111] Connection refused>
g005016: URLError: <urlopen error [Errno 111] Connection refused>
g005167: URLError: <urlopen error [Errno 111] Connection refused>
g005197: URLError: <urlopen error [Errno 111] Connection refused>
g005086: URLError: <urlopen error [Errno 111] Connection refused>
g005020: URLError: <urlopen error [Errno 111] Connection refused>
g005171: URLError: <urlopen error [Errno 111] Connection refused>
g005201: URLError: <urlopen error [Errno 111] Connection refused>
g005024: URLError: <urlopen error [Errno 111] Connection refused>
g005090: URLError: <urlopen error [Errno 111] Connection refused>
g005175: URLError: <urlopen error [Errno 111] Connection refused>
g005205: URLError: <urlopen error [Errno 111] Connection refused>
g005094: URLError: <urlopen error [Errno 111] Connection refused>
g005028: URLError: <urlopen error [Errno 111] Connection refused>
g005209: URLError: <urlopen error [Errno 111] Connection refused>
g005179: URLError: <urlopen error [Errno 111] Connection refused>
g005098: URLError: <urlopen error [Errno 111] Connection refused>
g005183: URLError: <urlopen error [Errno 111] Connection refused>
g005213: URLError: <urlopen error [Errno 111] Connection refused>
g005032: URLError: <urlopen error [Errno 111] Connection refused>
g005187: URLError: <urlopen error [Errno 111] Connection refused>
g005217: URLError: <urlopen error [Errno 111] Connection refused>
g005102: URLError: <urlopen error [Errno 111] Connection refused>
g005036: URLError: <urlopen error [Errno 111] Connection refused>
g005191: URLError: <urlopen error [Errno 111] Connection refused>
g005221: URLError: <urlopen error [Errno 111] Connection refused>
g005106: URLError: <urlopen error [Errno 111] Connection refused>
g005040: URLError: <urlopen error [Errno 111] Connection refused>
g005225: URLError: <urlopen error [Errno 111] Connection refused>
g005195: URLError: <urlopen error [Errno 111] Connection refused>
g005110: URLError: <urlopen error [Errno 111] Connection refused>
g005044: URLError: <urlopen error [Errno 111] Connection refused>
g005229: URLError: <urlopen error [Errno 111] Connection refused>
g005114: URLError: <urlopen error [Errno 111] Connection refused>
g005199: URLError: <urlopen error [Errno 111] Connection refused>
g005048: URLError: <urlopen error [Errno 111] Connection refused>
g005233: URLError: <urlopen error [Errno 111] Connection refused>
g005118: URLError: <urlopen error [Errno 111] Connection refused>
g005052: URLError: <urlopen error [Errno 111] Connection refused>
g005237: URLError: <urlopen error [Errno 111] Connection refused>
g005122: URLError: <urlopen error [Errno 111] Connection refused>
g005056: URLError: <urlopen error [Errno 111] Connection refused>
g005241: URLError: <urlopen error [Errno 111] Connection refused>
g005126: URLError: <urlopen error [Errno 111] Connection refused>
g005060: URLError: <urlopen error [Errno 111] Connection refused>
g005245: URLError: <urlopen error [Errno 111] Connection refused>
g005130: URLError: <urlopen error [Errno 111] Connection refused>
g005064: URLError: <urlopen error [Errno 111] Connection refused>
g005249: URLError: <urlopen error [Errno 111] Connection refused>
g005134: URLError: <urlopen error [Errno 111] Connection refused>
g005068: URLError: <urlopen error [Errno 111] Connection refused>
g005253: URLError: <urlopen error [Errno 111] Connection refused>
g005138: URLError: <urlopen error [Errno 111] Connection refused>
g005072: URLError: <urlopen error [Errno 111] Connection refused>
g005257: URLError: <urlopen error [Errno 111] Connection refused>
g005142: URLError: <urlopen error [Errno 111] Connection refused>
g005076: URLError: <urlopen error [Errno 111] Connection refused>
g005261: URLError: <urlopen error [Errno 111] Connection refused>
g005146: URLError: <urlopen error [Errno 111] Connection refused>
g005080: URLError: <urlopen error [Errno 111] Connection refused>
g005265: URLError: <urlopen error [Errno 111] Connection refused>
g005150: URLError: <urlopen error [Errno 111] Connection refused>
g005084: URLError: <urlopen error [Errno 111] Connection refused>
g005203: URLError: <urlopen error [Errno 111] Connection refused>
g005269: URLError: <urlopen error [Errno 111] Connection refused>
g005154: URLError: <urlopen error [Errno 111] Connection refused>
g005088: URLError: <urlopen error [Errno 111] Connection refused>
g005207: URLError: <urlopen error [Errno 111] Connection refused>
g005273: URLError: <urlopen error [Errno 111] Connection refused>
g005158: URLError: <urlopen error [Errno 111] Connection refused>
g005092: URLError: <urlopen error [Errno 111] Connection refused>
g005211: URLError: <urlopen error [Errno 111] Connection refused>
g005277: URLError: <urlopen error [Errno 111] Connection refused>
g005162: URLError: <urlopen error [Errno 111] Connection refused>
g005096: URLError: <urlopen error [Errno 111] Connection refused>
g005215: URLError: <urlopen error [Errno 111] Connection refused>
g005281: URLError: <urlopen error [Errno 111] Connection refused>
g005166: URLError: <urlopen error [Errno 111] Connection refused>
g005100: URLError: <urlopen error [Errno 111] Connection refused>
g005219: URLError: <urlopen error [Errno 111] Connection refused>
g005285: URLError: <urlopen error [Errno 111] Connection refused>
g005170: URLError: <urlopen error [Errno 111] Connection refused>
g005104: URLError: <urlopen error [Errno 111] Connection refused>
g005223: URLError: <urlopen error [Errno 111] Connection refused>
g005289: URLError: <urlopen error [Errno 111] Connection refused>
g005174: URLError: <urlopen error [Errno 111] Connection refused>
g005108: URLError: <urlopen error [Errno 111] Connection refused>
g005178: URLError: <urlopen error [Errno 111] Connection refused>
g005293: URLError: <urlopen error [Errno 111] Connection refused>
g005227: URLError: <urlopen error [Errno 111] Connection refused>
g005112: URLError: <urlopen error [Errno 111] Connection refused>
g005182: URLError: <urlopen error [Errno 111] Connection refused>
g005297: URLError: <urlopen error [Errno 111] Connection refused>
g005231: URLError: <urlopen error [Errno 111] Connection refused>
g005186: URLError: <urlopen error [Errno 111] Connection refused>
g005235: URLError: <urlopen error [Errno 111] Connection refused>
g005301: URLError: <urlopen error [Errno 111] Connection refused>
g005116: URLError: <urlopen error [Errno 111] Connection refused>
g005190: URLError: <urlopen error [Errno 111] Connection refused>
g005239: URLError: <urlopen error [Errno 111] Connection refused>
g005305: URLError: <urlopen error [Errno 111] Connection refused>
g005120: URLError: <urlopen error [Errno 111] Connection refused>
g005194: URLError: <urlopen error [Errno 111] Connection refused>
g005243: URLError: <urlopen error [Errno 111] Connection refused>
g005309: URLError: <urlopen error [Errno 111] Connection refused>
g005124: URLError: <urlopen error [Errno 111] Connection refused>
g005198: URLError: <urlopen error [Errno 111] Connection refused>
g005313: URLError: <urlopen error [Errno 111] Connection refused>
g005247: URLError: <urlopen error [Errno 111] Connection refused>
g005202: URLError: <urlopen error [Errno 111] Connection refused>
g005128: URLError: <urlopen error [Errno 111] Connection refused>
g005317: URLError: <urlopen error [Errno 111] Connection refused>
g005251: URLError: <urlopen error [Errno 111] Connection refused>
g005206: URLError: <urlopen error [Errno 111] Connection refused>
g005132: URLError: <urlopen error [Errno 111] Connection refused>
g005321: URLError: <urlopen error [Errno 111] Connection refused>
g005255: URLError: <urlopen error [Errno 111] Connection refused>
g005210: URLError: <urlopen error [Errno 111] Connection refused>
g005136: URLError: <urlopen error [Errno 111] Connection refused>
g005325: URLError: <urlopen error [Errno 111] Connection refused>
g005259: URLError: <urlopen error [Errno 111] Connection refused>
g005214: URLError: <urlopen error [Errno 111] Connection refused>
g005140: URLError: <urlopen error [Errno 111] Connection refused>
g005329: URLError: <urlopen error [Errno 111] Connection refused>
g005263: URLError: <urlopen error [Errno 111] Connection refused>
g005218: URLError: <urlopen error [Errno 111] Connection refused>
g005144: URLError: <urlopen error [Errno 111] Connection refused>
g005333: URLError: <urlopen error [Errno 111] Connection refused>
g005267: URLError: <urlopen error [Errno 111] Connection refused>
g005222: URLError: <urlopen error [Errno 111] Connection refused>
g005148: URLError: <urlopen error [Errno 111] Connection refused>
g005337: URLError: <urlopen error [Errno 111] Connection refused>
g005271: URLError: <urlopen error [Errno 111] Connection refused>
g005226: URLError: <urlopen error [Errno 111] Connection refused>
g005152: URLError: <urlopen error [Errno 111] Connection refused>
g005275: URLError: <urlopen error [Errno 111] Connection refused>
g005341: URLError: <urlopen error [Errno 111] Connection refused>
g005230: URLError: <urlopen error [Errno 111] Connection refused>
g005156: URLError: <urlopen error [Errno 111] Connection refused>
g005234: URLError: <urlopen error [Errno 111] Connection refused>
g005279: URLError: <urlopen error [Errno 111] Connection refused>
g005345: URLError: <urlopen error [Errno 111] Connection refused>
g005160: URLError: <urlopen error [Errno 111] Connection refused>
g005238: URLError: <urlopen error [Errno 111] Connection refused>
g005349: URLError: <urlopen error [Errno 111] Connection refused>
g005283: URLError: <urlopen error [Errno 111] Connection refused>
g005164: URLError: <urlopen error [Errno 111] Connection refused>
g005242: URLError: <urlopen error [Errno 111] Connection refused>
g005353: URLError: <urlopen error [Errno 111] Connection refused>
g005287: URLError: <urlopen error [Errno 111] Connection refused>
g005246: URLError: <urlopen error [Errno 111] Connection refused>
g005291: URLError: <urlopen error [Errno 111] Connection refused>
g005357: URLError: <urlopen error [Errno 111] Connection refused>
g005168: URLError: <urlopen error [Errno 111] Connection refused>
g005250: URLError: <urlopen error [Errno 111] Connection refused>
g005295: URLError: <urlopen error [Errno 111] Connection refused>
g005361: URLError: <urlopen error [Errno 111] Connection refused>
g005172: URLError: <urlopen error [Errno 111] Connection refused>
g005254: URLError: <urlopen error [Errno 111] Connection refused>
g005299: URLError: <urlopen error [Errno 111] Connection refused>
g005365: URLError: <urlopen error [Errno 111] Connection refused>
g005176: URLError: <urlopen error [Errno 111] Connection refused>
g005258: URLError: <urlopen error [Errno 111] Connection refused>
g005303: URLError: <urlopen error [Errno 111] Connection refused>
g005369: URLError: <urlopen error [Errno 111] Connection refused>
g005180: URLError: <urlopen error [Errno 111] Connection refused>
g005262: URLError: <urlopen error [Errno 111] Connection refused>
g005307: URLError: <urlopen error [Errno 111] Connection refused>
g005184: URLError: <urlopen error [Errno 111] Connection refused>
g005373: URLError: <urlopen error [Errno 111] Connection refused>
g005266: URLError: <urlopen error [Errno 111] Connection refused>
g005311: URLError: <urlopen error [Errno 111] Connection refused>
g005188: URLError: <urlopen error [Errno 111] Connection refused>
g005315: URLError: <urlopen error [Errno 111] Connection refused>
g005377: URLError: <urlopen error [Errno 111] Connection refused>
g005192: URLError: <urlopen error [Errno 111] Connection refused>
g005381: URLError: <urlopen error [Errno 111] Connection refused>
g005319: URLError: <urlopen error [Errno 111] Connection refused>
g005196: URLError: <urlopen error [Errno 111] Connection refused>
g005385: URLError: <urlopen error [Errno 111] Connection refused>
g005200: URLError: <urlopen error [Errno 111] Connection refused>
g005204: URLError: <urlopen error [Errno 111] Connection refused>
g005389: URLError: <urlopen error [Errno 111] Connection refused>
g005270: URLError: <urlopen error [Errno 111] Connection refused>
g005323: URLError: <urlopen error [Errno 111] Connection refused>
g005393: URLError: <urlopen error [Errno 111] Connection refused>
g005208: URLError: <urlopen error [Errno 111] Connection refused>
g005274: URLError: <urlopen error [Errno 111] Connection refused>
g005327: URLError: <urlopen error [Errno 111] Connection refused>
g005212: URLError: <urlopen error [Errno 111] Connection refused>
g005397: URLError: <urlopen error [Errno 111] Connection refused>
g005278: URLError: <urlopen error [Errno 111] Connection refused>
g005331: URLError: <urlopen error [Errno 111] Connection refused>
g005216: URLError: <urlopen error [Errno 111] Connection refused>
g005282: URLError: <urlopen error [Errno 111] Connection refused>
g005401: URLError: <urlopen error [Errno 111] Connection refused>
g005335: URLError: <urlopen error [Errno 111] Connection refused>
g005220: URLError: <urlopen error [Errno 111] Connection refused>
g005286: URLError: <urlopen error [Errno 111] Connection refused>
g005405: URLError: <urlopen error [Errno 111] Connection refused>
g005224: URLError: <urlopen error [Errno 111] Connection refused>
g005290: URLError: <urlopen error [Errno 111] Connection refused>
g005409: URLError: <urlopen error [Errno 111] Connection refused>
g005228: URLError: <urlopen error [Errno 111] Connection refused>
g005294: URLError: <urlopen error [Errno 111] Connection refused>
g005413: URLError: <urlopen error [Errno 111] Connection refused>
g005232: URLError: <urlopen error [Errno 111] Connection refused>
g005298: URLError: <urlopen error [Errno 111] Connection refused>
g005417: URLError: <urlopen error [Errno 111] Connection refused>
g005339: URLError: <urlopen error [Errno 111] Connection refused>
g005236: URLError: <urlopen error [Errno 111] Connection refused>
g005302: URLError: <urlopen error [Errno 111] Connection refused>
g005421: URLError: <urlopen error [Errno 111] Connection refused>
g005306: URLError: <urlopen error [Errno 111] Connection refused>
g005240: URLError: <urlopen error [Errno 111] Connection refused>
g005425: URLError: <urlopen error [Errno 111] Connection refused>
g005310: URLError: <urlopen error [Errno 111] Connection refused>
g005244: URLError: <urlopen error [Errno 111] Connection refused>
g005429: URLError: <urlopen error [Errno 111] Connection refused>
g005248: URLError: <urlopen error [Errno 111] Connection refused>
g005314: URLError: <urlopen error [Errno 111] Connection refused>
g005433: URLError: <urlopen error [Errno 111] Connection refused>
g005318: URLError: <urlopen error [Errno 111] Connection refused>
g005252: URLError: <urlopen error [Errno 111] Connection refused>
g005437: URLError: <urlopen error [Errno 111] Connection refused>
g005322: URLError: <urlopen error [Errno 111] Connection refused>
g005256: URLError: <urlopen error [Errno 111] Connection refused>
g005441: URLError: <urlopen error [Errno 111] Connection refused>
g005326: URLError: <urlopen error [Errno 111] Connection refused>
g005445: URLError: <urlopen error [Errno 111] Connection refused>
g005260: URLError: <urlopen error [Errno 111] Connection refused>
g005330: URLError: <urlopen error [Errno 111] Connection refused>
g005264: URLError: <urlopen error [Errno 111] Connection refused>
g005449: URLError: <urlopen error [Errno 111] Connection refused>
g005334: URLError: <urlopen error [Errno 111] Connection refused>
g005268: URLError: <urlopen error [Errno 111] Connection refused>
g005453: URLError: <urlopen error [Errno 111] Connection refused>
g005338: URLError: <urlopen error [Errno 111] Connection refused>
g005272: URLError: <urlopen error [Errno 111] Connection refused>
g005457: URLError: <urlopen error [Errno 111] Connection refused>
g005342: URLError: <urlopen error [Errno 111] Connection refused>
g005276: URLError: <urlopen error [Errno 111] Connection refused>
g005461: URLError: <urlopen error [Errno 111] Connection refused>
g005346: URLError: <urlopen error [Errno 111] Connection refused>
g005350: URLError: <urlopen error [Errno 111] Connection refused>
g005465: URLError: <urlopen error [Errno 111] Connection refused>
g005280: URLError: <urlopen error [Errno 111] Connection refused>
g005284: URLError: <urlopen error [Errno 111] Connection refused>
g005354: URLError: <urlopen error [Errno 111] Connection refused>
g005469: URLError: <urlopen error [Errno 111] Connection refused>
g005288: URLError: <urlopen error [Errno 111] Connection refused>
g005473: URLError: <urlopen error [Errno 111] Connection refused>
g005358: URLError: <urlopen error [Errno 111] Connection refused>
g005362: URLError: <urlopen error [Errno 111] Connection refused>
g005292: URLError: <urlopen error [Errno 111] Connection refused>
g005477: URLError: <urlopen error [Errno 111] Connection refused>
g005366: URLError: <urlopen error [Errno 111] Connection refused>
g005296: URLError: <urlopen error [Errno 111] Connection refused>
g005481: URLError: <urlopen error [Errno 111] Connection refused>
g005300: URLError: <urlopen error [Errno 111] Connection refused>
g005370: URLError: <urlopen error [Errno 111] Connection refused>
g005485: URLError: <urlopen error [Errno 111] Connection refused>
g005374: URLError: <urlopen error [Errno 111] Connection refused>
g005489: URLError: <urlopen error [Errno 111] Connection refused>
g005304: URLError: <urlopen error [Errno 111] Connection refused>
g005308: URLError: <urlopen error [Errno 111] Connection refused>
g005493: URLError: <urlopen error [Errno 111] Connection refused>
g005378: URLError: <urlopen error [Errno 111] Connection refused>
g005312: URLError: <urlopen error [Errno 111] Connection refused>
g005382: URLError: <urlopen error [Errno 111] Connection refused>
g005497: URLError: <urlopen error [Errno 111] Connection refused>
g005343: URLError: <urlopen error [Errno 111] Connection refused>
g005316: URLError: <urlopen error [Errno 111] Connection refused>
g005386: URLError: <urlopen error [Errno 111] Connection refused>
g005320: URLError: <urlopen error [Errno 111] Connection refused>
g005347: URLError: <urlopen error [Errno 111] Connection refused>
g005501: URLError: <urlopen error [Errno 111] Connection refused>
g005390: URLError: <urlopen error [Errno 111] Connection refused>
g005351: URLError: <urlopen error [Errno 111] Connection refused>
g005505: URLError: <urlopen error [Errno 111] Connection refused>
g005394: URLError: <urlopen error [Errno 111] Connection refused>
g005355: URLError: <urlopen error [Errno 111] Connection refused>
g005509: URLError: <urlopen error [Errno 111] Connection refused>
g005398: URLError: <urlopen error [Errno 111] Connection refused>
g005359: URLError: <urlopen error [Errno 111] Connection refused>
g005513: URLError: <urlopen error [Errno 111] Connection refused>
g005402: URLError: <urlopen error [Errno 111] Connection refused>
g005363: URLError: <urlopen error [Errno 111] Connection refused>
g005324: URLError: <urlopen error [Errno 111] Connection refused>
g005406: URLError: <urlopen error [Errno 111] Connection refused>
g005367: URLError: <urlopen error [Errno 111] Connection refused>
g005328: URLError: <urlopen error [Errno 111] Connection refused>
g005410: URLError: <urlopen error [Errno 111] Connection refused>
g005517: URLError: <urlopen error [Errno 111] Connection refused>
g005332: URLError: <urlopen error [Errno 111] Connection refused>
g005521: URLError: <urlopen error [Errno 111] Connection refused>
g005336: URLError: <urlopen error [Errno 111] Connection refused>
g005525: URLError: <urlopen error [Errno 111] Connection refused>
g005340: URLError: <urlopen error [Errno 111] Connection refused>
g005529: URLError: <urlopen error [Errno 111] Connection refused>
g005344: URLError: <urlopen error [Errno 111] Connection refused>
g005533: URLError: <urlopen error [Errno 111] Connection refused>
g005348: URLError: <urlopen error [Errno 111] Connection refused>
g005537: URLError: <urlopen error [Errno 111] Connection refused>
g005352: URLError: <urlopen error [Errno 111] Connection refused>
g005541: URLError: <urlopen error [Errno 111] Connection refused>
g005356: URLError: <urlopen error [Errno 111] Connection refused>
g005545: URLError: <urlopen error [Errno 111] Connection refused>
g005360: URLError: <urlopen error [Errno 111] Connection refused>
g005549: URLError: <urlopen error [Errno 111] Connection refused>
g005364: URLError: <urlopen error [Errno 111] Connection refused>
g005553: URLError: <urlopen error [Errno 111] Connection refused>
g005368: URLError: <urlopen error [Errno 111] Connection refused>
g005371: URLError: <urlopen error [Errno 111] Connection refused>
g005557: URLError: <urlopen error [Errno 111] Connection refused>
g005561: URLError: <urlopen error [Errno 111] Connection refused>
g005375: URLError: <urlopen error [Errno 111] Connection refused>
g005414: URLError: <urlopen error [Errno 111] Connection refused>
g005565: URLError: <urlopen error [Errno 111] Connection refused>
g005379: URLError: <urlopen error [Errno 111] Connection refused>
g005372: URLError: <urlopen error [Errno 111] Connection refused>
g005569: URLError: <urlopen error [Errno 111] Connection refused>
g005383: URLError: <urlopen error [Errno 111] Connection refused>
g005376: URLError: <urlopen error [Errno 111] Connection refused>
g005573: URLError: <urlopen error [Errno 111] Connection refused>
g005380: URLError: <urlopen error [Errno 111] Connection refused>
g005577: URLError: <urlopen error [Errno 111] Connection refused>
g005387: URLError: <urlopen error [Errno 111] Connection refused>
g005384: URLError: <urlopen error [Errno 111] Connection refused>
g005581: URLError: <urlopen error [Errno 111] Connection refused>
g005391: URLError: <urlopen error [Errno 111] Connection refused>
g005388: URLError: <urlopen error [Errno 111] Connection refused>
g005585: URLError: <urlopen error [Errno 111] Connection refused>
g005395: URLError: <urlopen error [Errno 111] Connection refused>
g005589: URLError: <urlopen error [Errno 111] Connection refused>
g005392: URLError: <urlopen error [Errno 111] Connection refused>
g005399: URLError: <urlopen error [Errno 111] Connection refused>
g005593: URLError: <urlopen error [Errno 111] Connection refused>
g005396: URLError: <urlopen error [Errno 111] Connection refused>
g005403: URLError: <urlopen error [Errno 111] Connection refused>
g005418: URLError: <urlopen error [Errno 111] Connection refused>
g005597: URLError: <urlopen error [Errno 111] Connection refused>
g005400: URLError: <urlopen error [Errno 111] Connection refused>
g005407: URLError: <urlopen error [Errno 111] Connection refused>
g005601: URLError: <urlopen error [Errno 111] Connection refused>
g005422: URLError: <urlopen error [Errno 111] Connection refused>
g005404: URLError: <urlopen error [Errno 111] Connection refused>
g005411: URLError: <urlopen error [Errno 111] Connection refused>
g005605: URLError: <urlopen error [Errno 111] Connection refused>
g005415: URLError: <urlopen error [Errno 111] Connection refused>
g005609: URLError: <urlopen error [Errno 111] Connection refused>
g005419: URLError: <urlopen error [Errno 111] Connection refused>
g005613: URLError: <urlopen error [Errno 111] Connection refused>
g005423: URLError: <urlopen error [Errno 111] Connection refused>
g005408: URLError: <urlopen error [Errno 111] Connection refused>
g005617: URLError: <urlopen error [Errno 111] Connection refused>
g005426: URLError: <urlopen error [Errno 111] Connection refused>
g005427: URLError: <urlopen error [Errno 111] Connection refused>
g005412: URLError: <urlopen error [Errno 111] Connection refused>
g005621: URLError: <urlopen error [Errno 111] Connection refused>
g005431: URLError: <urlopen error [Errno 111] Connection refused>
g005430: URLError: <urlopen error [Errno 111] Connection refused>
g005416: URLError: <urlopen error [Errno 111] Connection refused>
g005435: URLError: <urlopen error [Errno 111] Connection refused>
g005434: URLError: <urlopen error [Errno 111] Connection refused>
g005625: URLError: <urlopen error [Errno 111] Connection refused>
g005420: URLError: <urlopen error [Errno 111] Connection refused>
g005438: URLError: <urlopen error [Errno 111] Connection refused>
g005439: URLError: <urlopen error [Errno 111] Connection refused>
g005424: URLError: <urlopen error [Errno 111] Connection refused>
g005629: URLError: <urlopen error [Errno 111] Connection refused>
g005443: URLError: <urlopen error [Errno 111] Connection refused>
g005442: URLError: <urlopen error [Errno 111] Connection refused>
g005428: URLError: <urlopen error [Errno 111] Connection refused>
g005633: URLError: <urlopen error [Errno 111] Connection refused>
g005447: URLError: <urlopen error [Errno 111] Connection refused>
g005446: URLError: <urlopen error [Errno 111] Connection refused>
g005432: URLError: <urlopen error [Errno 111] Connection refused>
g005637: URLError: <urlopen error [Errno 111] Connection refused>
g005451: URLError: <urlopen error [Errno 111] Connection refused>
g005450: URLError: <urlopen error [Errno 111] Connection refused>
g005436: URLError: <urlopen error [Errno 111] Connection refused>
g005641: URLError: <urlopen error [Errno 111] Connection refused>
g005455: URLError: <urlopen error [Errno 111] Connection refused>
g005454: URLError: <urlopen error [Errno 111] Connection refused>
g005440: URLError: <urlopen error [Errno 111] Connection refused>
g005459: URLError: <urlopen error [Errno 111] Connection refused>
g005458: URLError: <urlopen error [Errno 111] Connection refused>
g005645: URLError: <urlopen error [Errno 111] Connection refused>
g005444: URLError: <urlopen error [Errno 111] Connection refused>
g005463: URLError: <urlopen error [Errno 111] Connection refused>
g005462: URLError: <urlopen error [Errno 111] Connection refused>
g005448: URLError: <urlopen error [Errno 111] Connection refused>
g005649: URLError: <urlopen error [Errno 111] Connection refused>
g005467: URLError: <urlopen error [Errno 111] Connection refused>
g005466: URLError: <urlopen error [Errno 111] Connection refused>
g005452: URLError: <urlopen error [Errno 111] Connection refused>
g005653: URLError: <urlopen error [Errno 111] Connection refused>
g005471: URLError: <urlopen error [Errno 111] Connection refused>
g005470: URLError: <urlopen error [Errno 111] Connection refused>
g005456: URLError: <urlopen error [Errno 111] Connection refused>
g005657: URLError: <urlopen error [Errno 111] Connection refused>
g005475: URLError: <urlopen error [Errno 111] Connection refused>
g005474: URLError: <urlopen error [Errno 111] Connection refused>
g005460: URLError: <urlopen error [Errno 111] Connection refused>
g005478: URLError: <urlopen error [Errno 111] Connection refused>
g005464: URLError: <urlopen error [Errno 111] Connection refused>
g005479: URLError: <urlopen error [Errno 111] Connection refused>
g005482: URLError: <urlopen error [Errno 111] Connection refused>
g005468: URLError: <urlopen error [Errno 111] Connection refused>
g005661: URLError: <urlopen error [Errno 111] Connection refused>
g005483: URLError: <urlopen error [Errno 111] Connection refused>
g005472: URLError: <urlopen error [Errno 111] Connection refused>
g005486: URLError: <urlopen error [Errno 111] Connection refused>
g005487: URLError: <urlopen error [Errno 111] Connection refused>
g005665: URLError: <urlopen error [Errno 111] Connection refused>
g005490: URLError: <urlopen error [Errno 111] Connection refused>
g005476: URLError: <urlopen error [Errno 111] Connection refused>
g005491: URLError: <urlopen error [Errno 111] Connection refused>
g005669: URLError: <urlopen error [Errno 111] Connection refused>
g005494: URLError: <urlopen error [Errno 111] Connection refused>
g005495: URLError: <urlopen error [Errno 111] Connection refused>
g005480: URLError: <urlopen error [Errno 111] Connection refused>
g005673: URLError: <urlopen error [Errno 111] Connection refused>
g005498: URLError: <urlopen error [Errno 111] Connection refused>
g005499: URLError: <urlopen error [Errno 111] Connection refused>
g005484: URLError: <urlopen error [Errno 111] Connection refused>
g005677: URLError: <urlopen error [Errno 111] Connection refused>
g005502: URLError: <urlopen error [Errno 111] Connection refused>
g005503: URLError: <urlopen error [Errno 111] Connection refused>
g005488: URLError: <urlopen error [Errno 111] Connection refused>
g005681: URLError: <urlopen error [Errno 111] Connection refused>
g005506: URLError: <urlopen error [Errno 111] Connection refused>
g005507: URLError: <urlopen error [Errno 111] Connection refused>
g005492: URLError: <urlopen error [Errno 111] Connection refused>
g005685: URLError: <urlopen error [Errno 111] Connection refused>
g005510: URLError: <urlopen error [Errno 111] Connection refused>
g005511: URLError: <urlopen error [Errno 111] Connection refused>
g005496: URLError: <urlopen error [Errno 111] Connection refused>
g005689: URLError: <urlopen error [Errno 111] Connection refused>
g005514: URLError: <urlopen error [Errno 111] Connection refused>
g005515: URLError: <urlopen error [Errno 111] Connection refused>
g005693: URLError: <urlopen error [Errno 111] Connection refused>
g005500: URLError: <urlopen error [Errno 111] Connection refused>
g005518: URLError: <urlopen error [Errno 111] Connection refused>
g005519: URLError: <urlopen error [Errno 111] Connection refused>
g005697: URLError: <urlopen error [Errno 111] Connection refused>
g005523: URLError: <urlopen error [Errno 111] Connection refused>
g005504: URLError: <urlopen error [Errno 111] Connection refused>
g005522: URLError: <urlopen error [Errno 111] Connection refused>
g005701: URLError: <urlopen error [Errno 111] Connection refused>
g005527: URLError: <urlopen error [Errno 111] Connection refused>
g005508: URLError: <urlopen error [Errno 111] Connection refused>
g005526: URLError: <urlopen error [Errno 111] Connection refused>
g005531: URLError: <urlopen error [Errno 111] Connection refused>
g005705: URLError: <urlopen error [Errno 111] Connection refused>
g005512: URLError: <urlopen error [Errno 111] Connection refused>
g005530: URLError: <urlopen error [Errno 111] Connection refused>
g005535: URLError: <urlopen error [Errno 111] Connection refused>
g005709: URLError: <urlopen error [Errno 111] Connection refused>
g005516: URLError: <urlopen error [Errno 111] Connection refused>
g005534: URLError: <urlopen error [Errno 111] Connection refused>
g005539: URLError: <urlopen error [Errno 111] Connection refused>
g005520: URLError: <urlopen error [Errno 111] Connection refused>
g005713: URLError: <urlopen error [Errno 111] Connection refused>
g005538: URLError: <urlopen error [Errno 111] Connection refused>
g005543: URLError: <urlopen error [Errno 111] Connection refused>
g005524: URLError: <urlopen error [Errno 111] Connection refused>
g005542: URLError: <urlopen error [Errno 111] Connection refused>
g005717: URLError: <urlopen error [Errno 111] Connection refused>
g005547: URLError: <urlopen error [Errno 111] Connection refused>
g005528: URLError: <urlopen error [Errno 111] Connection refused>
g005546: URLError: <urlopen error [Errno 111] Connection refused>
g005721: URLError: <urlopen error [Errno 111] Connection refused>
g005532: URLError: <urlopen error [Errno 111] Connection refused>
g005550: URLError: <urlopen error [Errno 111] Connection refused>
g005725: URLError: <urlopen error [Errno 111] Connection refused>
g005551: URLError: <urlopen error [Errno 111] Connection refused>
g005536: URLError: <urlopen error [Errno 111] Connection refused>
g005554: URLError: <urlopen error [Errno 111] Connection refused>
g005729: URLError: <urlopen error [Errno 111] Connection refused>
g005555: URLError: <urlopen error [Errno 111] Connection refused>
g005540: URLError: <urlopen error [Errno 111] Connection refused>
g005558: URLError: <urlopen error [Errno 111] Connection refused>
g005733: URLError: <urlopen error [Errno 111] Connection refused>
g005559: URLError: <urlopen error [Errno 111] Connection refused>
g005562: URLError: <urlopen error [Errno 111] Connection refused>
g005544: URLError: <urlopen error [Errno 111] Connection refused>
g005563: URLError: <urlopen error [Errno 111] Connection refused>
g005737: URLError: <urlopen error [Errno 111] Connection refused>
g005548: URLError: <urlopen error [Errno 111] Connection refused>
g005566: URLError: <urlopen error [Errno 111] Connection refused>
g005567: URLError: <urlopen error [Errno 111] Connection refused>
g005741: URLError: <urlopen error [Errno 111] Connection refused>
g005570: URLError: <urlopen error [Errno 111] Connection refused>
g005552: URLError: <urlopen error [Errno 111] Connection refused>
g005571: URLError: <urlopen error [Errno 111] Connection refused>
g005745: URLError: <urlopen error [Errno 111] Connection refused>
g005556: URLError: <urlopen error [Errno 111] Connection refused>
g005575: URLError: <urlopen error [Errno 111] Connection refused>
g005574: URLError: <urlopen error [Errno 111] Connection refused>
g005749: URLError: <urlopen error [Errno 111] Connection refused>
g005578: URLError: <urlopen error [Errno 111] Connection refused>
g005560: URLError: <urlopen error [Errno 111] Connection refused>
g005753: URLError: <urlopen error [Errno 111] Connection refused>
g005579: URLError: <urlopen error [Errno 111] Connection refused>
g005582: URLError: <urlopen error [Errno 111] Connection refused>
g005564: URLError: <urlopen error [Errno 111] Connection refused>
g005757: URLError: <urlopen error [Errno 111] Connection refused>
g005583: URLError: <urlopen error [Errno 111] Connection refused>
g005586: URLError: <urlopen error [Errno 111] Connection refused>
g005568: URLError: <urlopen error [Errno 111] Connection refused>
g005587: URLError: <urlopen error [Errno 111] Connection refused>
g005761: URLError: <urlopen error [Errno 111] Connection refused>
g005590: URLError: <urlopen error [Errno 111] Connection refused>
g005572: URLError: <urlopen error [Errno 111] Connection refused>
g005591: URLError: <urlopen error [Errno 111] Connection refused>
g005765: URLError: <urlopen error [Errno 111] Connection refused>
g005594: URLError: <urlopen error [Errno 111] Connection refused>
g005576: URLError: <urlopen error [Errno 111] Connection refused>
g005595: URLError: <urlopen error [Errno 111] Connection refused>
g005769: URLError: <urlopen error [Errno 111] Connection refused>
g005598: URLError: <urlopen error [Errno 111] Connection refused>
g005580: URLError: <urlopen error [Errno 111] Connection refused>
g005599: URLError: <urlopen error [Errno 111] Connection refused>
g005602: URLError: <urlopen error [Errno 111] Connection refused>
g005773: URLError: <urlopen error [Errno 111] Connection refused>
g005584: URLError: <urlopen error [Errno 111] Connection refused>
g005603: URLError: <urlopen error [Errno 111] Connection refused>
g005606: URLError: <urlopen error [Errno 111] Connection refused>
g005588: URLError: <urlopen error [Errno 111] Connection refused>
g005607: URLError: <urlopen error [Errno 111] Connection refused>
g005777: URLError: <urlopen error [Errno 111] Connection refused>
g005610: URLError: <urlopen error [Errno 111] Connection refused>
g005592: URLError: <urlopen error [Errno 111] Connection refused>
g005611: URLError: <urlopen error [Errno 111] Connection refused>
g005781: URLError: <urlopen error [Errno 111] Connection refused>
g005614: URLError: <urlopen error [Errno 111] Connection refused>
g005596: URLError: <urlopen error [Errno 111] Connection refused>
g005785: URLError: <urlopen error [Errno 111] Connection refused>
g005615: URLError: <urlopen error [Errno 111] Connection refused>
g005618: URLError: <urlopen error [Errno 111] Connection refused>
g005600: URLError: <urlopen error [Errno 111] Connection refused>
g005789: URLError: <urlopen error [Errno 111] Connection refused>
g005619: URLError: <urlopen error [Errno 111] Connection refused>
g005622: URLError: <urlopen error [Errno 111] Connection refused>
g005604: URLError: <urlopen error [Errno 111] Connection refused>
g005793: URLError: <urlopen error [Errno 111] Connection refused>
g005623: URLError: <urlopen error [Errno 111] Connection refused>
g005626: URLError: <urlopen error [Errno 111] Connection refused>
g005627: URLError: <urlopen error [Errno 111] Connection refused>
g005608: URLError: <urlopen error [Errno 111] Connection refused>
g005797: URLError: <urlopen error [Errno 111] Connection refused>
g005630: URLError: <urlopen error [Errno 111] Connection refused>
g005631: URLError: <urlopen error [Errno 111] Connection refused>
g005612: URLError: <urlopen error [Errno 111] Connection refused>
g005801: URLError: <urlopen error [Errno 111] Connection refused>
g005634: URLError: <urlopen error [Errno 111] Connection refused>
g005616: URLError: <urlopen error [Errno 111] Connection refused>
g005638: URLError: <urlopen error [Errno 111] Connection refused>
g005635: URLError: <urlopen error [Errno 111] Connection refused>
g005805: URLError: <urlopen error [Errno 111] Connection refused>
g005642: URLError: <urlopen error [Errno 111] Connection refused>
g005620: URLError: <urlopen error [Errno 111] Connection refused>
g005639: URLError: <urlopen error [Errno 111] Connection refused>
g005809: URLError: <urlopen error [Errno 111] Connection refused>
g005624: URLError: <urlopen error [Errno 111] Connection refused>
g005646: URLError: <urlopen error [Errno 111] Connection refused>
g005643: URLError: <urlopen error [Errno 111] Connection refused>
g005813: URLError: <urlopen error [Errno 111] Connection refused>
g005628: URLError: <urlopen error [Errno 111] Connection refused>
g005817: URLError: <urlopen error [Errno 111] Connection refused>
g005650: URLError: <urlopen error [Errno 111] Connection refused>
g005647: URLError: <urlopen error [Errno 111] Connection refused>
g005654: URLError: <urlopen error [Errno 111] Connection refused>
g005821: URLError: <urlopen error [Errno 111] Connection refused>
g005651: URLError: <urlopen error [Errno 111] Connection refused>
g005632: URLError: <urlopen error [Errno 111] Connection refused>
g005658: URLError: <urlopen error [Errno 111] Connection refused>
g005825: URLError: <urlopen error [Errno 111] Connection refused>
g005636: URLError: <urlopen error [Errno 111] Connection refused>
g005655: URLError: <urlopen error [Errno 111] Connection refused>
g005662: URLError: <urlopen error [Errno 111] Connection refused>
g005829: URLError: <urlopen error [Errno 111] Connection refused>
g005640: URLError: <urlopen error [Errno 111] Connection refused>
g005659: URLError: <urlopen error [Errno 111] Connection refused>
g005666: URLError: <urlopen error [Errno 111] Connection refused>
g005644: URLError: <urlopen error [Errno 111] Connection refused>
g005833: URLError: <urlopen error [Errno 111] Connection refused>
g005663: URLError: <urlopen error [Errno 111] Connection refused>
g005670: URLError: <urlopen error [Errno 111] Connection refused>
g005667: URLError: <urlopen error [Errno 111] Connection refused>
g005648: URLError: <urlopen error [Errno 111] Connection refused>
g005837: URLError: <urlopen error [Errno 111] Connection refused>
g005674: URLError: <urlopen error [Errno 111] Connection refused>
g005671: URLError: <urlopen error [Errno 111] Connection refused>
g005652: URLError: <urlopen error [Errno 111] Connection refused>
g005841: URLError: <urlopen error [Errno 111] Connection refused>
g005675: URLError: <urlopen error [Errno 111] Connection refused>
g005845: URLError: <urlopen error [Errno 111] Connection refused>
g005656: URLError: <urlopen error [Errno 111] Connection refused>
g005660: URLError: <urlopen error [Errno 111] Connection refused>
g005849: URLError: <urlopen error [Errno 111] Connection refused>
g005679: URLError: <urlopen error [Errno 111] Connection refused>
g005664: URLError: <urlopen error [Errno 111] Connection refused>
g005853: URLError: <urlopen error [Errno 111] Connection refused>
g005683: URLError: <urlopen error [Errno 111] Connection refused>
g005857: URLError: <urlopen error [Errno 111] Connection refused>
g005668: URLError: <urlopen error [Errno 111] Connection refused>
g005687: URLError: <urlopen error [Errno 111] Connection refused>
g005861: URLError: <urlopen error [Errno 111] Connection refused>
g005672: URLError: <urlopen error [Errno 111] Connection refused>
g005691: URLError: <urlopen error [Errno 111] Connection refused>
g005865: URLError: <urlopen error [Errno 111] Connection refused>
g005676: URLError: <urlopen error [Errno 111] Connection refused>
g005695: URLError: <urlopen error [Errno 111] Connection refused>
g005869: URLError: <urlopen error [Errno 111] Connection refused>
g005680: URLError: <urlopen error [Errno 111] Connection refused>
g005873: URLError: <urlopen error [Errno 111] Connection refused>
g005699: URLError: <urlopen error [Errno 111] Connection refused>
g005684: URLError: <urlopen error [Errno 111] Connection refused>
g005877: URLError: <urlopen error [Errno 111] Connection refused>
g005688: URLError: <urlopen error [Errno 111] Connection refused>
g005703: URLError: <urlopen error [Errno 111] Connection refused>
g005881: URLError: <urlopen error [Errno 111] Connection refused>
g005692: URLError: <urlopen error [Errno 111] Connection refused>
g005707: URLError: <urlopen error [Errno 111] Connection refused>
g005885: URLError: <urlopen error [Errno 111] Connection refused>
g005696: URLError: <urlopen error [Errno 111] Connection refused>
g005711: URLError: <urlopen error [Errno 111] Connection refused>
g005889: URLError: <urlopen error [Errno 111] Connection refused>
g005700: URLError: <urlopen error [Errno 111] Connection refused>
g005715: URLError: <urlopen error [Errno 111] Connection refused>
g005893: URLError: <urlopen error [Errno 111] Connection refused>
g005704: URLError: <urlopen error [Errno 111] Connection refused>
g005719: URLError: <urlopen error [Errno 111] Connection refused>
g005897: URLError: <urlopen error [Errno 111] Connection refused>
g005708: URLError: <urlopen error [Errno 111] Connection refused>
g005723: URLError: <urlopen error [Errno 111] Connection refused>
g005901: URLError: <urlopen error [Errno 111] Connection refused>
g005712: URLError: <urlopen error [Errno 111] Connection refused>
g005678: URLError: <urlopen error [Errno 111] Connection refused>
g005727: URLError: <urlopen error [Errno 111] Connection refused>
g005905: URLError: <urlopen error [Errno 111] Connection refused>
g005716: URLError: <urlopen error [Errno 111] Connection refused>
g005682: URLError: <urlopen error [Errno 111] Connection refused>
g005909: URLError: <urlopen error [Errno 111] Connection refused>
g005731: URLError: <urlopen error [Errno 111] Connection refused>
g005720: URLError: <urlopen error [Errno 111] Connection refused>
g005686: URLError: <urlopen error [Errno 111] Connection refused>
g005735: URLError: <urlopen error [Errno 111] Connection refused>
g005913: URLError: <urlopen error [Errno 111] Connection refused>
g005724: URLError: <urlopen error [Errno 111] Connection refused>
g005690: URLError: <urlopen error [Errno 111] Connection refused>
g005739: URLError: <urlopen error [Errno 111] Connection refused>
g005917: URLError: <urlopen error [Errno 111] Connection refused>
g005728: URLError: <urlopen error [Errno 111] Connection refused>
g005694: URLError: <urlopen error [Errno 111] Connection refused>
g005743: URLError: <urlopen error [Errno 111] Connection refused>
g005921: URLError: <urlopen error [Errno 111] Connection refused>
g005732: URLError: <urlopen error [Errno 111] Connection refused>
g005747: URLError: <urlopen error [Errno 111] Connection refused>
g005698: URLError: <urlopen error [Errno 111] Connection refused>
g005925: URLError: <urlopen error [Errno 111] Connection refused>
g005736: URLError: <urlopen error [Errno 111] Connection refused>
g005751: URLError: <urlopen error [Errno 111] Connection refused>
g005702: URLError: <urlopen error [Errno 111] Connection refused>
g005929: URLError: <urlopen error [Errno 111] Connection refused>
g005740: URLError: <urlopen error [Errno 111] Connection refused>
g005706: URLError: <urlopen error [Errno 111] Connection refused>
g005933: URLError: <urlopen error [Errno 111] Connection refused>
g005755: URLError: <urlopen error [Errno 111] Connection refused>
g005744: URLError: <urlopen error [Errno 111] Connection refused>
g005710: URLError: <urlopen error [Errno 111] Connection refused>
g005937: URLError: <urlopen error [Errno 111] Connection refused>
g005759: URLError: <urlopen error [Errno 111] Connection refused>
g005748: URLError: <urlopen error [Errno 111] Connection refused>
g005714: URLError: <urlopen error [Errno 111] Connection refused>
g005941: URLError: <urlopen error [Errno 111] Connection refused>
g005763: URLError: <urlopen error [Errno 111] Connection refused>
g005752: URLError: <urlopen error [Errno 111] Connection refused>
g005718: URLError: <urlopen error [Errno 111] Connection refused>
g005767: URLError: <urlopen error [Errno 111] Connection refused>
g005945: URLError: <urlopen error [Errno 111] Connection refused>
g005756: URLError: <urlopen error [Errno 111] Connection refused>
g005771: URLError: <urlopen error [Errno 111] Connection refused>
g005722: URLError: <urlopen error [Errno 111] Connection refused>
g005949: URLError: <urlopen error [Errno 111] Connection refused>
g005760: URLError: <urlopen error [Errno 111] Connection refused>
g005775: URLError: <urlopen error [Errno 111] Connection refused>
g005726: URLError: <urlopen error [Errno 111] Connection refused>
g005953: URLError: <urlopen error [Errno 111] Connection refused>
g005779: URLError: <urlopen error [Errno 111] Connection refused>
g005764: URLError: <urlopen error [Errno 111] Connection refused>
g005730: URLError: <urlopen error [Errno 111] Connection refused>
g005957: URLError: <urlopen error [Errno 111] Connection refused>
g005783: URLError: <urlopen error [Errno 111] Connection refused>
g005768: URLError: <urlopen error [Errno 111] Connection refused>
g005734: URLError: <urlopen error [Errno 111] Connection refused>
g005961: URLError: <urlopen error [Errno 111] Connection refused>
g005787: URLError: <urlopen error [Errno 111] Connection refused>
g005772: URLError: <urlopen error [Errno 111] Connection refused>
g005738: URLError: <urlopen error [Errno 111] Connection refused>
g005791: URLError: <urlopen error [Errno 111] Connection refused>
g005965: URLError: <urlopen error [Errno 111] Connection refused>
g005795: URLError: <urlopen error [Errno 111] Connection refused>
g005776: URLError: <urlopen error [Errno 111] Connection refused>
g005742: URLError: <urlopen error [Errno 111] Connection refused>
g005969: URLError: <urlopen error [Errno 111] Connection refused>
g005799: URLError: <urlopen error [Errno 111] Connection refused>
g005780: URLError: <urlopen error [Errno 111] Connection refused>
g005803: URLError: <urlopen error [Errno 111] Connection refused>
g005746: URLError: <urlopen error [Errno 111] Connection refused>
g005973: URLError: <urlopen error [Errno 111] Connection refused>
g005807: URLError: <urlopen error [Errno 111] Connection refused>
g005784: URLError: <urlopen error [Errno 111] Connection refused>
g005750: URLError: <urlopen error [Errno 111] Connection refused>
g005977: URLError: <urlopen error [Errno 111] Connection refused>
g005811: URLError: <urlopen error [Errno 111] Connection refused>
g005815: URLError: <urlopen error [Errno 111] Connection refused>
g005754: URLError: <urlopen error [Errno 111] Connection refused>
g005788: URLError: <urlopen error [Errno 111] Connection refused>
g005981: URLError: <urlopen error [Errno 111] Connection refused>
g005819: URLError: <urlopen error [Errno 111] Connection refused>
g005758: URLError: <urlopen error [Errno 111] Connection refused>
g005792: URLError: <urlopen error [Errno 111] Connection refused>
g005985: URLError: <urlopen error [Errno 111] Connection refused>
g005823: URLError: <urlopen error [Errno 111] Connection refused>
g005762: URLError: <urlopen error [Errno 111] Connection refused>
g005796: URLError: <urlopen error [Errno 111] Connection refused>
g005989: URLError: <urlopen error [Errno 111] Connection refused>
g005827: URLError: <urlopen error [Errno 111] Connection refused>
g005766: URLError: <urlopen error [Errno 111] Connection refused>
g005800: URLError: <urlopen error [Errno 111] Connection refused>
g005993: URLError: <urlopen error [Errno 111] Connection refused>
g005770: URLError: <urlopen error [Errno 111] Connection refused>
g005804: URLError: <urlopen error [Errno 111] Connection refused>
g005997: URLError: <urlopen error [Errno 111] Connection refused>
g005808: URLError: <urlopen error [Errno 111] Connection refused>
g005774: URLError: <urlopen error [Errno 111] Connection refused>
g006001: URLError: <urlopen error [Errno 111] Connection refused>
g005831: URLError: <urlopen error [Errno 111] Connection refused>
g005778: URLError: <urlopen error [Errno 111] Connection refused>
g005812: URLError: <urlopen error [Errno 111] Connection refused>
g006005: URLError: <urlopen error [Errno 111] Connection refused>
g005835: URLError: <urlopen error [Errno 111] Connection refused>
g005782: URLError: <urlopen error [Errno 111] Connection refused>
g005816: URLError: <urlopen error [Errno 111] Connection refused>
g006009: URLError: <urlopen error [Errno 111] Connection refused>
g005786: URLError: <urlopen error [Errno 111] Connection refused>
g005839: URLError: <urlopen error [Errno 111] Connection refused>
g005820: URLError: <urlopen error [Errno 111] Connection refused>
g006013: URLError: <urlopen error [Errno 111] Connection refused>
g005790: URLError: <urlopen error [Errno 111] Connection refused>
g005824: URLError: <urlopen error [Errno 111] Connection refused>
g006017: URLError: <urlopen error [Errno 111] Connection refused>
g005843: URLError: <urlopen error [Errno 111] Connection refused>
g005794: URLError: <urlopen error [Errno 111] Connection refused>
g005828: URLError: <urlopen error [Errno 111] Connection refused>
g006021: URLError: <urlopen error [Errno 111] Connection refused>
g005847: URLError: <urlopen error [Errno 111] Connection refused>
g005798: URLError: <urlopen error [Errno 111] Connection refused>
g005832: URLError: <urlopen error [Errno 111] Connection refused>
g006025: URLError: <urlopen error [Errno 111] Connection refused>
g005851: URLError: <urlopen error [Errno 111] Connection refused>
g005802: URLError: <urlopen error [Errno 111] Connection refused>
g006029: URLError: <urlopen error [Errno 111] Connection refused>
g005836: URLError: <urlopen error [Errno 111] Connection refused>
g005806: URLError: <urlopen error [Errno 111] Connection refused>
g005855: URLError: <urlopen error [Errno 111] Connection refused>
g006033: URLError: <urlopen error [Errno 111] Connection refused>
g005840: URLError: <urlopen error [Errno 111] Connection refused>
g005810: URLError: <urlopen error [Errno 111] Connection refused>
g005859: URLError: <urlopen error [Errno 111] Connection refused>
g006037: URLError: <urlopen error [Errno 111] Connection refused>
g005844: URLError: <urlopen error [Errno 111] Connection refused>
g005863: URLError: <urlopen error [Errno 111] Connection refused>
g005814: URLError: <urlopen error [Errno 111] Connection refused>
g005848: URLError: <urlopen error [Errno 111] Connection refused>
g006041: URLError: <urlopen error [Errno 111] Connection refused>
g005867: URLError: <urlopen error [Errno 111] Connection refused>
g005818: URLError: <urlopen error [Errno 111] Connection refused>
g005852: URLError: <urlopen error [Errno 111] Connection refused>
g006045: URLError: <urlopen error [Errno 111] Connection refused>
g005822: URLError: <urlopen error [Errno 111] Connection refused>
g005871: URLError: <urlopen error [Errno 111] Connection refused>
g005856: URLError: <urlopen error [Errno 111] Connection refused>
g006049: URLError: <urlopen error [Errno 111] Connection refused>
g005875: URLError: <urlopen error [Errno 111] Connection refused>
g005826: URLError: <urlopen error [Errno 111] Connection refused>
g005879: URLError: <urlopen error [Errno 111] Connection refused>
g005860: URLError: <urlopen error [Errno 111] Connection refused>
g006053: URLError: <urlopen error [Errno 111] Connection refused>
g005830: URLError: <urlopen error [Errno 111] Connection refused>
g005883: URLError: <urlopen error [Errno 111] Connection refused>
g005887: URLError: <urlopen error [Errno 111] Connection refused>
g005864: URLError: <urlopen error [Errno 111] Connection refused>
g006057: URLError: <urlopen error [Errno 111] Connection refused>
g005834: URLError: <urlopen error [Errno 111] Connection refused>
g005891: URLError: <urlopen error [Errno 111] Connection refused>
g005895: URLError: <urlopen error [Errno 111] Connection refused>
g005868: URLError: <urlopen error [Errno 111] Connection refused>
g006061: URLError: <urlopen error [Errno 111] Connection refused>
g005838: URLError: <urlopen error [Errno 111] Connection refused>
g005899: URLError: <urlopen error [Errno 111] Connection refused>
g005872: URLError: <urlopen error [Errno 111] Connection refused>
g005903: URLError: <urlopen error [Errno 111] Connection refused>
g006065: URLError: <urlopen error [Errno 111] Connection refused>
g005842: URLError: <urlopen error [Errno 111] Connection refused>
g005907: URLError: <urlopen error [Errno 111] Connection refused>
g005876: URLError: <urlopen error [Errno 111] Connection refused>
g005846: URLError: <urlopen error [Errno 111] Connection refused>
g006069: URLError: <urlopen error [Errno 111] Connection refused>
g005911: URLError: <urlopen error [Errno 111] Connection refused>
g005880: URLError: <urlopen error [Errno 111] Connection refused>
g005850: URLError: <urlopen error [Errno 111] Connection refused>
g006073: URLError: <urlopen error [Errno 111] Connection refused>
g005915: URLError: <urlopen error [Errno 111] Connection refused>
g005884: URLError: <urlopen error [Errno 111] Connection refused>
g005919: URLError: <urlopen error [Errno 111] Connection refused>
g005854: URLError: <urlopen error [Errno 111] Connection refused>
g006077: URLError: <urlopen error [Errno 111] Connection refused>
g005888: URLError: <urlopen error [Errno 111] Connection refused>
g005923: URLError: <urlopen error [Errno 111] Connection refused>
g005858: URLError: <urlopen error [Errno 111] Connection refused>
g006081: URLError: <urlopen error [Errno 111] Connection refused>
g005892: URLError: <urlopen error [Errno 111] Connection refused>
g005927: URLError: <urlopen error [Errno 111] Connection refused>
g005862: URLError: <urlopen error [Errno 111] Connection refused>
g006085: URLError: <urlopen error [Errno 111] Connection refused>
g005931: URLError: <urlopen error [Errno 111] Connection refused>
g005896: URLError: <urlopen error [Errno 111] Connection refused>
g005935: URLError: <urlopen error [Errno 111] Connection refused>
g005866: URLError: <urlopen error [Errno 111] Connection refused>
g006089: URLError: <urlopen error [Errno 111] Connection refused>
g005939: URLError: <urlopen error [Errno 111] Connection refused>
g005900: URLError: <urlopen error [Errno 111] Connection refused>
g005870: URLError: <urlopen error [Errno 111] Connection refused>
g005943: URLError: <urlopen error [Errno 111] Connection refused>
g006093: URLError: <urlopen error [Errno 111] Connection refused>
g005904: URLError: <urlopen error [Errno 111] Connection refused>
g005874: URLError: <urlopen error [Errno 111] Connection refused>
g006097: URLError: <urlopen error [Errno 111] Connection refused>
g005908: URLError: <urlopen error [Errno 111] Connection refused>
g005947: URLError: <urlopen error [Errno 111] Connection refused>
g005878: URLError: <urlopen error [Errno 111] Connection refused>
g006101: URLError: <urlopen error [Errno 111] Connection refused>
g005912: URLError: <urlopen error [Errno 111] Connection refused>
g005882: URLError: <urlopen error [Errno 111] Connection refused>
g005951: URLError: <urlopen error [Errno 111] Connection refused>
g006105: URLError: <urlopen error [Errno 111] Connection refused>
g005916: URLError: <urlopen error [Errno 111] Connection refused>
g005886: URLError: <urlopen error [Errno 111] Connection refused>
g005955: URLError: <urlopen error [Errno 111] Connection refused>
g006109: URLError: <urlopen error [Errno 111] Connection refused>
g005920: URLError: <urlopen error [Errno 111] Connection refused>
g005890: URLError: <urlopen error [Errno 111] Connection refused>
g006113: URLError: <urlopen error [Errno 111] Connection refused>
g005959: URLError: <urlopen error [Errno 111] Connection refused>
g005924: URLError: <urlopen error [Errno 111] Connection refused>
g005894: URLError: <urlopen error [Errno 111] Connection refused>
g006117: URLError: <urlopen error [Errno 111] Connection refused>
g005963: URLError: <urlopen error [Errno 111] Connection refused>
g005928: URLError: <urlopen error [Errno 111] Connection refused>
g005898: URLError: <urlopen error [Errno 111] Connection refused>
g006121: URLError: <urlopen error [Errno 111] Connection refused>
g005967: URLError: <urlopen error [Errno 111] Connection refused>
g005932: URLError: <urlopen error [Errno 111] Connection refused>
g005902: URLError: <urlopen error [Errno 111] Connection refused>
g006125: URLError: <urlopen error [Errno 111] Connection refused>
g005971: URLError: <urlopen error [Errno 111] Connection refused>
g005936: URLError: <urlopen error [Errno 111] Connection refused>
g005906: URLError: <urlopen error [Errno 111] Connection refused>
g006129: URLError: <urlopen error [Errno 111] Connection refused>
g005940: URLError: <urlopen error [Errno 111] Connection refused>
g005975: URLError: <urlopen error [Errno 111] Connection refused>
g005910: URLError: <urlopen error [Errno 111] Connection refused>
g006133: URLError: <urlopen error [Errno 111] Connection refused>
g005944: URLError: <urlopen error [Errno 111] Connection refused>
g005979: URLError: <urlopen error [Errno 111] Connection refused>
g005914: URLError: <urlopen error [Errno 111] Connection refused>
g006137: URLError: <urlopen error [Errno 111] Connection refused>
g005983: URLError: <urlopen error [Errno 111] Connection refused>
g005948: URLError: <urlopen error [Errno 111] Connection refused>
g005918: URLError: <urlopen error [Errno 111] Connection refused>
g006141: URLError: <urlopen error [Errno 111] Connection refused>
g005987: URLError: <urlopen error [Errno 111] Connection refused>
g005952: URLError: <urlopen error [Errno 111] Connection refused>
g005922: URLError: <urlopen error [Errno 111] Connection refused>
g006145: URLError: <urlopen error [Errno 111] Connection refused>
g005991: URLError: <urlopen error [Errno 111] Connection refused>
g005926: URLError: <urlopen error [Errno 111] Connection refused>
g006149: URLError: <urlopen error [Errno 111] Connection refused>
g005995: URLError: <urlopen error [Errno 111] Connection refused>
g005930: URLError: <urlopen error [Errno 111] Connection refused>
g006153: URLError: <urlopen error [Errno 111] Connection refused>
g005999: URLError: <urlopen error [Errno 111] Connection refused>
g005934: URLError: <urlopen error [Errno 111] Connection refused>
g006157: URLError: <urlopen error [Errno 111] Connection refused>
g005956: URLError: <urlopen error [Errno 111] Connection refused>
g006003: URLError: <urlopen error [Errno 111] Connection refused>
g005938: URLError: <urlopen error [Errno 111] Connection refused>
g006161: URLError: <urlopen error [Errno 111] Connection refused>
g006007: URLError: <urlopen error [Errno 111] Connection refused>
g005960: URLError: <urlopen error [Errno 111] Connection refused>
g005942: URLError: <urlopen error [Errno 111] Connection refused>
g006165: URLError: <urlopen error [Errno 111] Connection refused>
g006011: URLError: <urlopen error [Errno 111] Connection refused>
g005946: URLError: <urlopen error [Errno 111] Connection refused>
g006169: URLError: <urlopen error [Errno 111] Connection refused>
g005964: URLError: <urlopen error [Errno 111] Connection refused>
g006015: URLError: <urlopen error [Errno 111] Connection refused>
g005950: URLError: <urlopen error [Errno 111] Connection refused>
g006173: URLError: <urlopen error [Errno 111] Connection refused>
g005968: URLError: <urlopen error [Errno 111] Connection refused>
g006019: URLError: <urlopen error [Errno 111] Connection refused>
g005954: URLError: <urlopen error [Errno 111] Connection refused>
g006177: URLError: <urlopen error [Errno 111] Connection refused>
g005972: URLError: <urlopen error [Errno 111] Connection refused>
g005958: URLError: <urlopen error [Errno 111] Connection refused>
g006023: URLError: <urlopen error [Errno 111] Connection refused>
g006181: URLError: <urlopen error [Errno 111] Connection refused>
g005962: URLError: <urlopen error [Errno 111] Connection refused>
g005976: URLError: <urlopen error [Errno 111] Connection refused>
g006027: URLError: <urlopen error [Errno 111] Connection refused>
g006185: URLError: <urlopen error [Errno 111] Connection refused>
g005966: URLError: <urlopen error [Errno 111] Connection refused>
g006189: URLError: <urlopen error [Errno 111] Connection refused>
g006031: URLError: <urlopen error [Errno 111] Connection refused>
g005980: URLError: <urlopen error [Errno 111] Connection refused>
g005970: URLError: <urlopen error [Errno 111] Connection refused>
g006193: URLError: <urlopen error [Errno 111] Connection refused>
g006035: URLError: <urlopen error [Errno 111] Connection refused>
g005984: URLError: <urlopen error [Errno 111] Connection refused>
g005974: URLError: <urlopen error [Errno 111] Connection refused>
g006039: URLError: <urlopen error [Errno 111] Connection refused>
g006197: URLError: <urlopen error [Errno 111] Connection refused>
g005988: URLError: <urlopen error [Errno 111] Connection refused>
g005978: URLError: <urlopen error [Errno 111] Connection refused>
g006201: URLError: <urlopen error [Errno 111] Connection refused>
g006043: URLError: <urlopen error [Errno 111] Connection refused>
g005982: URLError: <urlopen error [Errno 111] Connection refused>
g005992: URLError: <urlopen error [Errno 111] Connection refused>
g005986: URLError: <urlopen error [Errno 111] Connection refused>
g006047: URLError: <urlopen error [Errno 111] Connection refused>
g006205: URLError: <urlopen error [Errno 111] Connection refused>
g005996: URLError: <urlopen error [Errno 111] Connection refused>
g005990: URLError: <urlopen error [Errno 111] Connection refused>
g006051: URLError: <urlopen error [Errno 111] Connection refused>
g006209: URLError: <urlopen error [Errno 111] Connection refused>
g006000: URLError: <urlopen error [Errno 111] Connection refused>
g005994: URLError: <urlopen error [Errno 111] Connection refused>
g006055: URLError: <urlopen error [Errno 111] Connection refused>
g006213: URLError: <urlopen error [Errno 111] Connection refused>
g006004: URLError: <urlopen error [Errno 111] Connection refused>
g005998: URLError: <urlopen error [Errno 111] Connection refused>
g006059: URLError: <urlopen error [Errno 111] Connection refused>
g006217: URLError: <urlopen error [Errno 111] Connection refused>
g006008: URLError: <urlopen error [Errno 111] Connection refused>
g006002: URLError: <urlopen error [Errno 111] Connection refused>
g006063: URLError: <urlopen error [Errno 111] Connection refused>
g006221: URLError: <urlopen error [Errno 111] Connection refused>
g006012: URLError: <urlopen error [Errno 111] Connection refused>
g006006: URLError: <urlopen error [Errno 111] Connection refused>
g006225: URLError: <urlopen error [Errno 111] Connection refused>
g006067: URLError: <urlopen error [Errno 111] Connection refused>
g006016: URLError: <urlopen error [Errno 111] Connection refused>
g006010: URLError: <urlopen error [Errno 111] Connection refused>
g006229: URLError: <urlopen error [Errno 111] Connection refused>
g006071: URLError: <urlopen error [Errno 111] Connection refused>
g006020: URLError: <urlopen error [Errno 111] Connection refused>
g006014: URLError: <urlopen error [Errno 111] Connection refused>
g006233: URLError: <urlopen error [Errno 111] Connection refused>
g006075: URLError: <urlopen error [Errno 111] Connection refused>
g006024: URLError: <urlopen error [Errno 111] Connection refused>
g006018: URLError: <urlopen error [Errno 111] Connection refused>
g006237: URLError: <urlopen error [Errno 111] Connection refused>
g006079: URLError: <urlopen error [Errno 111] Connection refused>
g006022: URLError: <urlopen error [Errno 111] Connection refused>
g006028: URLError: <urlopen error [Errno 111] Connection refused>
g006241: URLError: <urlopen error [Errno 111] Connection refused>
g006083: URLError: <urlopen error [Errno 111] Connection refused>
g006026: URLError: <urlopen error [Errno 111] Connection refused>
g006032: URLError: <urlopen error [Errno 111] Connection refused>
g006087: URLError: <urlopen error [Errno 111] Connection refused>
g006030: URLError: <urlopen error [Errno 111] Connection refused>
g006245: URLError: <urlopen error [Errno 111] Connection refused>
g006036: URLError: <urlopen error [Errno 111] Connection refused>
g006091: URLError: <urlopen error [Errno 111] Connection refused>
g006034: URLError: <urlopen error [Errno 111] Connection refused>
g006249: URLError: <urlopen error [Errno 111] Connection refused>
g006040: URLError: <urlopen error [Errno 111] Connection refused>
g006095: URLError: <urlopen error [Errno 111] Connection refused>
g006038: URLError: <urlopen error [Errno 111] Connection refused>
g006044: URLError: <urlopen error [Errno 111] Connection refused>
g006253: URLError: <urlopen error [Errno 111] Connection refused>
g006042: URLError: <urlopen error [Errno 111] Connection refused>
g006099: URLError: <urlopen error [Errno 111] Connection refused>
g006048: URLError: <urlopen error [Errno 111] Connection refused>
g006257: URLError: <urlopen error [Errno 111] Connection refused>
g006046: URLError: <urlopen error [Errno 111] Connection refused>
g006052: URLError: <urlopen error [Errno 111] Connection refused>
g006103: URLError: <urlopen error [Errno 111] Connection refused>
g006050: URLError: <urlopen error [Errno 111] Connection refused>
g006261: URLError: <urlopen error [Errno 111] Connection refused>
g006107: URLError: <urlopen error [Errno 111] Connection refused>
g006056: URLError: <urlopen error [Errno 111] Connection refused>
g006054: URLError: <urlopen error [Errno 111] Connection refused>
g006111: URLError: <urlopen error [Errno 111] Connection refused>
g006265: URLError: <urlopen error [Errno 111] Connection refused>
g006060: URLError: <urlopen error [Errno 111] Connection refused>
g006058: URLError: <urlopen error [Errno 111] Connection refused>
g006115: URLError: <urlopen error [Errno 111] Connection refused>
g006269: URLError: <urlopen error [Errno 111] Connection refused>
g006064: URLError: <urlopen error [Errno 111] Connection refused>
g006062: URLError: <urlopen error [Errno 111] Connection refused>
g006119: URLError: <urlopen error [Errno 111] Connection refused>
g006273: URLError: <urlopen error [Errno 111] Connection refused>
g006068: URLError: <urlopen error [Errno 111] Connection refused>
g006066: URLError: <urlopen error [Errno 111] Connection refused>
g006123: URLError: <urlopen error [Errno 111] Connection refused>
g006277: URLError: <urlopen error [Errno 111] Connection refused>
g006072: URLError: <urlopen error [Errno 111] Connection refused>
g006070: URLError: <urlopen error [Errno 111] Connection refused>
g006127: URLError: <urlopen error [Errno 111] Connection refused>
g006281: URLError: <urlopen error [Errno 111] Connection refused>
g006076: URLError: <urlopen error [Errno 111] Connection refused>
g006074: URLError: <urlopen error [Errno 111] Connection refused>
g006131: URLError: <urlopen error [Errno 111] Connection refused>
g006285: URLError: <urlopen error [Errno 111] Connection refused>
g006080: URLError: <urlopen error [Errno 111] Connection refused>
g006078: URLError: <urlopen error [Errno 111] Connection refused>
g006135: URLError: <urlopen error [Errno 111] Connection refused>
g006289: URLError: <urlopen error [Errno 111] Connection refused>
g006084: URLError: <urlopen error [Errno 111] Connection refused>
g006082: URLError: <urlopen error [Errno 111] Connection refused>
g006293: URLError: <urlopen error [Errno 111] Connection refused>
g006139: URLError: <urlopen error [Errno 111] Connection refused>
g006088: URLError: <urlopen error [Errno 111] Connection refused>
g006086: URLError: <urlopen error [Errno 111] Connection refused>
g006143: URLError: <urlopen error [Errno 111] Connection refused>
g006092: URLError: <urlopen error [Errno 111] Connection refused>
g006297: URLError: <urlopen error [Errno 111] Connection refused>
g006090: URLError: <urlopen error [Errno 111] Connection refused>
g006147: URLError: <urlopen error [Errno 111] Connection refused>
g006096: URLError: <urlopen error [Errno 111] Connection refused>
g006094: URLError: <urlopen error [Errno 111] Connection refused>
g006301: URLError: <urlopen error [Errno 111] Connection refused>
g006151: URLError: <urlopen error [Errno 111] Connection refused>
g006100: URLError: <urlopen error [Errno 111] Connection refused>
g006305: URLError: <urlopen error [Errno 111] Connection refused>
g006098: URLError: <urlopen error [Errno 111] Connection refused>
g006155: URLError: <urlopen error [Errno 111] Connection refused>
g006309: URLError: <urlopen error [Errno 111] Connection refused>
g006102: URLError: <urlopen error [Errno 111] Connection refused>
g006104: URLError: <urlopen error [Errno 111] Connection refused>
g006159: URLError: <urlopen error [Errno 111] Connection refused>
g006313: URLError: <urlopen error [Errno 111] Connection refused>
g006106: URLError: <urlopen error [Errno 111] Connection refused>
g006108: URLError: <urlopen error [Errno 111] Connection refused>
g006163: URLError: <urlopen error [Errno 111] Connection refused>
g006317: URLError: <urlopen error [Errno 111] Connection refused>
g006110: URLError: <urlopen error [Errno 111] Connection refused>
g006112: URLError: <urlopen error [Errno 111] Connection refused>
g006167: URLError: <urlopen error [Errno 111] Connection refused>
g006114: URLError: <urlopen error [Errno 111] Connection refused>
g006321: URLError: <urlopen error [Errno 111] Connection refused>
g006116: URLError: <urlopen error [Errno 111] Connection refused>
g006171: URLError: <urlopen error [Errno 111] Connection refused>
g006118: URLError: <urlopen error [Errno 111] Connection refused>
g006325: URLError: <urlopen error [Errno 111] Connection refused>
g006120: URLError: <urlopen error [Errno 111] Connection refused>
g006175: URLError: <urlopen error [Errno 111] Connection refused>
g006122: URLError: <urlopen error [Errno 111] Connection refused>
g006329: URLError: <urlopen error [Errno 111] Connection refused>
g006124: URLError: <urlopen error [Errno 111] Connection refused>
g006126: URLError: <urlopen error [Errno 111] Connection refused>
g006179: URLError: <urlopen error [Errno 111] Connection refused>
g006333: URLError: <urlopen error [Errno 111] Connection refused>
g006128: URLError: <urlopen error [Errno 111] Connection refused>
g006130: URLError: <urlopen error [Errno 111] Connection refused>
g006183: URLError: <urlopen error [Errno 111] Connection refused>
g006337: URLError: <urlopen error [Errno 111] Connection refused>
g006132: URLError: <urlopen error [Errno 111] Connection refused>
g006134: URLError: <urlopen error [Errno 111] Connection refused>
g006341: URLError: <urlopen error [Errno 111] Connection refused>
g006187: URLError: <urlopen error [Errno 111] Connection refused>
g006136: URLError: <urlopen error [Errno 111] Connection refused>
g006138: URLError: <urlopen error [Errno 111] Connection refused>
g006191: URLError: <urlopen error [Errno 111] Connection refused>
g006345: URLError: <urlopen error [Errno 111] Connection refused>
g006140: URLError: <urlopen error [Errno 111] Connection refused>
g006142: URLError: <urlopen error [Errno 111] Connection refused>
g006349: URLError: <urlopen error [Errno 111] Connection refused>
g006195: URLError: <urlopen error [Errno 111] Connection refused>
g006144: URLError: <urlopen error [Errno 111] Connection refused>
g006146: URLError: <urlopen error [Errno 111] Connection refused>
g006353: URLError: <urlopen error [Errno 111] Connection refused>
g006199: URLError: <urlopen error [Errno 111] Connection refused>
g006150: URLError: <urlopen error [Errno 111] Connection refused>
g006148: URLError: <urlopen error [Errno 111] Connection refused>
g006357: URLError: <urlopen error [Errno 111] Connection refused>
g006203: URLError: <urlopen error [Errno 111] Connection refused>
g006361: URLError: <urlopen error [Errno 111] Connection refused>
g006152: URLError: <urlopen error [Errno 111] Connection refused>
g006207: URLError: <urlopen error [Errno 111] Connection refused>
g006154: URLError: <urlopen error [Errno 111] Connection refused>
g006211: URLError: <urlopen error [Errno 111] Connection refused>
g006156: URLError: <urlopen error [Errno 111] Connection refused>
g006365: URLError: <urlopen error [Errno 111] Connection refused>
g006158: URLError: <urlopen error [Errno 111] Connection refused>
g006215: URLError: <urlopen error [Errno 111] Connection refused>
g006162: URLError: <urlopen error [Errno 111] Connection refused>
g006160: URLError: <urlopen error [Errno 111] Connection refused>
g006369: URLError: <urlopen error [Errno 111] Connection refused>
g006166: URLError: <urlopen error [Errno 111] Connection refused>
g006219: URLError: <urlopen error [Errno 111] Connection refused>
g006164: URLError: <urlopen error [Errno 111] Connection refused>
g006373: URLError: <urlopen error [Errno 111] Connection refused>
g006170: URLError: <urlopen error [Errno 111] Connection refused>
g006223: URLError: <urlopen error [Errno 111] Connection refused>
g006168: URLError: <urlopen error [Errno 111] Connection refused>
g006377: URLError: <urlopen error [Errno 111] Connection refused>
g006174: URLError: <urlopen error [Errno 111] Connection refused>
g006227: URLError: <urlopen error [Errno 111] Connection refused>
g006172: URLError: <urlopen error [Errno 111] Connection refused>
g006381: URLError: <urlopen error [Errno 111] Connection refused>
g006178: URLError: <urlopen error [Errno 111] Connection refused>
g006231: URLError: <urlopen error [Errno 111] Connection refused>
g006176: URLError: <urlopen error [Errno 111] Connection refused>
g006385: URLError: <urlopen error [Errno 111] Connection refused>
g006235: URLError: <urlopen error [Errno 111] Connection refused>
g006180: URLError: <urlopen error [Errno 111] Connection refused>
g006389: URLError: <urlopen error [Errno 111] Connection refused>
g006182: URLError: <urlopen error [Errno 111] Connection refused>
g006239: URLError: <urlopen error [Errno 111] Connection refused>
g006184: URLError: <urlopen error [Errno 111] Connection refused>
g006393: URLError: <urlopen error [Errno 111] Connection refused>
g006186: URLError: <urlopen error [Errno 111] Connection refused>
g006243: URLError: <urlopen error [Errno 111] Connection refused>
g006188: URLError: <urlopen error [Errno 111] Connection refused>
g006397: URLError: <urlopen error [Errno 111] Connection refused>
g006190: URLError: <urlopen error [Errno 111] Connection refused>
g006192: URLError: <urlopen error [Errno 111] Connection refused>
g006194: URLError: <urlopen error [Errno 111] Connection refused>
g006247: URLError: <urlopen error [Errno 111] Connection refused>
g006401: URLError: <urlopen error [Errno 111] Connection refused>
g006196: URLError: <urlopen error [Errno 111] Connection refused>
g006198: URLError: <urlopen error [Errno 111] Connection refused>
g006405: URLError: <urlopen error [Errno 111] Connection refused>
g006251: URLError: <urlopen error [Errno 111] Connection refused>
g006202: URLError: <urlopen error [Errno 111] Connection refused>
g006200: URLError: <urlopen error [Errno 111] Connection refused>
g006255: URLError: <urlopen error [Errno 111] Connection refused>
g006409: URLError: <urlopen error [Errno 111] Connection refused>
g006206: URLError: <urlopen error [Errno 111] Connection refused>
g006259: URLError: <urlopen error [Errno 111] Connection refused>
g006413: URLError: <urlopen error [Errno 111] Connection refused>
g006204: URLError: <urlopen error [Errno 111] Connection refused>
g006210: URLError: <urlopen error [Errno 111] Connection refused>
g006263: URLError: <urlopen error [Errno 111] Connection refused>
g006417: URLError: <urlopen error [Errno 111] Connection refused>
g006208: URLError: <urlopen error [Errno 111] Connection refused>
g006214: URLError: <urlopen error [Errno 111] Connection refused>
g006267: URLError: <urlopen error [Errno 111] Connection refused>
g006421: URLError: <urlopen error [Errno 111] Connection refused>
g006212: URLError: <urlopen error [Errno 111] Connection refused>
g006218: URLError: <urlopen error [Errno 111] Connection refused>
g006271: URLError: <urlopen error [Errno 111] Connection refused>
g006425: URLError: <urlopen error [Errno 111] Connection refused>
g006216: URLError: <urlopen error [Errno 111] Connection refused>
g006222: URLError: <urlopen error [Errno 111] Connection refused>
g006275: URLError: <urlopen error [Errno 111] Connection refused>
g006429: URLError: <urlopen error [Errno 111] Connection refused>
g006220: URLError: <urlopen error [Errno 111] Connection refused>
g006226: URLError: <urlopen error [Errno 111] Connection refused>
g006279: URLError: <urlopen error [Errno 111] Connection refused>
g006433: URLError: <urlopen error [Errno 111] Connection refused>
g006224: URLError: <urlopen error [Errno 111] Connection refused>
g006230: URLError: <urlopen error [Errno 111] Connection refused>
g006283: URLError: <urlopen error [Errno 111] Connection refused>
g006228: URLError: <urlopen error [Errno 111] Connection refused>
g006437: URLError: <urlopen error [Errno 111] Connection refused>
g006234: URLError: <urlopen error [Errno 111] Connection refused>
g006287: URLError: <urlopen error [Errno 111] Connection refused>
g006232: URLError: <urlopen error [Errno 111] Connection refused>
g006441: URLError: <urlopen error [Errno 111] Connection refused>
g006238: URLError: <urlopen error [Errno 111] Connection refused>
g006291: URLError: <urlopen error [Errno 111] Connection refused>
g006242: URLError: <urlopen error [Errno 111] Connection refused>
g006445: URLError: <urlopen error [Errno 111] Connection refused>
g006236: URLError: <urlopen error [Errno 111] Connection refused>
g006295: URLError: <urlopen error [Errno 111] Connection refused>
g006246: URLError: <urlopen error [Errno 111] Connection refused>
g006299: URLError: <urlopen error [Errno 111] Connection refused>
g006240: URLError: <urlopen error [Errno 111] Connection refused>
g006449: URLError: <urlopen error [Errno 111] Connection refused>
g006250: URLError: <urlopen error [Errno 111] Connection refused>
g006303: URLError: <urlopen error [Errno 111] Connection refused>
g006244: URLError: <urlopen error [Errno 111] Connection refused>
g006453: URLError: <urlopen error [Errno 111] Connection refused>
g006254: URLError: <urlopen error [Errno 111] Connection refused>
g006307: URLError: <urlopen error [Errno 111] Connection refused>
g006248: URLError: <urlopen error [Errno 111] Connection refused>
g006457: URLError: <urlopen error [Errno 111] Connection refused>
g006258: URLError: <urlopen error [Errno 111] Connection refused>
g006311: URLError: <urlopen error [Errno 111] Connection refused>
g006252: URLError: <urlopen error [Errno 111] Connection refused>
g006461: URLError: <urlopen error [Errno 111] Connection refused>
g006262: URLError: <urlopen error [Errno 111] Connection refused>
g006315: URLError: <urlopen error [Errno 111] Connection refused>
g006256: URLError: <urlopen error [Errno 111] Connection refused>
g006465: URLError: <urlopen error [Errno 111] Connection refused>
g006266: URLError: <urlopen error [Errno 111] Connection refused>
g006319: URLError: <urlopen error [Errno 111] Connection refused>
g006469: URLError: <urlopen error [Errno 111] Connection refused>
g006260: URLError: <urlopen error [Errno 111] Connection refused>
g006473: URLError: <urlopen error [Errno 111] Connection refused>
g006323: URLError: <urlopen error [Errno 111] Connection refused>
g006264: URLError: <urlopen error [Errno 111] Connection refused>
g006268: URLError: <urlopen error [Errno 111] Connection refused>
g006327: URLError: <urlopen error [Errno 111] Connection refused>
g006477: URLError: <urlopen error [Errno 111] Connection refused>
g006272: URLError: <urlopen error [Errno 111] Connection refused>
g006481: URLError: <urlopen error [Errno 111] Connection refused>
g006276: URLError: <urlopen error [Errno 111] Connection refused>
g006485: URLError: <urlopen error [Errno 111] Connection refused>
g006331: URLError: <urlopen error [Errno 111] Connection refused>
g006280: URLError: <urlopen error [Errno 111] Connection refused>
g006489: URLError: <urlopen error [Errno 111] Connection refused>
g006335: URLError: <urlopen error [Errno 111] Connection refused>
g006284: URLError: <urlopen error [Errno 111] Connection refused>
g006493: URLError: <urlopen error [Errno 111] Connection refused>
g006339: URLError: <urlopen error [Errno 111] Connection refused>
g006288: URLError: <urlopen error [Errno 111] Connection refused>
g006343: URLError: <urlopen error [Errno 111] Connection refused>
g006497: URLError: <urlopen error [Errno 111] Connection refused>
g006347: URLError: <urlopen error [Errno 111] Connection refused>
g006292: URLError: <urlopen error [Errno 111] Connection refused>
g006501: URLError: <urlopen error [Errno 111] Connection refused>
g006351: URLError: <urlopen error [Errno 111] Connection refused>
g006355: URLError: <urlopen error [Errno 111] Connection refused>
g006505: URLError: <urlopen error [Errno 111] Connection refused>
g006359: URLError: <urlopen error [Errno 111] Connection refused>
g006296: URLError: <urlopen error [Errno 111] Connection refused>
g006363: URLError: <urlopen error [Errno 111] Connection refused>
g006509: URLError: <urlopen error [Errno 111] Connection refused>
g006367: URLError: <urlopen error [Errno 111] Connection refused>
g006300: URLError: <urlopen error [Errno 111] Connection refused>
g006371: URLError: <urlopen error [Errno 111] Connection refused>
g006513: URLError: <urlopen error [Errno 111] Connection refused>
g006375: URLError: <urlopen error [Errno 111] Connection refused>
g006304: URLError: <urlopen error [Errno 111] Connection refused>
g006379: URLError: <urlopen error [Errno 111] Connection refused>
g006517: URLError: <urlopen error [Errno 111] Connection refused>
g006383: URLError: <urlopen error [Errno 111] Connection refused>
g006308: URLError: <urlopen error [Errno 111] Connection refused>
g006521: URLError: <urlopen error [Errno 111] Connection refused>
g006387: URLError: <urlopen error [Errno 111] Connection refused>
g006312: URLError: <urlopen error [Errno 111] Connection refused>
g006525: URLError: <urlopen error [Errno 111] Connection refused>
g006391: URLError: <urlopen error [Errno 111] Connection refused>
g006316: URLError: <urlopen error [Errno 111] Connection refused>
g006395: URLError: <urlopen error [Errno 111] Connection refused>
g006529: URLError: <urlopen error [Errno 111] Connection refused>
g006399: URLError: <urlopen error [Errno 111] Connection refused>
g006320: URLError: <urlopen error [Errno 111] Connection refused>
g006533: URLError: <urlopen error [Errno 111] Connection refused>
g006403: URLError: <urlopen error [Errno 111] Connection refused>
g006324: URLError: <urlopen error [Errno 111] Connection refused>
g006407: URLError: <urlopen error [Errno 111] Connection refused>
g006537: URLError: <urlopen error [Errno 111] Connection refused>
g006411: URLError: <urlopen error [Errno 111] Connection refused>
g006328: URLError: <urlopen error [Errno 111] Connection refused>
g006415: URLError: <urlopen error [Errno 111] Connection refused>
g006541: URLError: <urlopen error [Errno 111] Connection refused>
g006419: URLError: <urlopen error [Errno 111] Connection refused>
g006332: URLError: <urlopen error [Errno 111] Connection refused>
g006423: URLError: <urlopen error [Errno 111] Connection refused>
g006545: URLError: <urlopen error [Errno 111] Connection refused>
g006427: URLError: <urlopen error [Errno 111] Connection refused>
g006336: URLError: <urlopen error [Errno 111] Connection refused>
g006431: URLError: <urlopen error [Errno 111] Connection refused>
g006549: URLError: <urlopen error [Errno 111] Connection refused>
g006340: URLError: <urlopen error [Errno 111] Connection refused>
g006435: URLError: <urlopen error [Errno 111] Connection refused>
g006553: URLError: <urlopen error [Errno 111] Connection refused>
g006344: URLError: <urlopen error [Errno 111] Connection refused>
g006439: URLError: <urlopen error [Errno 111] Connection refused>
g006348: URLError: <urlopen error [Errno 111] Connection refused>
g006557: URLError: <urlopen error [Errno 111] Connection refused>
g006443: URLError: <urlopen error [Errno 111] Connection refused>
g006352: URLError: <urlopen error [Errno 111] Connection refused>
g006447: URLError: <urlopen error [Errno 111] Connection refused>
g006561: URLError: <urlopen error [Errno 111] Connection refused>
g006356: URLError: <urlopen error [Errno 111] Connection refused>
g006565: URLError: <urlopen error [Errno 111] Connection refused>
g006451: URLError: <urlopen error [Errno 111] Connection refused>
g006455: URLError: <urlopen error [Errno 111] Connection refused>
g006360: URLError: <urlopen error [Errno 111] Connection refused>
g006569: URLError: <urlopen error [Errno 111] Connection refused>
g006459: URLError: <urlopen error [Errno 111] Connection refused>
g006364: URLError: <urlopen error [Errno 111] Connection refused>
g006573: URLError: <urlopen error [Errno 111] Connection refused>
g006463: URLError: <urlopen error [Errno 111] Connection refused>
g006368: URLError: <urlopen error [Errno 111] Connection refused>
g006577: URLError: <urlopen error [Errno 111] Connection refused>
g006467: URLError: <urlopen error [Errno 111] Connection refused>
g006372: URLError: <urlopen error [Errno 111] Connection refused>
g006581: URLError: <urlopen error [Errno 111] Connection refused>
g006471: URLError: <urlopen error [Errno 111] Connection refused>
g006376: URLError: <urlopen error [Errno 111] Connection refused>
g006585: URLError: <urlopen error [Errno 111] Connection refused>
g006475: URLError: <urlopen error [Errno 111] Connection refused>
g006380: URLError: <urlopen error [Errno 111] Connection refused>
g006479: URLError: <urlopen error [Errno 111] Connection refused>
g006589: URLError: <urlopen error [Errno 111] Connection refused>
g006593: URLError: <urlopen error [Errno 111] Connection refused>
g006597: URLError: <urlopen error [Errno 111] Connection refused>
g006270: URLError: <urlopen error [Errno 111] Connection refused>
g006601: URLError: <urlopen error [Errno 111] Connection refused>
g006274: URLError: <urlopen error [Errno 111] Connection refused>
g006605: URLError: <urlopen error [Errno 111] Connection refused>
g006278: URLError: <urlopen error [Errno 111] Connection refused>
g006609: URLError: <urlopen error [Errno 111] Connection refused>
g006282: URLError: <urlopen error [Errno 111] Connection refused>
g006613: URLError: <urlopen error [Errno 111] Connection refused>
g006286: URLError: <urlopen error [Errno 111] Connection refused>
g006617: URLError: <urlopen error [Errno 111] Connection refused>
g006290: URLError: <urlopen error [Errno 111] Connection refused>
g006384: URLError: <urlopen error [Errno 111] Connection refused>
g006483: URLError: <urlopen error [Errno 111] Connection refused>
g006621: URLError: <urlopen error [Errno 111] Connection refused>
g006294: URLError: <urlopen error [Errno 111] Connection refused>
g006625: URLError: <urlopen error [Errno 111] Connection refused>
g006487: URLError: <urlopen error [Errno 111] Connection refused>
g006388: URLError: <urlopen error [Errno 111] Connection refused>
g006298: URLError: <urlopen error [Errno 111] Connection refused>
g006629: URLError: <urlopen error [Errno 111] Connection refused>
g006491: URLError: <urlopen error [Errno 111] Connection refused>
g006392: URLError: <urlopen error [Errno 111] Connection refused>
g006302: URLError: <urlopen error [Errno 111] Connection refused>
g006633: URLError: <urlopen error [Errno 111] Connection refused>
g006495: URLError: <urlopen error [Errno 111] Connection refused>
g006396: URLError: <urlopen error [Errno 111] Connection refused>
g006306: URLError: <urlopen error [Errno 111] Connection refused>
g006499: URLError: <urlopen error [Errno 111] Connection refused>
g006637: URLError: <urlopen error [Errno 111] Connection refused>
g006503: URLError: <urlopen error [Errno 111] Connection refused>
g006400: URLError: <urlopen error [Errno 111] Connection refused>
g006310: URLError: <urlopen error [Errno 111] Connection refused>
g006641: URLError: <urlopen error [Errno 111] Connection refused>
g006507: URLError: <urlopen error [Errno 111] Connection refused>
g006404: URLError: <urlopen error [Errno 111] Connection refused>
g006314: URLError: <urlopen error [Errno 111] Connection refused>
g006511: URLError: <urlopen error [Errno 111] Connection refused>
g006645: URLError: <urlopen error [Errno 111] Connection refused>
g006515: URLError: <urlopen error [Errno 111] Connection refused>
g006408: URLError: <urlopen error [Errno 111] Connection refused>
g006318: URLError: <urlopen error [Errno 111] Connection refused>
g006649: URLError: <urlopen error [Errno 111] Connection refused>
g006519: URLError: <urlopen error [Errno 111] Connection refused>
g006412: URLError: <urlopen error [Errno 111] Connection refused>
g006523: URLError: <urlopen error [Errno 111] Connection refused>
g006322: URLError: <urlopen error [Errno 111] Connection refused>
g006653: URLError: <urlopen error [Errno 111] Connection refused>
g006527: URLError: <urlopen error [Errno 111] Connection refused>
g006326: URLError: <urlopen error [Errno 111] Connection refused>
g006416: URLError: <urlopen error [Errno 111] Connection refused>
g006531: URLError: <urlopen error [Errno 111] Connection refused>
g006657: URLError: <urlopen error [Errno 111] Connection refused>
g006330: URLError: <urlopen error [Errno 111] Connection refused>
g006535: URLError: <urlopen error [Errno 111] Connection refused>
g006420: URLError: <urlopen error [Errno 111] Connection refused>
g006661: URLError: <urlopen error [Errno 111] Connection refused>
g006539: URLError: <urlopen error [Errno 111] Connection refused>
g006334: URLError: <urlopen error [Errno 111] Connection refused>
g006424: URLError: <urlopen error [Errno 111] Connection refused>
g006543: URLError: <urlopen error [Errno 111] Connection refused>
g006665: URLError: <urlopen error [Errno 111] Connection refused>
g006338: URLError: <urlopen error [Errno 111] Connection refused>
g006547: URLError: <urlopen error [Errno 111] Connection refused>
g006428: URLError: <urlopen error [Errno 111] Connection refused>
g006669: URLError: <urlopen error [Errno 111] Connection refused>
g006551: URLError: <urlopen error [Errno 111] Connection refused>
g006342: URLError: <urlopen error [Errno 111] Connection refused>
g006432: URLError: <urlopen error [Errno 111] Connection refused>
g006673: URLError: <urlopen error [Errno 111] Connection refused>
g006555: URLError: <urlopen error [Errno 111] Connection refused>
g006346: URLError: <urlopen error [Errno 111] Connection refused>
g006436: URLError: <urlopen error [Errno 111] Connection refused>
g006677: URLError: <urlopen error [Errno 111] Connection refused>
g006559: URLError: <urlopen error [Errno 111] Connection refused>
g006350: URLError: <urlopen error [Errno 111] Connection refused>
g006440: URLError: <urlopen error [Errno 111] Connection refused>
g006563: URLError: <urlopen error [Errno 111] Connection refused>
g006354: URLError: <urlopen error [Errno 111] Connection refused>
g006681: URLError: <urlopen error [Errno 111] Connection refused>
g006444: URLError: <urlopen error [Errno 111] Connection refused>
g006567: URLError: <urlopen error [Errno 111] Connection refused>
g006358: URLError: <urlopen error [Errno 111] Connection refused>
g006571: URLError: <urlopen error [Errno 111] Connection refused>
g006685: URLError: <urlopen error [Errno 111] Connection refused>
g006575: URLError: <urlopen error [Errno 111] Connection refused>
g006448: URLError: <urlopen error [Errno 111] Connection refused>
g006362: URLError: <urlopen error [Errno 111] Connection refused>
g006579: URLError: <urlopen error [Errno 111] Connection refused>
g006689: URLError: <urlopen error [Errno 111] Connection refused>
g006366: URLError: <urlopen error [Errno 111] Connection refused>
g006452: URLError: <urlopen error [Errno 111] Connection refused>
g006583: URLError: <urlopen error [Errno 111] Connection refused>
g006370: URLError: <urlopen error [Errno 111] Connection refused>
g006693: URLError: <urlopen error [Errno 111] Connection refused>
g006587: URLError: <urlopen error [Errno 111] Connection refused>
g006456: URLError: <urlopen error [Errno 111] Connection refused>
g006374: URLError: <urlopen error [Errno 111] Connection refused>
g006697: URLError: <urlopen error [Errno 111] Connection refused>
g006591: URLError: <urlopen error [Errno 111] Connection refused>
g006460: URLError: <urlopen error [Errno 111] Connection refused>
g006378: URLError: <urlopen error [Errno 111] Connection refused>
g006701: URLError: <urlopen error [Errno 111] Connection refused>
g006595: URLError: <urlopen error [Errno 111] Connection refused>
g006599: URLError: <urlopen error [Errno 111] Connection refused>
g006464: URLError: <urlopen error [Errno 111] Connection refused>
g006705: URLError: <urlopen error [Errno 111] Connection refused>
g006382: URLError: <urlopen error [Errno 111] Connection refused>
g006603: URLError: <urlopen error [Errno 111] Connection refused>
g006607: URLError: <urlopen error [Errno 111] Connection refused>
g006386: URLError: <urlopen error [Errno 111] Connection refused>
g006709: URLError: <urlopen error [Errno 111] Connection refused>
g006468: URLError: <urlopen error [Errno 111] Connection refused>
g006611: URLError: <urlopen error [Errno 111] Connection refused>
g006390: URLError: <urlopen error [Errno 111] Connection refused>
g006713: URLError: <urlopen error [Errno 111] Connection refused>
g006615: URLError: <urlopen error [Errno 111] Connection refused>
g006472: URLError: <urlopen error [Errno 111] Connection refused>
g006394: URLError: <urlopen error [Errno 111] Connection refused>
g006619: URLError: <urlopen error [Errno 111] Connection refused>
g006717: URLError: <urlopen error [Errno 111] Connection refused>
g006476: URLError: <urlopen error [Errno 111] Connection refused>
g006623: URLError: <urlopen error [Errno 111] Connection refused>
g006721: URLError: <urlopen error [Errno 111] Connection refused>
g006480: URLError: <urlopen error [Errno 111] Connection refused>
g006398: URLError: <urlopen error [Errno 111] Connection refused>
g006627: URLError: <urlopen error [Errno 111] Connection refused>
g006725: URLError: <urlopen error [Errno 111] Connection refused>
g006631: URLError: <urlopen error [Errno 111] Connection refused>
g006402: URLError: <urlopen error [Errno 111] Connection refused>
g006484: URLError: <urlopen error [Errno 111] Connection refused>
g006635: URLError: <urlopen error [Errno 111] Connection refused>
g006729: URLError: <urlopen error [Errno 111] Connection refused>
g006406: URLError: <urlopen error [Errno 111] Connection refused>
g006639: URLError: <urlopen error [Errno 111] Connection refused>
g006488: URLError: <urlopen error [Errno 111] Connection refused>
g006643: URLError: <urlopen error [Errno 111] Connection refused>
g006733: URLError: <urlopen error [Errno 111] Connection refused>
g006410: URLError: <urlopen error [Errno 111] Connection refused>
g006647: URLError: <urlopen error [Errno 111] Connection refused>
g006492: URLError: <urlopen error [Errno 111] Connection refused>
g006651: URLError: <urlopen error [Errno 111] Connection refused>
g006414: URLError: <urlopen error [Errno 111] Connection refused>
g006737: URLError: <urlopen error [Errno 111] Connection refused>
g006655: URLError: <urlopen error [Errno 111] Connection refused>
g006418: URLError: <urlopen error [Errno 111] Connection refused>
g006741: URLError: <urlopen error [Errno 111] Connection refused>
g006659: URLError: <urlopen error [Errno 111] Connection refused>
g006663: URLError: <urlopen error [Errno 111] Connection refused>
g006422: URLError: <urlopen error [Errno 111] Connection refused>
g006745: URLError: <urlopen error [Errno 111] Connection refused>
g006667: URLError: <urlopen error [Errno 111] Connection refused>
g006426: URLError: <urlopen error [Errno 111] Connection refused>
g006749: URLError: <urlopen error [Errno 111] Connection refused>
g006671: URLError: <urlopen error [Errno 111] Connection refused>
g006675: URLError: <urlopen error [Errno 111] Connection refused>
g006430: URLError: <urlopen error [Errno 111] Connection refused>
g006753: URLError: <urlopen error [Errno 111] Connection refused>
g006679: URLError: <urlopen error [Errno 111] Connection refused>
g006434: URLError: <urlopen error [Errno 111] Connection refused>
g006757: URLError: <urlopen error [Errno 111] Connection refused>
g006683: URLError: <urlopen error [Errno 111] Connection refused>
g006438: URLError: <urlopen error [Errno 111] Connection refused>
g006687: URLError: <urlopen error [Errno 111] Connection refused>
g006761: URLError: <urlopen error [Errno 111] Connection refused>
g006691: URLError: <urlopen error [Errno 111] Connection refused>
g006442: URLError: <urlopen error [Errno 111] Connection refused>
g006695: URLError: <urlopen error [Errno 111] Connection refused>
g006765: URLError: <urlopen error [Errno 111] Connection refused>
g006699: URLError: <urlopen error [Errno 111] Connection refused>
g006446: URLError: <urlopen error [Errno 111] Connection refused>
g006703: URLError: <urlopen error [Errno 111] Connection refused>
g006769: URLError: <urlopen error [Errno 111] Connection refused>
g006707: URLError: <urlopen error [Errno 111] Connection refused>
g006450: URLError: <urlopen error [Errno 111] Connection refused>
g006773: URLError: <urlopen error [Errno 111] Connection refused>
g006711: URLError: <urlopen error [Errno 111] Connection refused>
g006454: URLError: <urlopen error [Errno 111] Connection refused>
g006715: URLError: <urlopen error [Errno 111] Connection refused>
g006777: URLError: <urlopen error [Errno 111] Connection refused>
g006458: URLError: <urlopen error [Errno 111] Connection refused>
g006719: URLError: <urlopen error [Errno 111] Connection refused>
g006781: URLError: <urlopen error [Errno 111] Connection refused>
g006723: URLError: <urlopen error [Errno 111] Connection refused>
g006462: URLError: <urlopen error [Errno 111] Connection refused>
g006496: URLError: <urlopen error [Errno 111] Connection refused>
g006727: URLError: <urlopen error [Errno 111] Connection refused>
g006785: URLError: <urlopen error [Errno 111] Connection refused>
g006731: URLError: <urlopen error [Errno 111] Connection refused>
g006466: URLError: <urlopen error [Errno 111] Connection refused>
g006789: URLError: <urlopen error [Errno 111] Connection refused>
g006500: URLError: <urlopen error [Errno 111] Connection refused>
g006735: URLError: <urlopen error [Errno 111] Connection refused>
g006470: URLError: <urlopen error [Errno 111] Connection refused>
g006793: URLError: <urlopen error [Errno 111] Connection refused>
g006504: URLError: <urlopen error [Errno 111] Connection refused>
g006739: URLError: <urlopen error [Errno 111] Connection refused>
g006474: URLError: <urlopen error [Errno 111] Connection refused>
g006797: URLError: <urlopen error [Errno 111] Connection refused>
g006743: URLError: <urlopen error [Errno 111] Connection refused>
g006508: URLError: <urlopen error [Errno 111] Connection refused>
g006478: URLError: <urlopen error [Errno 111] Connection refused>
g006747: URLError: <urlopen error [Errno 111] Connection refused>
g006801: URLError: <urlopen error [Errno 111] Connection refused>
g006751: URLError: <urlopen error [Errno 111] Connection refused>
g006512: URLError: <urlopen error [Errno 111] Connection refused>
g006482: URLError: <urlopen error [Errno 111] Connection refused>
g006805: URLError: <urlopen error [Errno 111] Connection refused>
g006755: URLError: <urlopen error [Errno 111] Connection refused>
g006486: URLError: <urlopen error [Errno 111] Connection refused>
g006516: URLError: <urlopen error [Errno 111] Connection refused>
g006809: URLError: <urlopen error [Errno 111] Connection refused>
g006759: URLError: <urlopen error [Errno 111] Connection refused>
g006490: URLError: <urlopen error [Errno 111] Connection refused>
g006520: URLError: <urlopen error [Errno 111] Connection refused>
g006813: URLError: <urlopen error [Errno 111] Connection refused>
g006763: URLError: <urlopen error [Errno 111] Connection refused>
g006494: URLError: <urlopen error [Errno 111] Connection refused>
g006817: URLError: <urlopen error [Errno 111] Connection refused>
g006767: URLError: <urlopen error [Errno 111] Connection refused>
g006524: URLError: <urlopen error [Errno 111] Connection refused>
g006498: URLError: <urlopen error [Errno 111] Connection refused>
g006771: URLError: <urlopen error [Errno 111] Connection refused>
g006821: URLError: <urlopen error [Errno 111] Connection refused>
g006528: URLError: <urlopen error [Errno 111] Connection refused>
g006775: URLError: <urlopen error [Errno 111] Connection refused>
g006502: URLError: <urlopen error [Errno 111] Connection refused>
g006825: URLError: <urlopen error [Errno 111] Connection refused>
g006532: URLError: <urlopen error [Errno 111] Connection refused>
g006779: URLError: <urlopen error [Errno 111] Connection refused>
g006506: URLError: <urlopen error [Errno 111] Connection refused>
g006829: URLError: <urlopen error [Errno 111] Connection refused>
g006536: URLError: <urlopen error [Errno 111] Connection refused>
g006510: URLError: <urlopen error [Errno 111] Connection refused>
g006833: URLError: <urlopen error [Errno 111] Connection refused>
g006783: URLError: <urlopen error [Errno 111] Connection refused>
g006540: URLError: <urlopen error [Errno 111] Connection refused>
g006514: URLError: <urlopen error [Errno 111] Connection refused>
g006787: URLError: <urlopen error [Errno 111] Connection refused>
g006544: URLError: <urlopen error [Errno 111] Connection refused>
g006518: URLError: <urlopen error [Errno 111] Connection refused>
g006791: URLError: <urlopen error [Errno 111] Connection refused>
g006548: URLError: <urlopen error [Errno 111] Connection refused>
g006522: URLError: <urlopen error [Errno 111] Connection refused>
g006795: URLError: <urlopen error [Errno 111] Connection refused>
g006552: URLError: <urlopen error [Errno 111] Connection refused>
g006526: URLError: <urlopen error [Errno 111] Connection refused>
g006799: URLError: <urlopen error [Errno 111] Connection refused>
g006530: URLError: <urlopen error [Errno 111] Connection refused>
g006556: URLError: <urlopen error [Errno 111] Connection refused>
g006534: URLError: <urlopen error [Errno 111] Connection refused>
g006560: URLError: <urlopen error [Errno 111] Connection refused>
g006564: URLError: <urlopen error [Errno 111] Connection refused>
g006837: URLError: <urlopen error [Errno 111] Connection refused>
g006568: URLError: <urlopen error [Errno 111] Connection refused>
g006803: URLError: <urlopen error [Errno 111] Connection refused>
g006841: URLError: <urlopen error [Errno 111] Connection refused>
g006538: URLError: <urlopen error [Errno 111] Connection refused>
g006572: URLError: <urlopen error [Errno 111] Connection refused>
g006845: URLError: <urlopen error [Errno 111] Connection refused>
g006542: URLError: <urlopen error [Errno 111] Connection refused>
g006807: URLError: <urlopen error [Errno 111] Connection refused>
g006849: URLError: <urlopen error [Errno 111] Connection refused>
g006546: URLError: <urlopen error [Errno 111] Connection refused>
g006811: URLError: <urlopen error [Errno 111] Connection refused>
g006853: URLError: <urlopen error [Errno 111] Connection refused>
g006550: URLError: <urlopen error [Errno 111] Connection refused>
g006815: URLError: <urlopen error [Errno 111] Connection refused>
g006857: URLError: <urlopen error [Errno 111] Connection refused>
g006554: URLError: <urlopen error [Errno 111] Connection refused>
g006819: URLError: <urlopen error [Errno 111] Connection refused>
g006558: URLError: <urlopen error [Errno 111] Connection refused>
g006823: URLError: <urlopen error [Errno 111] Connection refused>
g006576: URLError: <urlopen error [Errno 111] Connection refused>
g006827: URLError: <urlopen error [Errno 111] Connection refused>
g006580: URLError: <urlopen error [Errno 111] Connection refused>
g006831: URLError: <urlopen error [Errno 111] Connection refused>
g006584: URLError: <urlopen error [Errno 111] Connection refused>
g006861: URLError: <urlopen error [Errno 111] Connection refused>
g006588: URLError: <urlopen error [Errno 111] Connection refused>
g006835: URLError: <urlopen error [Errno 111] Connection refused>
g006562: URLError: <urlopen error [Errno 111] Connection refused>
g006592: URLError: <urlopen error [Errno 111] Connection refused>
g006839: URLError: <urlopen error [Errno 111] Connection refused>
g006566: URLError: <urlopen error [Errno 111] Connection refused>
g006865: URLError: <urlopen error [Errno 111] Connection refused>
g006596: URLError: <urlopen error [Errno 111] Connection refused>
g006843: URLError: <urlopen error [Errno 111] Connection refused>
g006600: URLError: <urlopen error [Errno 111] Connection refused>
g006869: URLError: <urlopen error [Errno 111] Connection refused>
g006847: URLError: <urlopen error [Errno 111] Connection refused>
g006604: URLError: <urlopen error [Errno 111] Connection refused>
g006873: URLError: <urlopen error [Errno 111] Connection refused>
g006851: URLError: <urlopen error [Errno 111] Connection refused>
g006608: URLError: <urlopen error [Errno 111] Connection refused>
g006877: URLError: <urlopen error [Errno 111] Connection refused>
g006855: URLError: <urlopen error [Errno 111] Connection refused>
g006612: URLError: <urlopen error [Errno 111] Connection refused>
g006881: URLError: <urlopen error [Errno 111] Connection refused>
g006859: URLError: <urlopen error [Errno 111] Connection refused>
g006616: URLError: <urlopen error [Errno 111] Connection refused>
g006885: URLError: <urlopen error [Errno 111] Connection refused>
g006863: URLError: <urlopen error [Errno 111] Connection refused>
g006620: URLError: <urlopen error [Errno 111] Connection refused>
g006889: URLError: <urlopen error [Errno 111] Connection refused>
g006867: URLError: <urlopen error [Errno 111] Connection refused>
g006624: URLError: <urlopen error [Errno 111] Connection refused>
g006893: URLError: <urlopen error [Errno 111] Connection refused>
g006628: URLError: <urlopen error [Errno 111] Connection refused>
g006871: URLError: <urlopen error [Errno 111] Connection refused>
g006897: URLError: <urlopen error [Errno 111] Connection refused>
g006632: URLError: <urlopen error [Errno 111] Connection refused>
g006875: URLError: <urlopen error [Errno 111] Connection refused>
g006901: URLError: <urlopen error [Errno 111] Connection refused>
g006636: URLError: <urlopen error [Errno 111] Connection refused>
g006879: URLError: <urlopen error [Errno 111] Connection refused>
g006905: URLError: <urlopen error [Errno 111] Connection refused>
g006640: URLError: <urlopen error [Errno 111] Connection refused>
g006883: URLError: <urlopen error [Errno 111] Connection refused>
g006909: URLError: <urlopen error [Errno 111] Connection refused>
g006644: URLError: <urlopen error [Errno 111] Connection refused>
g006887: URLError: <urlopen error [Errno 111] Connection refused>
g006913: URLError: <urlopen error [Errno 111] Connection refused>
g006648: URLError: <urlopen error [Errno 111] Connection refused>
g006891: URLError: <urlopen error [Errno 111] Connection refused>
g006917: URLError: <urlopen error [Errno 111] Connection refused>
g006652: URLError: <urlopen error [Errno 111] Connection refused>
g006895: URLError: <urlopen error [Errno 111] Connection refused>
g006921: URLError: <urlopen error [Errno 111] Connection refused>
g006656: URLError: <urlopen error [Errno 111] Connection refused>
g006899: URLError: <urlopen error [Errno 111] Connection refused>
g006660: URLError: <urlopen error [Errno 111] Connection refused>
g006570: URLError: <urlopen error [Errno 111] Connection refused>
g006903: URLError: <urlopen error [Errno 111] Connection refused>
g006664: URLError: <urlopen error [Errno 111] Connection refused>
g006574: URLError: <urlopen error [Errno 111] Connection refused>
g006907: URLError: <urlopen error [Errno 111] Connection refused>
g006668: URLError: <urlopen error [Errno 111] Connection refused>
g006578: URLError: <urlopen error [Errno 111] Connection refused>
g006911: URLError: <urlopen error [Errno 111] Connection refused>
g006672: URLError: <urlopen error [Errno 111] Connection refused>
g006582: URLError: <urlopen error [Errno 111] Connection refused>
g006915: URLError: <urlopen error [Errno 111] Connection refused>
g006676: URLError: <urlopen error [Errno 111] Connection refused>
g006586: URLError: <urlopen error [Errno 111] Connection refused>
g006919: URLError: <urlopen error [Errno 111] Connection refused>
g006680: URLError: <urlopen error [Errno 111] Connection refused>
g006590: URLError: <urlopen error [Errno 111] Connection refused>
g006923: URLError: <urlopen error [Errno 111] Connection refused>
g006684: URLError: <urlopen error [Errno 111] Connection refused>
g006594: URLError: <urlopen error [Errno 111] Connection refused>
g006927: URLError: <urlopen error [Errno 111] Connection refused>
g006688: URLError: <urlopen error [Errno 111] Connection refused>
g006598: URLError: <urlopen error [Errno 111] Connection refused>
g006931: URLError: <urlopen error [Errno 111] Connection refused>
g006692: URLError: <urlopen error [Errno 111] Connection refused>
g006602: URLError: <urlopen error [Errno 111] Connection refused>
g006935: URLError: <urlopen error [Errno 111] Connection refused>
g006696: URLError: <urlopen error [Errno 111] Connection refused>
g006606: URLError: <urlopen error [Errno 111] Connection refused>
g006939: URLError: <urlopen error [Errno 111] Connection refused>
g006700: URLError: <urlopen error [Errno 111] Connection refused>
g006925: URLError: <urlopen error [Errno 111] Connection refused>
g006943: URLError: <urlopen error [Errno 111] Connection refused>
g006610: URLError: <urlopen error [Errno 111] Connection refused>
g006704: URLError: <urlopen error [Errno 111] Connection refused>
g006947: URLError: <urlopen error [Errno 111] Connection refused>
g006929: URLError: <urlopen error [Errno 111] Connection refused>
g006614: URLError: <urlopen error [Errno 111] Connection refused>
g006708: URLError: <urlopen error [Errno 111] Connection refused>
g006951: URLError: <urlopen error [Errno 111] Connection refused>
g006933: URLError: <urlopen error [Errno 111] Connection refused>
g006618: URLError: <urlopen error [Errno 111] Connection refused>
g006712: URLError: <urlopen error [Errno 111] Connection refused>
g006955: URLError: <urlopen error [Errno 111] Connection refused>
g006937: URLError: <urlopen error [Errno 111] Connection refused>
g006622: URLError: <urlopen error [Errno 111] Connection refused>
g006716: URLError: <urlopen error [Errno 111] Connection refused>
g006959: URLError: <urlopen error [Errno 111] Connection refused>
g006720: URLError: <urlopen error [Errno 111] Connection refused>
g006626: URLError: <urlopen error [Errno 111] Connection refused>
g006941: URLError: <urlopen error [Errno 111] Connection refused>
g006724: URLError: <urlopen error [Errno 111] Connection refused>
g006945: URLError: <urlopen error [Errno 111] Connection refused>
g006630: URLError: <urlopen error [Errno 111] Connection refused>
g006963: URLError: <urlopen error [Errno 111] Connection refused>
g006728: URLError: <urlopen error [Errno 111] Connection refused>
g006634: URLError: <urlopen error [Errno 111] Connection refused>
g006967: URLError: <urlopen error [Errno 111] Connection refused>
g006949: URLError: <urlopen error [Errno 111] Connection refused>
g006638: URLError: <urlopen error [Errno 111] Connection refused>
g006732: URLError: <urlopen error [Errno 111] Connection refused>
g006971: URLError: <urlopen error [Errno 111] Connection refused>
g006953: URLError: <urlopen error [Errno 111] Connection refused>
g006642: URLError: <urlopen error [Errno 111] Connection refused>
g006975: URLError: <urlopen error [Errno 111] Connection refused>
g006736: URLError: <urlopen error [Errno 111] Connection refused>
g006957: URLError: <urlopen error [Errno 111] Connection refused>
g006979: URLError: <urlopen error [Errno 111] Connection refused>
g006740: URLError: <urlopen error [Errno 111] Connection refused>
g006646: URLError: <urlopen error [Errno 111] Connection refused>
g006961: URLError: <urlopen error [Errno 111] Connection refused>
g006744: URLError: <urlopen error [Errno 111] Connection refused>
g006965: URLError: <urlopen error [Errno 111] Connection refused>
g006650: URLError: <urlopen error [Errno 111] Connection refused>
g006983: URLError: <urlopen error [Errno 111] Connection refused>
g006748: URLError: <urlopen error [Errno 111] Connection refused>
g006969: URLError: <urlopen error [Errno 111] Connection refused>
g006987: URLError: <urlopen error [Errno 111] Connection refused>
g006654: URLError: <urlopen error [Errno 111] Connection refused>
g006752: URLError: <urlopen error [Errno 111] Connection refused>
g006991: URLError: <urlopen error [Errno 111] Connection refused>
g006973: URLError: <urlopen error [Errno 111] Connection refused>
g006658: URLError: <urlopen error [Errno 111] Connection refused>
g006756: URLError: <urlopen error [Errno 111] Connection refused>
g006995: URLError: <urlopen error [Errno 111] Connection refused>
g006662: URLError: <urlopen error [Errno 111] Connection refused>
g006977: URLError: <urlopen error [Errno 111] Connection refused>
g006760: URLError: <urlopen error [Errno 111] Connection refused>
g006999: URLError: <urlopen error [Errno 111] Connection refused>
g006981: URLError: <urlopen error [Errno 111] Connection refused>
g006666: URLError: <urlopen error [Errno 111] Connection refused>
g006764: URLError: <urlopen error [Errno 111] Connection refused>
g006985: URLError: <urlopen error [Errno 111] Connection refused>
g006670: URLError: <urlopen error [Errno 111] Connection refused>
g007003: URLError: <urlopen error [Errno 111] Connection refused>
g007007: URLError: <urlopen error [Errno 111] Connection refused>
g006989: URLError: <urlopen error [Errno 111] Connection refused>
g006674: URLError: <urlopen error [Errno 111] Connection refused>
g006768: URLError: <urlopen error [Errno 111] Connection refused>
g006993: URLError: <urlopen error [Errno 111] Connection refused>
g006772: URLError: <urlopen error [Errno 111] Connection refused>
g007011: URLError: <urlopen error [Errno 111] Connection refused>
g006678: URLError: <urlopen error [Errno 111] Connection refused>
g007015: URLError: <urlopen error [Errno 111] Connection refused>
g006682: URLError: <urlopen error [Errno 111] Connection refused>
g006776: URLError: <urlopen error [Errno 111] Connection refused>
g006997: URLError: <urlopen error [Errno 111] Connection refused>
g007019: URLError: <urlopen error [Errno 111] Connection refused>
g007001: URLError: <urlopen error [Errno 111] Connection refused>
g006780: URLError: <urlopen error [Errno 111] Connection refused>
g006686: URLError: <urlopen error [Errno 111] Connection refused>
g007023: URLError: <urlopen error [Errno 111] Connection refused>
g006690: URLError: <urlopen error [Errno 111] Connection refused>
g006784: URLError: <urlopen error [Errno 111] Connection refused>
g007005: URLError: <urlopen error [Errno 111] Connection refused>
g007027: URLError: <urlopen error [Errno 111] Connection refused>
g006788: URLError: <urlopen error [Errno 111] Connection refused>
g006694: URLError: <urlopen error [Errno 111] Connection refused>
g007009: URLError: <urlopen error [Errno 111] Connection refused>
g007013: URLError: <urlopen error [Errno 111] Connection refused>
g006792: URLError: <urlopen error [Errno 111] Connection refused>
g006698: URLError: <urlopen error [Errno 111] Connection refused>
g007031: URLError: <urlopen error [Errno 111] Connection refused>
g006796: URLError: <urlopen error [Errno 111] Connection refused>
g007017: URLError: <urlopen error [Errno 111] Connection refused>
g006702: URLError: <urlopen error [Errno 111] Connection refused>
g007035: URLError: <urlopen error [Errno 111] Connection refused>
g006706: URLError: <urlopen error [Errno 111] Connection refused>
g006800: URLError: <urlopen error [Errno 111] Connection refused>
g007021: URLError: <urlopen error [Errno 111] Connection refused>
g007039: URLError: <urlopen error [Errno 111] Connection refused>
g006804: URLError: <urlopen error [Errno 111] Connection refused>
g006710: URLError: <urlopen error [Errno 111] Connection refused>
g007025: URLError: <urlopen error [Errno 111] Connection refused>
g007043: URLError: <urlopen error [Errno 111] Connection refused>
g006808: URLError: <urlopen error [Errno 111] Connection refused>
g006714: URLError: <urlopen error [Errno 111] Connection refused>
g007029: URLError: <urlopen error [Errno 111] Connection refused>
g007047: URLError: <urlopen error [Errno 111] Connection refused>
g006718: URLError: <urlopen error [Errno 111] Connection refused>
g006812: URLError: <urlopen error [Errno 111] Connection refused>
g007033: URLError: <urlopen error [Errno 111] Connection refused>
g007051: URLError: <urlopen error [Errno 111] Connection refused>
g006722: URLError: <urlopen error [Errno 111] Connection refused>
g006816: URLError: <urlopen error [Errno 111] Connection refused>
g007037: URLError: <urlopen error [Errno 111] Connection refused>
g007055: URLError: <urlopen error [Errno 111] Connection refused>
g006820: URLError: <urlopen error [Errno 111] Connection refused>
g006726: URLError: <urlopen error [Errno 111] Connection refused>
g007041: URLError: <urlopen error [Errno 111] Connection refused>
g007059: URLError: <urlopen error [Errno 111] Connection refused>
g006824: URLError: <urlopen error [Errno 111] Connection refused>
g006730: URLError: <urlopen error [Errno 111] Connection refused>
g007045: URLError: <urlopen error [Errno 111] Connection refused>
g007063: URLError: <urlopen error [Errno 111] Connection refused>
g006734: URLError: <urlopen error [Errno 111] Connection refused>
g007049: URLError: <urlopen error [Errno 111] Connection refused>
g006828: URLError: <urlopen error [Errno 111] Connection refused>
g007067: URLError: <urlopen error [Errno 111] Connection refused>
g007053: URLError: <urlopen error [Errno 111] Connection refused>
g006738: URLError: <urlopen error [Errno 111] Connection refused>
g006832: URLError: <urlopen error [Errno 111] Connection refused>
g007071: URLError: <urlopen error [Errno 111] Connection refused>
g007057: URLError: <urlopen error [Errno 111] Connection refused>
g006742: URLError: <urlopen error [Errno 111] Connection refused>
g006836: URLError: <urlopen error [Errno 111] Connection refused>
g007075: URLError: <urlopen error [Errno 111] Connection refused>
g007061: URLError: <urlopen error [Errno 111] Connection refused>
g006746: URLError: <urlopen error [Errno 111] Connection refused>
g006840: URLError: <urlopen error [Errno 111] Connection refused>
g007079: URLError: <urlopen error [Errno 111] Connection refused>
g006750: URLError: <urlopen error [Errno 111] Connection refused>
g007065: URLError: <urlopen error [Errno 111] Connection refused>
g006844: URLError: <urlopen error [Errno 111] Connection refused>
g006754: URLError: <urlopen error [Errno 111] Connection refused>
g007069: URLError: <urlopen error [Errno 111] Connection refused>
g007083: URLError: <urlopen error [Errno 111] Connection refused>
g006848: URLError: <urlopen error [Errno 111] Connection refused>
g007073: URLError: <urlopen error [Errno 111] Connection refused>
g006758: URLError: <urlopen error [Errno 111] Connection refused>
g007087: URLError: <urlopen error [Errno 111] Connection refused>
g006852: URLError: <urlopen error [Errno 111] Connection refused>
g006762: URLError: <urlopen error [Errno 111] Connection refused>
g007077: URLError: <urlopen error [Errno 111] Connection refused>
g006856: URLError: <urlopen error [Errno 111] Connection refused>
g007091: URLError: <urlopen error [Errno 111] Connection refused>
g007081: URLError: <urlopen error [Errno 111] Connection refused>
g006860: URLError: <urlopen error [Errno 111] Connection refused>
g006766: URLError: <urlopen error [Errno 111] Connection refused>
g007095: URLError: <urlopen error [Errno 111] Connection refused>
g006864: URLError: <urlopen error [Errno 111] Connection refused>
g007085: URLError: <urlopen error [Errno 111] Connection refused>
g006770: URLError: <urlopen error [Errno 111] Connection refused>
g007099: URLError: <urlopen error [Errno 111] Connection refused>
g006868: URLError: <urlopen error [Errno 111] Connection refused>
g006774: URLError: <urlopen error [Errno 111] Connection refused>
g007089: URLError: <urlopen error [Errno 111] Connection refused>
g007103: URLError: <urlopen error [Errno 111] Connection refused>
g006778: URLError: <urlopen error [Errno 111] Connection refused>
g006872: URLError: <urlopen error [Errno 111] Connection refused>
g007093: URLError: <urlopen error [Errno 111] Connection refused>
g007107: URLError: <urlopen error [Errno 111] Connection refused>
g006782: URLError: <urlopen error [Errno 111] Connection refused>
g007111: URLError: <urlopen error [Errno 111] Connection refused>
g006876: URLError: <urlopen error [Errno 111] Connection refused>
g007097: URLError: <urlopen error [Errno 111] Connection refused>
g006880: URLError: <urlopen error [Errno 111] Connection refused>
g007101: URLError: <urlopen error [Errno 111] Connection refused>
g006786: URLError: <urlopen error [Errno 111] Connection refused>
g007115: URLError: <urlopen error [Errno 111] Connection refused>
g006884: URLError: <urlopen error [Errno 111] Connection refused>
g006790: URLError: <urlopen error [Errno 111] Connection refused>
g007119: URLError: <urlopen error [Errno 111] Connection refused>
g007123: URLError: <urlopen error [Errno 111] Connection refused>
g006794: URLError: <urlopen error [Errno 111] Connection refused>
g006798: URLError: <urlopen error [Errno 111] Connection refused>
g007127: URLError: <urlopen error [Errno 111] Connection refused>
g006802: URLError: <urlopen error [Errno 111] Connection refused>
g007131: URLError: <urlopen error [Errno 111] Connection refused>
g006806: URLError: <urlopen error [Errno 111] Connection refused>
g007135: URLError: <urlopen error [Errno 111] Connection refused>
g006810: URLError: <urlopen error [Errno 111] Connection refused>
g007139: URLError: <urlopen error [Errno 111] Connection refused>
g007105: URLError: <urlopen error [Errno 111] Connection refused>
g006814: URLError: <urlopen error [Errno 111] Connection refused>
g007143: URLError: <urlopen error [Errno 111] Connection refused>
g006888: URLError: <urlopen error [Errno 111] Connection refused>
g007109: URLError: <urlopen error [Errno 111] Connection refused>
g006818: URLError: <urlopen error [Errno 111] Connection refused>
g007147: URLError: <urlopen error [Errno 111] Connection refused>
g006892: URLError: <urlopen error [Errno 111] Connection refused>
g006822: URLError: <urlopen error [Errno 111] Connection refused>
g007151: URLError: <urlopen error [Errno 111] Connection refused>
g006896: URLError: <urlopen error [Errno 111] Connection refused>
g006826: URLError: <urlopen error [Errno 111] Connection refused>
g007155: URLError: <urlopen error [Errno 111] Connection refused>
g006900: URLError: <urlopen error [Errno 111] Connection refused>
g006830: URLError: <urlopen error [Errno 111] Connection refused>
g007159: URLError: <urlopen error [Errno 111] Connection refused>
g006904: URLError: <urlopen error [Errno 111] Connection refused>
g006834: URLError: <urlopen error [Errno 111] Connection refused>
g007163: URLError: <urlopen error [Errno 111] Connection refused>
g006908: URLError: <urlopen error [Errno 111] Connection refused>
g006838: URLError: <urlopen error [Errno 111] Connection refused>
g006912: URLError: <urlopen error [Errno 111] Connection refused>
g007167: URLError: <urlopen error [Errno 111] Connection refused>
g006842: URLError: <urlopen error [Errno 111] Connection refused>
g006916: URLError: <urlopen error [Errno 111] Connection refused>
g007113: URLError: <urlopen error [Errno 111] Connection refused>
g007171: URLError: <urlopen error [Errno 111] Connection refused>
g006846: URLError: <urlopen error [Errno 111] Connection refused>
g006920: URLError: <urlopen error [Errno 111] Connection refused>
g007117: URLError: <urlopen error [Errno 111] Connection refused>
g007175: URLError: <urlopen error [Errno 111] Connection refused>
g006850: URLError: <urlopen error [Errno 111] Connection refused>
g006924: URLError: <urlopen error [Errno 111] Connection refused>
g007121: URLError: <urlopen error [Errno 111] Connection refused>
g007179: URLError: <urlopen error [Errno 111] Connection refused>
g006854: URLError: <urlopen error [Errno 111] Connection refused>
g006928: URLError: <urlopen error [Errno 111] Connection refused>
g007125: URLError: <urlopen error [Errno 111] Connection refused>
g007183: URLError: <urlopen error [Errno 111] Connection refused>
g006858: URLError: <urlopen error [Errno 111] Connection refused>
g006932: URLError: <urlopen error [Errno 111] Connection refused>
g007129: URLError: <urlopen error [Errno 111] Connection refused>
g006862: URLError: <urlopen error [Errno 111] Connection refused>
g007187: URLError: <urlopen error [Errno 111] Connection refused>
g006936: URLError: <urlopen error [Errno 111] Connection refused>
g007133: URLError: <urlopen error [Errno 111] Connection refused>
g006866: URLError: <urlopen error [Errno 111] Connection refused>
g007191: URLError: <urlopen error [Errno 111] Connection refused>
g006940: URLError: <urlopen error [Errno 111] Connection refused>
g007137: URLError: <urlopen error [Errno 111] Connection refused>
g007195: URLError: <urlopen error [Errno 111] Connection refused>
g006944: URLError: <urlopen error [Errno 111] Connection refused>
g007141: URLError: <urlopen error [Errno 111] Connection refused>
g006870: URLError: <urlopen error [Errno 111] Connection refused>
g006948: URLError: <urlopen error [Errno 111] Connection refused>
g007199: URLError: <urlopen error [Errno 111] Connection refused>
g006952: URLError: <urlopen error [Errno 111] Connection refused>
g007203: URLError: <urlopen error [Errno 111] Connection refused>
g006956: URLError: <urlopen error [Errno 111] Connection refused>
g006874: URLError: <urlopen error [Errno 111] Connection refused>
g006960: URLError: <urlopen error [Errno 111] Connection refused>
g006878: URLError: <urlopen error [Errno 111] Connection refused>
g006964: URLError: <urlopen error [Errno 111] Connection refused>
g006968: URLError: <urlopen error [Errno 111] Connection refused>
g007145: URLError: <urlopen error [Errno 111] Connection refused>
g007149: URLError: <urlopen error [Errno 111] Connection refused>
g006882: URLError: <urlopen error [Errno 111] Connection refused>
g007207: URLError: <urlopen error [Errno 111] Connection refused>
g007211: URLError: <urlopen error [Errno 111] Connection refused>
g006972: URLError: <urlopen error [Errno 111] Connection refused>
g007153: URLError: <urlopen error [Errno 111] Connection refused>
g006976: URLError: <urlopen error [Errno 111] Connection refused>
g006886: URLError: <urlopen error [Errno 111] Connection refused>
g007215: URLError: <urlopen error [Errno 111] Connection refused>
g006980: URLError: <urlopen error [Errno 111] Connection refused>
g007157: URLError: <urlopen error [Errno 111] Connection refused>
g006890: URLError: <urlopen error [Errno 111] Connection refused>
g007219: URLError: <urlopen error [Errno 111] Connection refused>
g006984: URLError: <urlopen error [Errno 111] Connection refused>
g006894: URLError: <urlopen error [Errno 111] Connection refused>
g007223: URLError: <urlopen error [Errno 111] Connection refused>
g006898: URLError: <urlopen error [Errno 111] Connection refused>
g006988: URLError: <urlopen error [Errno 111] Connection refused>
g007227: URLError: <urlopen error [Errno 111] Connection refused>
g006902: URLError: <urlopen error [Errno 111] Connection refused>
g006992: URLError: <urlopen error [Errno 111] Connection refused>
g007231: URLError: <urlopen error [Errno 111] Connection refused>
g006996: URLError: <urlopen error [Errno 111] Connection refused>
g006906: URLError: <urlopen error [Errno 111] Connection refused>
g007235: URLError: <urlopen error [Errno 111] Connection refused>
g007000: URLError: <urlopen error [Errno 111] Connection refused>
g006910: URLError: <urlopen error [Errno 111] Connection refused>
g007239: URLError: <urlopen error [Errno 111] Connection refused>
g007161: URLError: <urlopen error [Errno 111] Connection refused>
g007004: URLError: <urlopen error [Errno 111] Connection refused>
g006914: URLError: <urlopen error [Errno 111] Connection refused>
g007243: URLError: <urlopen error [Errno 111] Connection refused>
g007008: URLError: <urlopen error [Errno 111] Connection refused>
g006918: URLError: <urlopen error [Errno 111] Connection refused>
g007165: URLError: <urlopen error [Errno 111] Connection refused>
g007247: URLError: <urlopen error [Errno 111] Connection refused>
g007012: URLError: <urlopen error [Errno 111] Connection refused>
g007169: URLError: <urlopen error [Errno 111] Connection refused>
g007251: URLError: <urlopen error [Errno 111] Connection refused>
g007016: URLError: <urlopen error [Errno 111] Connection refused>
g006922: URLError: <urlopen error [Errno 111] Connection refused>
g007173: URLError: <urlopen error [Errno 111] Connection refused>
g007020: URLError: <urlopen error [Errno 111] Connection refused>
g007255: URLError: <urlopen error [Errno 111] Connection refused>
g007177: URLError: <urlopen error [Errno 111] Connection refused>
g007024: URLError: <urlopen error [Errno 111] Connection refused>
g007259: URLError: <urlopen error [Errno 111] Connection refused>
g006926: URLError: <urlopen error [Errno 111] Connection refused>
g007028: URLError: <urlopen error [Errno 111] Connection refused>
g007263: URLError: <urlopen error [Errno 111] Connection refused>
g006930: URLError: <urlopen error [Errno 111] Connection refused>
g007181: URLError: <urlopen error [Errno 111] Connection refused>
g007032: URLError: <urlopen error [Errno 111] Connection refused>
g006934: URLError: <urlopen error [Errno 111] Connection refused>
g007267: URLError: <urlopen error [Errno 111] Connection refused>
g007185: URLError: <urlopen error [Errno 111] Connection refused>
g007036: URLError: <urlopen error [Errno 111] Connection refused>
g006938: URLError: <urlopen error [Errno 111] Connection refused>
g007271: URLError: <urlopen error [Errno 111] Connection refused>
g007040: URLError: <urlopen error [Errno 111] Connection refused>
g006942: URLError: <urlopen error [Errno 111] Connection refused>
g007275: URLError: <urlopen error [Errno 111] Connection refused>
g007189: URLError: <urlopen error [Errno 111] Connection refused>
g007044: URLError: <urlopen error [Errno 111] Connection refused>
g006946: URLError: <urlopen error [Errno 111] Connection refused>
g007279: URLError: <urlopen error [Errno 111] Connection refused>
g007048: URLError: <urlopen error [Errno 111] Connection refused>
g006950: URLError: <urlopen error [Errno 111] Connection refused>
g007283: URLError: <urlopen error [Errno 111] Connection refused>
g007052: URLError: <urlopen error [Errno 111] Connection refused>
g006954: URLError: <urlopen error [Errno 111] Connection refused>
g007287: URLError: <urlopen error [Errno 111] Connection refused>
g007056: URLError: <urlopen error [Errno 111] Connection refused>
g006958: URLError: <urlopen error [Errno 111] Connection refused>
g007291: URLError: <urlopen error [Errno 111] Connection refused>
g007060: URLError: <urlopen error [Errno 111] Connection refused>
g006962: URLError: <urlopen error [Errno 111] Connection refused>
g007064: URLError: <urlopen error [Errno 111] Connection refused>
g007295: URLError: <urlopen error [Errno 111] Connection refused>
g007193: URLError: <urlopen error [Errno 111] Connection refused>
g006966: URLError: <urlopen error [Errno 111] Connection refused>
g007068: URLError: <urlopen error [Errno 111] Connection refused>
g007299: URLError: <urlopen error [Errno 111] Connection refused>
g007197: URLError: <urlopen error [Errno 111] Connection refused>
g006970: URLError: <urlopen error [Errno 111] Connection refused>
g007072: URLError: <urlopen error [Errno 111] Connection refused>
g007303: URLError: <urlopen error [Errno 111] Connection refused>
g006974: URLError: <urlopen error [Errno 111] Connection refused>
g007201: URLError: <urlopen error [Errno 111] Connection refused>
g007076: URLError: <urlopen error [Errno 111] Connection refused>
g007307: URLError: <urlopen error [Errno 111] Connection refused>
g006978: URLError: <urlopen error [Errno 111] Connection refused>
g007205: URLError: <urlopen error [Errno 111] Connection refused>
g007080: URLError: <urlopen error [Errno 111] Connection refused>
g007311: URLError: <urlopen error [Errno 111] Connection refused>
g006982: URLError: <urlopen error [Errno 111] Connection refused>
g007209: URLError: <urlopen error [Errno 111] Connection refused>
g007084: URLError: <urlopen error [Errno 111] Connection refused>
g007315: URLError: <urlopen error [Errno 111] Connection refused>
g006986: URLError: <urlopen error [Errno 111] Connection refused>
g007213: URLError: <urlopen error [Errno 111] Connection refused>
g007088: URLError: <urlopen error [Errno 111] Connection refused>
g007217: URLError: <urlopen error [Errno 111] Connection refused>
g007319: URLError: <urlopen error [Errno 111] Connection refused>
g006990: URLError: <urlopen error [Errno 111] Connection refused>
g007221: URLError: <urlopen error [Errno 111] Connection refused>
g007092: URLError: <urlopen error [Errno 111] Connection refused>
g007323: URLError: <urlopen error [Errno 111] Connection refused>
g006994: URLError: <urlopen error [Errno 111] Connection refused>
g007225: URLError: <urlopen error [Errno 111] Connection refused>
g007096: URLError: <urlopen error [Errno 111] Connection refused>
g007229: URLError: <urlopen error [Errno 111] Connection refused>
g006998: URLError: <urlopen error [Errno 111] Connection refused>
g007327: URLError: <urlopen error [Errno 111] Connection refused>
g007100: URLError: <urlopen error [Errno 111] Connection refused>
g007233: URLError: <urlopen error [Errno 111] Connection refused>
g007002: URLError: <urlopen error [Errno 111] Connection refused>
g007331: URLError: <urlopen error [Errno 111] Connection refused>
g007104: URLError: <urlopen error [Errno 111] Connection refused>
g007237: URLError: <urlopen error [Errno 111] Connection refused>
g007006: URLError: <urlopen error [Errno 111] Connection refused>
g007335: URLError: <urlopen error [Errno 111] Connection refused>
g007108: URLError: <urlopen error [Errno 111] Connection refused>
g007241: URLError: <urlopen error [Errno 111] Connection refused>
g007339: URLError: <urlopen error [Errno 111] Connection refused>
g007112: URLError: <urlopen error [Errno 111] Connection refused>
g007245: URLError: <urlopen error [Errno 111] Connection refused>
g007249: URLError: <urlopen error [Errno 111] Connection refused>
g007116: URLError: <urlopen error [Errno 111] Connection refused>
g007253: URLError: <urlopen error [Errno 111] Connection refused>
g007120: URLError: <urlopen error [Errno 111] Connection refused>
g007257: URLError: <urlopen error [Errno 111] Connection refused>
g007124: URLError: <urlopen error [Errno 111] Connection refused>
g007261: URLError: <urlopen error [Errno 111] Connection refused>
g007265: URLError: <urlopen error [Errno 111] Connection refused>
g007128: URLError: <urlopen error [Errno 111] Connection refused>
g007269: URLError: <urlopen error [Errno 111] Connection refused>
g007273: URLError: <urlopen error [Errno 111] Connection refused>
g007132: URLError: <urlopen error [Errno 111] Connection refused>
g007277: URLError: <urlopen error [Errno 111] Connection refused>
g007136: URLError: <urlopen error [Errno 111] Connection refused>
g007010: URLError: <urlopen error [Errno 111] Connection refused>
g007281: URLError: <urlopen error [Errno 111] Connection refused>
g007140: URLError: <urlopen error [Errno 111] Connection refused>
g007285: URLError: <urlopen error [Errno 111] Connection refused>
g007343: URLError: <urlopen error [Errno 111] Connection refused>
g007144: URLError: <urlopen error [Errno 111] Connection refused>
g007289: URLError: <urlopen error [Errno 111] Connection refused>
g007347: URLError: <urlopen error [Errno 111] Connection refused>
g007148: URLError: <urlopen error [Errno 111] Connection refused>
g007293: URLError: <urlopen error [Errno 111] Connection refused>
g007351: URLError: <urlopen error [Errno 111] Connection refused>
g007297: URLError: <urlopen error [Errno 111] Connection refused>
g007152: URLError: <urlopen error [Errno 111] Connection refused>
g007355: URLError: <urlopen error [Errno 111] Connection refused>
g007301: URLError: <urlopen error [Errno 111] Connection refused>
g007156: URLError: <urlopen error [Errno 111] Connection refused>
g007305: URLError: <urlopen error [Errno 111] Connection refused>
g007359: URLError: <urlopen error [Errno 111] Connection refused>
g007309: URLError: <urlopen error [Errno 111] Connection refused>
g007160: URLError: <urlopen error [Errno 111] Connection refused>
g007313: URLError: <urlopen error [Errno 111] Connection refused>
g007363: URLError: <urlopen error [Errno 111] Connection refused>
g007164: URLError: <urlopen error [Errno 111] Connection refused>
g007317: URLError: <urlopen error [Errno 111] Connection refused>
g007367: URLError: <urlopen error [Errno 111] Connection refused>
g007321: URLError: <urlopen error [Errno 111] Connection refused>
g007168: URLError: <urlopen error [Errno 111] Connection refused>
g007325: URLError: <urlopen error [Errno 111] Connection refused>
g007371: URLError: <urlopen error [Errno 111] Connection refused>
g007172: URLError: <urlopen error [Errno 111] Connection refused>
g007329: URLError: <urlopen error [Errno 111] Connection refused>
g007375: URLError: <urlopen error [Errno 111] Connection refused>
g007333: URLError: <urlopen error [Errno 111] Connection refused>
g007176: URLError: <urlopen error [Errno 111] Connection refused>
g007379: URLError: <urlopen error [Errno 111] Connection refused>
g007337: URLError: <urlopen error [Errno 111] Connection refused>
g007180: URLError: <urlopen error [Errno 111] Connection refused>
g007383: URLError: <urlopen error [Errno 111] Connection refused>
g007184: URLError: <urlopen error [Errno 111] Connection refused>
g007341: URLError: <urlopen error [Errno 111] Connection refused>
g007387: URLError: <urlopen error [Errno 111] Connection refused>
g007345: URLError: <urlopen error [Errno 111] Connection refused>
g007188: URLError: <urlopen error [Errno 111] Connection refused>
g007349: URLError: <urlopen error [Errno 111] Connection refused>
g007391: URLError: <urlopen error [Errno 111] Connection refused>
g007353: URLError: <urlopen error [Errno 111] Connection refused>
g007192: URLError: <urlopen error [Errno 111] Connection refused>
g007357: URLError: <urlopen error [Errno 111] Connection refused>
g007395: URLError: <urlopen error [Errno 111] Connection refused>
g007196: URLError: <urlopen error [Errno 111] Connection refused>
g007361: URLError: <urlopen error [Errno 111] Connection refused>
g007399: URLError: <urlopen error [Errno 111] Connection refused>
g007200: URLError: <urlopen error [Errno 111] Connection refused>
g007403: URLError: <urlopen error [Errno 111] Connection refused>
g007204: URLError: <urlopen error [Errno 111] Connection refused>
g007407: URLError: <urlopen error [Errno 111] Connection refused>
g007208: URLError: <urlopen error [Errno 111] Connection refused>
g007411: URLError: <urlopen error [Errno 111] Connection refused>
g007212: URLError: <urlopen error [Errno 111] Connection refused>
g007365: URLError: <urlopen error [Errno 111] Connection refused>
g007415: URLError: <urlopen error [Errno 111] Connection refused>
g007216: URLError: <urlopen error [Errno 111] Connection refused>
g007369: URLError: <urlopen error [Errno 111] Connection refused>
g007373: URLError: <urlopen error [Errno 111] Connection refused>
g007419: URLError: <urlopen error [Errno 111] Connection refused>
g007220: URLError: <urlopen error [Errno 111] Connection refused>
g007377: URLError: <urlopen error [Errno 111] Connection refused>
g007423: URLError: <urlopen error [Errno 111] Connection refused>
g007224: URLError: <urlopen error [Errno 111] Connection refused>
g007381: URLError: <urlopen error [Errno 111] Connection refused>
g007385: URLError: <urlopen error [Errno 111] Connection refused>
g007427: URLError: <urlopen error [Errno 111] Connection refused>
g007228: URLError: <urlopen error [Errno 111] Connection refused>
g007389: URLError: <urlopen error [Errno 111] Connection refused>
g007431: URLError: <urlopen error [Errno 111] Connection refused>
g007232: URLError: <urlopen error [Errno 111] Connection refused>
g007393: URLError: <urlopen error [Errno 111] Connection refused>
g007397: URLError: <urlopen error [Errno 111] Connection refused>
g007435: URLError: <urlopen error [Errno 111] Connection refused>
g007236: URLError: <urlopen error [Errno 111] Connection refused>
g007401: URLError: <urlopen error [Errno 111] Connection refused>
g007405: URLError: <urlopen error [Errno 111] Connection refused>
g007439: URLError: <urlopen error [Errno 111] Connection refused>
g007240: URLError: <urlopen error [Errno 111] Connection refused>
g007409: URLError: <urlopen error [Errno 111] Connection refused>
g007244: URLError: <urlopen error [Errno 111] Connection refused>
g007413: URLError: <urlopen error [Errno 111] Connection refused>
g007443: URLError: <urlopen error [Errno 111] Connection refused>
g007417: URLError: <urlopen error [Errno 111] Connection refused>
g007248: URLError: <urlopen error [Errno 111] Connection refused>
g007447: URLError: <urlopen error [Errno 111] Connection refused>
g007421: URLError: <urlopen error [Errno 111] Connection refused>
g007425: URLError: <urlopen error [Errno 111] Connection refused>
g007252: URLError: <urlopen error [Errno 111] Connection refused>
g007451: URLError: <urlopen error [Errno 111] Connection refused>
g007429: URLError: <urlopen error [Errno 111] Connection refused>
g007014: URLError: <urlopen error [Errno 111] Connection refused>
g007256: URLError: <urlopen error [Errno 111] Connection refused>
g007455: URLError: <urlopen error [Errno 111] Connection refused>
g007433: URLError: <urlopen error [Errno 111] Connection refused>
g007437: URLError: <urlopen error [Errno 111] Connection refused>
g007459: URLError: <urlopen error [Errno 111] Connection refused>
g007018: URLError: <urlopen error [Errno 111] Connection refused>
g007260: URLError: <urlopen error [Errno 111] Connection refused>
g007441: URLError: <urlopen error [Errno 111] Connection refused>
g007445: URLError: <urlopen error [Errno 111] Connection refused>
g007463: URLError: <urlopen error [Errno 111] Connection refused>
g007264: URLError: <urlopen error [Errno 111] Connection refused>
g007022: URLError: <urlopen error [Errno 111] Connection refused>
g007467: URLError: <urlopen error [Errno 111] Connection refused>
g007268: URLError: <urlopen error [Errno 111] Connection refused>
g007026: URLError: <urlopen error [Errno 111] Connection refused>
g007471: URLError: <urlopen error [Errno 111] Connection refused>
g007449: URLError: <urlopen error [Errno 111] Connection refused>
g007272: URLError: <urlopen error [Errno 111] Connection refused>
g007030: URLError: <urlopen error [Errno 111] Connection refused>
g007475: URLError: <urlopen error [Errno 111] Connection refused>
g007276: URLError: <urlopen error [Errno 111] Connection refused>
g007034: URLError: <urlopen error [Errno 111] Connection refused>
g007479: URLError: <urlopen error [Errno 111] Connection refused>
g007453: URLError: <urlopen error [Errno 111] Connection refused>
g007280: URLError: <urlopen error [Errno 111] Connection refused>
g007483: URLError: <urlopen error [Errno 111] Connection refused>
g007038: URLError: <urlopen error [Errno 111] Connection refused>
g007284: URLError: <urlopen error [Errno 111] Connection refused>
g007457: URLError: <urlopen error [Errno 111] Connection refused>
g007487: URLError: <urlopen error [Errno 111] Connection refused>
g007288: URLError: <urlopen error [Errno 111] Connection refused>
g007042: URLError: <urlopen error [Errno 111] Connection refused>
g007491: URLError: <urlopen error [Errno 111] Connection refused>
g007292: URLError: <urlopen error [Errno 111] Connection refused>
g007461: URLError: <urlopen error [Errno 111] Connection refused>
g007046: URLError: <urlopen error [Errno 111] Connection refused>
g007495: URLError: <urlopen error [Errno 111] Connection refused>
g007296: URLError: <urlopen error [Errno 111] Connection refused>
g007465: URLError: <urlopen error [Errno 111] Connection refused>
g007050: URLError: <urlopen error [Errno 111] Connection refused>
g007499: URLError: <urlopen error [Errno 111] Connection refused>
g007300: URLError: <urlopen error [Errno 111] Connection refused>
g007054: URLError: <urlopen error [Errno 111] Connection refused>
g007469: URLError: <urlopen error [Errno 111] Connection refused>
g007503: URLError: <urlopen error [Errno 111] Connection refused>
g007304: URLError: <urlopen error [Errno 111] Connection refused>
g007058: URLError: <urlopen error [Errno 111] Connection refused>
g007507: URLError: <urlopen error [Errno 111] Connection refused>
g007473: URLError: <urlopen error [Errno 111] Connection refused>
g007308: URLError: <urlopen error [Errno 111] Connection refused>
g007511: URLError: <urlopen error [Errno 111] Connection refused>
g007062: URLError: <urlopen error [Errno 111] Connection refused>
g007477: URLError: <urlopen error [Errno 111] Connection refused>
g007312: URLError: <urlopen error [Errno 111] Connection refused>
g007316: URLError: <urlopen error [Errno 111] Connection refused>
g007481: URLError: <urlopen error [Errno 111] Connection refused>
g007515: URLError: <urlopen error [Errno 111] Connection refused>
g007066: URLError: <urlopen error [Errno 111] Connection refused>
g007320: URLError: <urlopen error [Errno 111] Connection refused>
g007519: URLError: <urlopen error [Errno 111] Connection refused>
g007485: URLError: <urlopen error [Errno 111] Connection refused>
g007070: URLError: <urlopen error [Errno 111] Connection refused>
g007324: URLError: <urlopen error [Errno 111] Connection refused>
g007523: URLError: <urlopen error [Errno 111] Connection refused>
g007074: URLError: <urlopen error [Errno 111] Connection refused>
g007489: URLError: <urlopen error [Errno 111] Connection refused>
g007328: URLError: <urlopen error [Errno 111] Connection refused>
g007078: URLError: <urlopen error [Errno 111] Connection refused>
g007493: URLError: <urlopen error [Errno 111] Connection refused>
g007082: URLError: <urlopen error [Errno 111] Connection refused>
g007497: URLError: <urlopen error [Errno 111] Connection refused>
g007527: URLError: <urlopen error [Errno 111] Connection refused>
g007086: URLError: <urlopen error [Errno 111] Connection refused>
g007501: URLError: <urlopen error [Errno 111] Connection refused>
g007531: URLError: <urlopen error [Errno 111] Connection refused>
g007090: URLError: <urlopen error [Errno 111] Connection refused>
g007332: URLError: <urlopen error [Errno 111] Connection refused>
g007505: URLError: <urlopen error [Errno 111] Connection refused>
g007535: URLError: <urlopen error [Errno 111] Connection refused>
g007336: URLError: <urlopen error [Errno 111] Connection refused>
g007509: URLError: <urlopen error [Errno 111] Connection refused>
g007539: URLError: <urlopen error [Errno 111] Connection refused>
g007340: URLError: <urlopen error [Errno 111] Connection refused>
g007543: URLError: <urlopen error [Errno 111] Connection refused>
g007513: URLError: <urlopen error [Errno 111] Connection refused>
g007547: URLError: <urlopen error [Errno 111] Connection refused>
g007517: URLError: <urlopen error [Errno 111] Connection refused>
g007094: URLError: <urlopen error [Errno 111] Connection refused>
g007344: URLError: <urlopen error [Errno 111] Connection refused>
g007521: URLError: <urlopen error [Errno 111] Connection refused>
g007348: URLError: <urlopen error [Errno 111] Connection refused>
g007098: URLError: <urlopen error [Errno 111] Connection refused>
g007525: URLError: <urlopen error [Errno 111] Connection refused>
g007102: URLError: <urlopen error [Errno 111] Connection refused>
g007551: URLError: <urlopen error [Errno 111] Connection refused>
g007529: URLError: <urlopen error [Errno 111] Connection refused>
g007106: URLError: <urlopen error [Errno 111] Connection refused>
g007533: URLError: <urlopen error [Errno 111] Connection refused>
g007555: URLError: <urlopen error [Errno 111] Connection refused>
g007537: URLError: <urlopen error [Errno 111] Connection refused>
g007110: URLError: <urlopen error [Errno 111] Connection refused>
g007559: URLError: <urlopen error [Errno 111] Connection refused>
g007541: URLError: <urlopen error [Errno 111] Connection refused>
g007545: URLError: <urlopen error [Errno 111] Connection refused>
g007114: URLError: <urlopen error [Errno 111] Connection refused>
g007563: URLError: <urlopen error [Errno 111] Connection refused>
g007549: URLError: <urlopen error [Errno 111] Connection refused>
g007118: URLError: <urlopen error [Errno 111] Connection refused>
g007553: URLError: <urlopen error [Errno 111] Connection refused>
g007567: URLError: <urlopen error [Errno 111] Connection refused>
g007557: URLError: <urlopen error [Errno 111] Connection refused>
g007122: URLError: <urlopen error [Errno 111] Connection refused>
g007571: URLError: <urlopen error [Errno 111] Connection refused>
g007561: URLError: <urlopen error [Errno 111] Connection refused>
g007565: URLError: <urlopen error [Errno 111] Connection refused>
g007126: URLError: <urlopen error [Errno 111] Connection refused>
g007575: URLError: <urlopen error [Errno 111] Connection refused>
g007569: URLError: <urlopen error [Errno 111] Connection refused>
g007130: URLError: <urlopen error [Errno 111] Connection refused>
g007579: URLError: <urlopen error [Errno 111] Connection refused>
g007573: URLError: <urlopen error [Errno 111] Connection refused>
g007134: URLError: <urlopen error [Errno 111] Connection refused>
g007583: URLError: <urlopen error [Errno 111] Connection refused>
g007577: URLError: <urlopen error [Errno 111] Connection refused>
g007581: URLError: <urlopen error [Errno 111] Connection refused>
g007138: URLError: <urlopen error [Errno 111] Connection refused>
g007587: URLError: <urlopen error [Errno 111] Connection refused>
g007585: URLError: <urlopen error [Errno 111] Connection refused>
g007591: URLError: <urlopen error [Errno 111] Connection refused>
g007352: URLError: <urlopen error [Errno 111] Connection refused>
g007589: URLError: <urlopen error [Errno 111] Connection refused>
g007595: URLError: <urlopen error [Errno 111] Connection refused>
g007356: URLError: <urlopen error [Errno 111] Connection refused>
g007593: URLError: <urlopen error [Errno 111] Connection refused>
g007360: URLError: <urlopen error [Errno 111] Connection refused>
g007597: URLError: <urlopen error [Errno 111] Connection refused>
g007599: URLError: <urlopen error [Errno 111] Connection refused>
g007601: URLError: <urlopen error [Errno 111] Connection refused>
g007142: URLError: <urlopen error [Errno 111] Connection refused>
g007603: URLError: <urlopen error [Errno 111] Connection refused>
g007605: URLError: <urlopen error [Errno 111] Connection refused>
g007364: URLError: <urlopen error [Errno 111] Connection refused>
g007609: URLError: <urlopen error [Errno 111] Connection refused>
g007146: URLError: <urlopen error [Errno 111] Connection refused>
g007607: URLError: <urlopen error [Errno 111] Connection refused>
g007613: URLError: <urlopen error [Errno 111] Connection refused>
g007368: URLError: <urlopen error [Errno 111] Connection refused>
g007150: URLError: <urlopen error [Errno 111] Connection refused>
g007611: URLError: <urlopen error [Errno 111] Connection refused>
g007617: URLError: <urlopen error [Errno 111] Connection refused>
g007372: URLError: <urlopen error [Errno 111] Connection refused>
g007615: URLError: <urlopen error [Errno 111] Connection refused>
g007154: URLError: <urlopen error [Errno 111] Connection refused>
g007621: URLError: <urlopen error [Errno 111] Connection refused>
g007376: URLError: <urlopen error [Errno 111] Connection refused>
g007625: URLError: <urlopen error [Errno 111] Connection refused>
g007619: URLError: <urlopen error [Errno 111] Connection refused>
g007158: URLError: <urlopen error [Errno 111] Connection refused>
g007629: URLError: <urlopen error [Errno 111] Connection refused>
g007380: URLError: <urlopen error [Errno 111] Connection refused>
g007633: URLError: <urlopen error [Errno 111] Connection refused>
g007623: URLError: <urlopen error [Errno 111] Connection refused>
g007162: URLError: <urlopen error [Errno 111] Connection refused>
g007637: URLError: <urlopen error [Errno 111] Connection refused>
g007384: URLError: <urlopen error [Errno 111] Connection refused>
g007641: URLError: <urlopen error [Errno 111] Connection refused>
g007627: URLError: <urlopen error [Errno 111] Connection refused>
g007166: URLError: <urlopen error [Errno 111] Connection refused>
g007645: URLError: <urlopen error [Errno 111] Connection refused>
g007388: URLError: <urlopen error [Errno 111] Connection refused>
g007649: URLError: <urlopen error [Errno 111] Connection refused>
g007631: URLError: <urlopen error [Errno 111] Connection refused>
g007653: URLError: <urlopen error [Errno 111] Connection refused>
g007392: URLError: <urlopen error [Errno 111] Connection refused>
g007170: URLError: <urlopen error [Errno 111] Connection refused>
g007657: URLError: <urlopen error [Errno 111] Connection refused>
g007635: URLError: <urlopen error [Errno 111] Connection refused>
g007661: URLError: <urlopen error [Errno 111] Connection refused>
g007396: URLError: <urlopen error [Errno 111] Connection refused>
g007639: URLError: <urlopen error [Errno 111] Connection refused>
g007174: URLError: <urlopen error [Errno 111] Connection refused>
g007665: URLError: <urlopen error [Errno 111] Connection refused>
g007400: URLError: <urlopen error [Errno 111] Connection refused>
g007643: URLError: <urlopen error [Errno 111] Connection refused>
g007669: URLError: <urlopen error [Errno 111] Connection refused>
g007178: URLError: <urlopen error [Errno 111] Connection refused>
g007673: URLError: <urlopen error [Errno 111] Connection refused>
g007404: URLError: <urlopen error [Errno 111] Connection refused>
g007647: URLError: <urlopen error [Errno 111] Connection refused>
g007677: URLError: <urlopen error [Errno 111] Connection refused>
g007681: URLError: <urlopen error [Errno 111] Connection refused>
g007182: URLError: <urlopen error [Errno 111] Connection refused>
g007408: URLError: <urlopen error [Errno 111] Connection refused>
g007651: URLError: <urlopen error [Errno 111] Connection refused>
g007685: URLError: <urlopen error [Errno 111] Connection refused>
g007689: URLError: <urlopen error [Errno 111] Connection refused>
g007186: URLError: <urlopen error [Errno 111] Connection refused>
g007412: URLError: <urlopen error [Errno 111] Connection refused>
g007655: URLError: <urlopen error [Errno 111] Connection refused>
g007693: URLError: <urlopen error [Errno 111] Connection refused>
g007697: URLError: <urlopen error [Errno 111] Connection refused>
g007190: URLError: <urlopen error [Errno 111] Connection refused>
g007659: URLError: <urlopen error [Errno 111] Connection refused>
g007416: URLError: <urlopen error [Errno 111] Connection refused>
g007701: URLError: <urlopen error [Errno 111] Connection refused>
g007194: URLError: <urlopen error [Errno 111] Connection refused>
g007663: URLError: <urlopen error [Errno 111] Connection refused>
g007420: URLError: <urlopen error [Errno 111] Connection refused>
g007705: URLError: <urlopen error [Errno 111] Connection refused>
g007198: URLError: <urlopen error [Errno 111] Connection refused>
g007667: URLError: <urlopen error [Errno 111] Connection refused>
g007424: URLError: <urlopen error [Errno 111] Connection refused>
g007202: URLError: <urlopen error [Errno 111] Connection refused>
g007671: URLError: <urlopen error [Errno 111] Connection refused>
g007709: URLError: <urlopen error [Errno 111] Connection refused>
g007428: URLError: <urlopen error [Errno 111] Connection refused>
g007206: URLError: <urlopen error [Errno 111] Connection refused>
g007675: URLError: <urlopen error [Errno 111] Connection refused>
g007713: URLError: <urlopen error [Errno 111] Connection refused>
g007432: URLError: <urlopen error [Errno 111] Connection refused>
g007210: URLError: <urlopen error [Errno 111] Connection refused>
g007679: URLError: <urlopen error [Errno 111] Connection refused>
g007717: URLError: <urlopen error [Errno 111] Connection refused>
g007436: URLError: <urlopen error [Errno 111] Connection refused>
g007683: URLError: <urlopen error [Errno 111] Connection refused>
g007214: URLError: <urlopen error [Errno 111] Connection refused>
g007721: URLError: <urlopen error [Errno 111] Connection refused>
g007440: URLError: <urlopen error [Errno 111] Connection refused>
g007687: URLError: <urlopen error [Errno 111] Connection refused>
g007725: URLError: <urlopen error [Errno 111] Connection refused>
g007218: URLError: <urlopen error [Errno 111] Connection refused>
g007444: URLError: <urlopen error [Errno 111] Connection refused>
g007691: URLError: <urlopen error [Errno 111] Connection refused>
g007222: URLError: <urlopen error [Errno 111] Connection refused>
g007729: URLError: <urlopen error [Errno 111] Connection refused>
g007448: URLError: <urlopen error [Errno 111] Connection refused>
g007695: URLError: <urlopen error [Errno 111] Connection refused>
g007226: URLError: <urlopen error [Errno 111] Connection refused>
g007733: URLError: <urlopen error [Errno 111] Connection refused>
g007452: URLError: <urlopen error [Errno 111] Connection refused>
g007699: URLError: <urlopen error [Errno 111] Connection refused>
g007737: URLError: <urlopen error [Errno 111] Connection refused>
g007230: URLError: <urlopen error [Errno 111] Connection refused>
g007456: URLError: <urlopen error [Errno 111] Connection refused>
g007703: URLError: <urlopen error [Errno 111] Connection refused>
g007234: URLError: <urlopen error [Errno 111] Connection refused>
g007741: URLError: <urlopen error [Errno 111] Connection refused>
g007460: URLError: <urlopen error [Errno 111] Connection refused>
g007707: URLError: <urlopen error [Errno 111] Connection refused>
g007238: URLError: <urlopen error [Errno 111] Connection refused>
g007745: URLError: <urlopen error [Errno 111] Connection refused>
g007464: URLError: <urlopen error [Errno 111] Connection refused>
g007711: URLError: <urlopen error [Errno 111] Connection refused>
g007242: URLError: <urlopen error [Errno 111] Connection refused>
g007749: URLError: <urlopen error [Errno 111] Connection refused>
g007468: URLError: <urlopen error [Errno 111] Connection refused>
g007715: URLError: <urlopen error [Errno 111] Connection refused>
g007246: URLError: <urlopen error [Errno 111] Connection refused>
g007753: URLError: <urlopen error [Errno 111] Connection refused>
g007472: URLError: <urlopen error [Errno 111] Connection refused>
g007719: URLError: <urlopen error [Errno 111] Connection refused>
g007250: URLError: <urlopen error [Errno 111] Connection refused>
g007757: URLError: <urlopen error [Errno 111] Connection refused>
g007723: URLError: <urlopen error [Errno 111] Connection refused>
g007476: URLError: <urlopen error [Errno 111] Connection refused>
g007254: URLError: <urlopen error [Errno 111] Connection refused>
g007761: URLError: <urlopen error [Errno 111] Connection refused>
g007727: URLError: <urlopen error [Errno 111] Connection refused>
g007480: URLError: <urlopen error [Errno 111] Connection refused>
g007258: URLError: <urlopen error [Errno 111] Connection refused>
g007765: URLError: <urlopen error [Errno 111] Connection refused>
g007731: URLError: <urlopen error [Errno 111] Connection refused>
g007484: URLError: <urlopen error [Errno 111] Connection refused>
g007262: URLError: <urlopen error [Errno 111] Connection refused>
g007735: URLError: <urlopen error [Errno 111] Connection refused>
g007769: URLError: <urlopen error [Errno 111] Connection refused>
g007488: URLError: <urlopen error [Errno 111] Connection refused>
g007266: URLError: <urlopen error [Errno 111] Connection refused>
g007739: URLError: <urlopen error [Errno 111] Connection refused>
g007773: URLError: <urlopen error [Errno 111] Connection refused>
g007270: URLError: <urlopen error [Errno 111] Connection refused>
g007492: URLError: <urlopen error [Errno 111] Connection refused>
g007743: URLError: <urlopen error [Errno 111] Connection refused>
g007274: URLError: <urlopen error [Errno 111] Connection refused>
g007777: URLError: <urlopen error [Errno 111] Connection refused>
g007496: URLError: <urlopen error [Errno 111] Connection refused>
g007747: URLError: <urlopen error [Errno 111] Connection refused>
g007278: URLError: <urlopen error [Errno 111] Connection refused>
g007781: URLError: <urlopen error [Errno 111] Connection refused>
g007500: URLError: <urlopen error [Errno 111] Connection refused>
g007751: URLError: <urlopen error [Errno 111] Connection refused>
g007282: URLError: <urlopen error [Errno 111] Connection refused>
g007785: URLError: <urlopen error [Errno 111] Connection refused>
g007504: URLError: <urlopen error [Errno 111] Connection refused>
g007755: URLError: <urlopen error [Errno 111] Connection refused>
g007286: URLError: <urlopen error [Errno 111] Connection refused>
g007789: URLError: <urlopen error [Errno 111] Connection refused>
g007508: URLError: <urlopen error [Errno 111] Connection refused>
g007759: URLError: <urlopen error [Errno 111] Connection refused>
g007290: URLError: <urlopen error [Errno 111] Connection refused>
g007793: URLError: <urlopen error [Errno 111] Connection refused>
g007763: URLError: <urlopen error [Errno 111] Connection refused>
g007512: URLError: <urlopen error [Errno 111] Connection refused>
g007294: URLError: <urlopen error [Errno 111] Connection refused>
g007797: URLError: <urlopen error [Errno 111] Connection refused>
g007767: URLError: <urlopen error [Errno 111] Connection refused>
g007516: URLError: <urlopen error [Errno 111] Connection refused>
g007298: URLError: <urlopen error [Errno 111] Connection refused>
g007801: URLError: <urlopen error [Errno 111] Connection refused>
g007771: URLError: <urlopen error [Errno 111] Connection refused>
g007302: URLError: <urlopen error [Errno 111] Connection refused>
g007520: URLError: <urlopen error [Errno 111] Connection refused>
g007775: URLError: <urlopen error [Errno 111] Connection refused>
g007805: URLError: <urlopen error [Errno 111] Connection refused>
g007306: URLError: <urlopen error [Errno 111] Connection refused>
g007524: URLError: <urlopen error [Errno 111] Connection refused>
g007779: URLError: <urlopen error [Errno 111] Connection refused>
g007809: URLError: <urlopen error [Errno 111] Connection refused>
g007310: URLError: <urlopen error [Errno 111] Connection refused>
g007528: URLError: <urlopen error [Errno 111] Connection refused>
g007783: URLError: <urlopen error [Errno 111] Connection refused>
g007813: URLError: <urlopen error [Errno 111] Connection refused>
g007532: URLError: <urlopen error [Errno 111] Connection refused>
g007314: URLError: <urlopen error [Errno 111] Connection refused>
g007787: URLError: <urlopen error [Errno 111] Connection refused>
g007817: URLError: <urlopen error [Errno 111] Connection refused>
g007536: URLError: <urlopen error [Errno 111] Connection refused>
g007318: URLError: <urlopen error [Errno 111] Connection refused>
g007791: URLError: <urlopen error [Errno 111] Connection refused>
g007821: URLError: <urlopen error [Errno 111] Connection refused>
g007322: URLError: <urlopen error [Errno 111] Connection refused>
g007540: URLError: <urlopen error [Errno 111] Connection refused>
g007795: URLError: <urlopen error [Errno 111] Connection refused>
g007326: URLError: <urlopen error [Errno 111] Connection refused>
g007825: URLError: <urlopen error [Errno 111] Connection refused>
g007544: URLError: <urlopen error [Errno 111] Connection refused>
g007330: URLError: <urlopen error [Errno 111] Connection refused>
g007799: URLError: <urlopen error [Errno 111] Connection refused>
g007334: URLError: <urlopen error [Errno 111] Connection refused>
g007829: URLError: <urlopen error [Errno 111] Connection refused>
g007548: URLError: <urlopen error [Errno 111] Connection refused>
g007338: URLError: <urlopen error [Errno 111] Connection refused>
g007803: URLError: <urlopen error [Errno 111] Connection refused>
g007342: URLError: <urlopen error [Errno 111] Connection refused>
g007833: URLError: <urlopen error [Errno 111] Connection refused>
g007552: URLError: <urlopen error [Errno 111] Connection refused>
g007346: URLError: <urlopen error [Errno 111] Connection refused>
g007807: URLError: <urlopen error [Errno 111] Connection refused>
g007837: URLError: <urlopen error [Errno 111] Connection refused>
g007350: URLError: <urlopen error [Errno 111] Connection refused>
g007556: URLError: <urlopen error [Errno 111] Connection refused>
g007811: URLError: <urlopen error [Errno 111] Connection refused>
g007354: URLError: <urlopen error [Errno 111] Connection refused>
g007841: URLError: <urlopen error [Errno 111] Connection refused>
g007560: URLError: <urlopen error [Errno 111] Connection refused>
g007358: URLError: <urlopen error [Errno 111] Connection refused>
g007815: URLError: <urlopen error [Errno 111] Connection refused>
g007564: URLError: <urlopen error [Errno 111] Connection refused>
g007845: URLError: <urlopen error [Errno 111] Connection refused>
g007362: URLError: <urlopen error [Errno 111] Connection refused>
g007819: URLError: <urlopen error [Errno 111] Connection refused>
g007366: URLError: <urlopen error [Errno 111] Connection refused>
g007568: URLError: <urlopen error [Errno 111] Connection refused>
g007823: URLError: <urlopen error [Errno 111] Connection refused>
g007849: URLError: <urlopen error [Errno 111] Connection refused>
g007370: URLError: <urlopen error [Errno 111] Connection refused>
g007827: URLError: <urlopen error [Errno 111] Connection refused>
g007853: URLError: <urlopen error [Errno 111] Connection refused>
g007572: URLError: <urlopen error [Errno 111] Connection refused>
g007374: URLError: <urlopen error [Errno 111] Connection refused>
g007378: URLError: <urlopen error [Errno 111] Connection refused>
g007831: URLError: <urlopen error [Errno 111] Connection refused>
g007857: URLError: <urlopen error [Errno 111] Connection refused>
g007576: URLError: <urlopen error [Errno 111] Connection refused>
g007382: URLError: <urlopen error [Errno 111] Connection refused>
g007835: URLError: <urlopen error [Errno 111] Connection refused>
g007580: URLError: <urlopen error [Errno 111] Connection refused>
g007861: URLError: <urlopen error [Errno 111] Connection refused>
g007386: URLError: <urlopen error [Errno 111] Connection refused>
g007584: URLError: <urlopen error [Errno 111] Connection refused>
g007839: URLError: <urlopen error [Errno 111] Connection refused>
g007390: URLError: <urlopen error [Errno 111] Connection refused>
g007394: URLError: <urlopen error [Errno 111] Connection refused>
g007843: URLError: <urlopen error [Errno 111] Connection refused>
g007398: URLError: <urlopen error [Errno 111] Connection refused>
g007847: URLError: <urlopen error [Errno 111] Connection refused>
g007402: URLError: <urlopen error [Errno 111] Connection refused>
g007406: URLError: <urlopen error [Errno 111] Connection refused>
g007851: URLError: <urlopen error [Errno 111] Connection refused>
g007865: URLError: <urlopen error [Errno 111] Connection refused>
g007410: URLError: <urlopen error [Errno 111] Connection refused>
g007855: URLError: <urlopen error [Errno 111] Connection refused>
g007588: URLError: <urlopen error [Errno 111] Connection refused>
g007869: URLError: <urlopen error [Errno 111] Connection refused>
g007414: URLError: <urlopen error [Errno 111] Connection refused>
g007592: URLError: <urlopen error [Errno 111] Connection refused>
g007859: URLError: <urlopen error [Errno 111] Connection refused>
g007418: URLError: <urlopen error [Errno 111] Connection refused>
g007873: URLError: <urlopen error [Errno 111] Connection refused>
g007596: URLError: <urlopen error [Errno 111] Connection refused>
g007863: URLError: <urlopen error [Errno 111] Connection refused>
g007422: URLError: <urlopen error [Errno 111] Connection refused>
g007877: URLError: <urlopen error [Errno 111] Connection refused>
g007600: URLError: <urlopen error [Errno 111] Connection refused>
g007426: URLError: <urlopen error [Errno 111] Connection refused>
g007867: URLError: <urlopen error [Errno 111] Connection refused>
g007430: URLError: <urlopen error [Errno 111] Connection refused>
g007881: URLError: <urlopen error [Errno 111] Connection refused>
g007604: URLError: <urlopen error [Errno 111] Connection refused>
g007434: URLError: <urlopen error [Errno 111] Connection refused>
g007871: URLError: <urlopen error [Errno 111] Connection refused>
g007438: URLError: <urlopen error [Errno 111] Connection refused>
g007608: URLError: <urlopen error [Errno 111] Connection refused>
g007885: URLError: <urlopen error [Errno 111] Connection refused>
g007875: URLError: <urlopen error [Errno 111] Connection refused>
g007612: URLError: <urlopen error [Errno 111] Connection refused>
g007889: URLError: <urlopen error [Errno 111] Connection refused>
g007879: URLError: <urlopen error [Errno 111] Connection refused>
g007616: URLError: <urlopen error [Errno 111] Connection refused>
g007442: URLError: <urlopen error [Errno 111] Connection refused>
g007893: URLError: <urlopen error [Errno 111] Connection refused>
g007883: URLError: <urlopen error [Errno 111] Connection refused>
g007620: URLError: <urlopen error [Errno 111] Connection refused>
g007446: URLError: <urlopen error [Errno 111] Connection refused>
g007897: URLError: <urlopen error [Errno 111] Connection refused>
g007887: URLError: <urlopen error [Errno 111] Connection refused>
g007450: URLError: <urlopen error [Errno 111] Connection refused>
g007624: URLError: <urlopen error [Errno 111] Connection refused>
g007454: URLError: <urlopen error [Errno 111] Connection refused>
g007891: URLError: <urlopen error [Errno 111] Connection refused>
g007901: URLError: <urlopen error [Errno 111] Connection refused>
g007628: URLError: <urlopen error [Errno 111] Connection refused>
g007458: URLError: <urlopen error [Errno 111] Connection refused>
g007895: URLError: <urlopen error [Errno 111] Connection refused>
g007905: URLError: <urlopen error [Errno 111] Connection refused>
g007462: URLError: <urlopen error [Errno 111] Connection refused>
g007632: URLError: <urlopen error [Errno 111] Connection refused>
g007466: URLError: <urlopen error [Errno 111] Connection refused>
g007899: URLError: <urlopen error [Errno 111] Connection refused>
g007636: URLError: <urlopen error [Errno 111] Connection refused>
g007909: URLError: <urlopen error [Errno 111] Connection refused>
g007470: URLError: <urlopen error [Errno 111] Connection refused>
g007903: URLError: <urlopen error [Errno 111] Connection refused>
g007913: URLError: <urlopen error [Errno 111] Connection refused>
g007474: URLError: <urlopen error [Errno 111] Connection refused>
g007640: URLError: <urlopen error [Errno 111] Connection refused>
g007478: URLError: <urlopen error [Errno 111] Connection refused>
g007907: URLError: <urlopen error [Errno 111] Connection refused>
g007917: URLError: <urlopen error [Errno 111] Connection refused>
g007482: URLError: <urlopen error [Errno 111] Connection refused>
g007644: URLError: <urlopen error [Errno 111] Connection refused>
g007486: URLError: <urlopen error [Errno 111] Connection refused>
g007921: URLError: <urlopen error [Errno 111] Connection refused>
g007648: URLError: <urlopen error [Errno 111] Connection refused>
g007911: URLError: <urlopen error [Errno 111] Connection refused>
g007490: URLError: <urlopen error [Errno 111] Connection refused>
g007652: URLError: <urlopen error [Errno 111] Connection refused>
g007915: URLError: <urlopen error [Errno 111] Connection refused>
g007925: URLError: <urlopen error [Errno 111] Connection refused>
g007494: URLError: <urlopen error [Errno 111] Connection refused>
g007656: URLError: <urlopen error [Errno 111] Connection refused>
g007498: URLError: <urlopen error [Errno 111] Connection refused>
g007929: URLError: <urlopen error [Errno 111] Connection refused>
g007919: URLError: <urlopen error [Errno 111] Connection refused>
g007502: URLError: <urlopen error [Errno 111] Connection refused>
g007506: URLError: <urlopen error [Errno 111] Connection refused>
g007933: URLError: <urlopen error [Errno 111] Connection refused>
g007660: URLError: <urlopen error [Errno 111] Connection refused>
g007923: URLError: <urlopen error [Errno 111] Connection refused>
g007510: URLError: <urlopen error [Errno 111] Connection refused>
g007937: URLError: <urlopen error [Errno 111] Connection refused>
g007514: URLError: <urlopen error [Errno 111] Connection refused>
g007518: URLError: <urlopen error [Errno 111] Connection refused>
g007664: URLError: <urlopen error [Errno 111] Connection refused>
g007941: URLError: <urlopen error [Errno 111] Connection refused>
g007927: URLError: <urlopen error [Errno 111] Connection refused>
g007522: URLError: <urlopen error [Errno 111] Connection refused>
g007945: URLError: <urlopen error [Errno 111] Connection refused>
g007526: URLError: <urlopen error [Errno 111] Connection refused>
g007668: URLError: <urlopen error [Errno 111] Connection refused>
g007931: URLError: <urlopen error [Errno 111] Connection refused>
g007530: URLError: <urlopen error [Errno 111] Connection refused>
g007935: URLError: <urlopen error [Errno 111] Connection refused>
g007672: URLError: <urlopen error [Errno 111] Connection refused>
g007534: URLError: <urlopen error [Errno 111] Connection refused>
g007939: URLError: <urlopen error [Errno 111] Connection refused>
g007676: URLError: <urlopen error [Errno 111] Connection refused>
g007538: URLError: <urlopen error [Errno 111] Connection refused>
g007542: URLError: <urlopen error [Errno 111] Connection refused>
g007680: URLError: <urlopen error [Errno 111] Connection refused>
g007546: URLError: <urlopen error [Errno 111] Connection refused>
g007949: URLError: <urlopen error [Errno 111] Connection refused>
g007550: URLError: <urlopen error [Errno 111] Connection refused>
g007943: URLError: <urlopen error [Errno 111] Connection refused>
g007684: URLError: <urlopen error [Errno 111] Connection refused>
g007554: URLError: <urlopen error [Errno 111] Connection refused>
g007953: URLError: <urlopen error [Errno 111] Connection refused>
g007558: URLError: <urlopen error [Errno 111] Connection refused>
g007688: URLError: <urlopen error [Errno 111] Connection refused>
g007947: URLError: <urlopen error [Errno 111] Connection refused>
g007562: URLError: <urlopen error [Errno 111] Connection refused>
g007957: URLError: <urlopen error [Errno 111] Connection refused>
g007566: URLError: <urlopen error [Errno 111] Connection refused>
g007692: URLError: <urlopen error [Errno 111] Connection refused>
g007951: URLError: <urlopen error [Errno 111] Connection refused>
g007570: URLError: <urlopen error [Errno 111] Connection refused>
g007961: URLError: <urlopen error [Errno 111] Connection refused>
g007574: URLError: <urlopen error [Errno 111] Connection refused>
g007696: URLError: <urlopen error [Errno 111] Connection refused>
g007578: URLError: <urlopen error [Errno 111] Connection refused>
g007965: URLError: <urlopen error [Errno 111] Connection refused>
g007955: URLError: <urlopen error [Errno 111] Connection refused>
g007582: URLError: <urlopen error [Errno 111] Connection refused>
g007700: URLError: <urlopen error [Errno 111] Connection refused>
g007586: URLError: <urlopen error [Errno 111] Connection refused>
g007969: URLError: <urlopen error [Errno 111] Connection refused>
g007959: URLError: <urlopen error [Errno 111] Connection refused>
g007590: URLError: <urlopen error [Errno 111] Connection refused>
g007704: URLError: <urlopen error [Errno 111] Connection refused>
g007973: URLError: <urlopen error [Errno 111] Connection refused>
g007594: URLError: <urlopen error [Errno 111] Connection refused>
g007963: URLError: <urlopen error [Errno 111] Connection refused>
g007708: URLError: <urlopen error [Errno 111] Connection refused>
g007598: URLError: <urlopen error [Errno 111] Connection refused>
g007977: URLError: <urlopen error [Errno 111] Connection refused>
g007967: URLError: <urlopen error [Errno 111] Connection refused>
g007602: URLError: <urlopen error [Errno 111] Connection refused>
g007712: URLError: <urlopen error [Errno 111] Connection refused>
g007981: URLError: <urlopen error [Errno 111] Connection refused>
g007971: URLError: <urlopen error [Errno 111] Connection refused>
g007606: URLError: <urlopen error [Errno 111] Connection refused>
g007716: URLError: <urlopen error [Errno 111] Connection refused>
g007610: URLError: <urlopen error [Errno 111] Connection refused>
g007985: URLError: <urlopen error [Errno 111] Connection refused>
g007975: URLError: <urlopen error [Errno 111] Connection refused>
g007614: URLError: <urlopen error [Errno 111] Connection refused>
g007720: URLError: <urlopen error [Errno 111] Connection refused>
g007618: URLError: <urlopen error [Errno 111] Connection refused>
g007989: URLError: <urlopen error [Errno 111] Connection refused>
g007979: URLError: <urlopen error [Errno 111] Connection refused>
g007622: URLError: <urlopen error [Errno 111] Connection refused>
g007724: URLError: <urlopen error [Errno 111] Connection refused>
g007626: URLError: <urlopen error [Errno 111] Connection refused>
g007993: URLError: <urlopen error [Errno 111] Connection refused>
g007983: URLError: <urlopen error [Errno 111] Connection refused>
g007630: URLError: <urlopen error [Errno 111] Connection refused>
g007728: URLError: <urlopen error [Errno 111] Connection refused>
g007997: URLError: <urlopen error [Errno 111] Connection refused>
g007634: URLError: <urlopen error [Errno 111] Connection refused>
g007987: URLError: <urlopen error [Errno 111] Connection refused>
g008001: URLError: <urlopen error [Errno 111] Connection refused>
g007638: URLError: <urlopen error [Errno 111] Connection refused>
g007732: URLError: <urlopen error [Errno 111] Connection refused>
g007991: URLError: <urlopen error [Errno 111] Connection refused>
g007736: URLError: <urlopen error [Errno 111] Connection refused>
g008005: URLError: <urlopen error [Errno 111] Connection refused>
g007642: URLError: <urlopen error [Errno 111] Connection refused>
g007995: URLError: <urlopen error [Errno 111] Connection refused>
g007740: URLError: <urlopen error [Errno 111] Connection refused>
g008009: URLError: <urlopen error [Errno 111] Connection refused>
g007646: URLError: <urlopen error [Errno 111] Connection refused>
g007999: URLError: <urlopen error [Errno 111] Connection refused>
g007650: URLError: <urlopen error [Errno 111] Connection refused>
g007744: URLError: <urlopen error [Errno 111] Connection refused>
g008013: URLError: <urlopen error [Errno 111] Connection refused>
g007654: URLError: <urlopen error [Errno 111] Connection refused>
g008003: URLError: <urlopen error [Errno 111] Connection refused>
g007658: URLError: <urlopen error [Errno 111] Connection refused>
g007748: URLError: <urlopen error [Errno 111] Connection refused>
g008017: URLError: <urlopen error [Errno 111] Connection refused>
g008007: URLError: <urlopen error [Errno 111] Connection refused>
g007662: URLError: <urlopen error [Errno 111] Connection refused>
g008021: URLError: <urlopen error [Errno 111] Connection refused>
g007752: URLError: <urlopen error [Errno 111] Connection refused>
g008011: URLError: <urlopen error [Errno 111] Connection refused>
g007666: URLError: <urlopen error [Errno 111] Connection refused>
g008025: URLError: <urlopen error [Errno 111] Connection refused>
g007756: URLError: <urlopen error [Errno 111] Connection refused>
g007670: URLError: <urlopen error [Errno 111] Connection refused>
g008015: URLError: <urlopen error [Errno 111] Connection refused>
g008029: URLError: <urlopen error [Errno 111] Connection refused>
g007760: URLError: <urlopen error [Errno 111] Connection refused>
g007674: URLError: <urlopen error [Errno 111] Connection refused>
g007678: URLError: <urlopen error [Errno 111] Connection refused>
g008019: URLError: <urlopen error [Errno 111] Connection refused>
g008033: URLError: <urlopen error [Errno 111] Connection refused>
g007764: URLError: <urlopen error [Errno 111] Connection refused>
g007682: URLError: <urlopen error [Errno 111] Connection refused>
g007686: URLError: <urlopen error [Errno 111] Connection refused>
g008037: URLError: <urlopen error [Errno 111] Connection refused>
g008023: URLError: <urlopen error [Errno 111] Connection refused>
g007768: URLError: <urlopen error [Errno 111] Connection refused>
g007690: URLError: <urlopen error [Errno 111] Connection refused>
g007694: URLError: <urlopen error [Errno 111] Connection refused>
g008027: URLError: <urlopen error [Errno 111] Connection refused>
g007772: URLError: <urlopen error [Errno 111] Connection refused>
g008041: URLError: <urlopen error [Errno 111] Connection refused>
g007698: URLError: <urlopen error [Errno 111] Connection refused>
g008031: URLError: <urlopen error [Errno 111] Connection refused>
g007776: URLError: <urlopen error [Errno 111] Connection refused>
g008045: URLError: <urlopen error [Errno 111] Connection refused>
g007702: URLError: <urlopen error [Errno 111] Connection refused>
g008035: URLError: <urlopen error [Errno 111] Connection refused>
g008049: URLError: <urlopen error [Errno 111] Connection refused>
g007780: URLError: <urlopen error [Errno 111] Connection refused>
g007706: URLError: <urlopen error [Errno 111] Connection refused>
g008039: URLError: <urlopen error [Errno 111] Connection refused>
g007710: URLError: <urlopen error [Errno 111] Connection refused>
g008053: URLError: <urlopen error [Errno 111] Connection refused>
g007784: URLError: <urlopen error [Errno 111] Connection refused>
g007714: URLError: <urlopen error [Errno 111] Connection refused>
g008043: URLError: <urlopen error [Errno 111] Connection refused>
g008057: URLError: <urlopen error [Errno 111] Connection refused>
g007788: URLError: <urlopen error [Errno 111] Connection refused>
g007718: URLError: <urlopen error [Errno 111] Connection refused>
g008047: URLError: <urlopen error [Errno 111] Connection refused>
g008061: URLError: <urlopen error [Errno 111] Connection refused>
g007792: URLError: <urlopen error [Errno 111] Connection refused>
g007722: URLError: <urlopen error [Errno 111] Connection refused>
g008051: URLError: <urlopen error [Errno 111] Connection refused>
g007726: URLError: <urlopen error [Errno 111] Connection refused>
g008065: URLError: <urlopen error [Errno 111] Connection refused>
g007796: URLError: <urlopen error [Errno 111] Connection refused>
g007730: URLError: <urlopen error [Errno 111] Connection refused>
g008055: URLError: <urlopen error [Errno 111] Connection refused>
g008069: URLError: <urlopen error [Errno 111] Connection refused>
g007800: URLError: <urlopen error [Errno 111] Connection refused>
g007734: URLError: <urlopen error [Errno 111] Connection refused>
g008059: URLError: <urlopen error [Errno 111] Connection refused>
g007738: URLError: <urlopen error [Errno 111] Connection refused>
g008073: URLError: <urlopen error [Errno 111] Connection refused>
g007804: URLError: <urlopen error [Errno 111] Connection refused>
g008063: URLError: <urlopen error [Errno 111] Connection refused>
g007742: URLError: <urlopen error [Errno 111] Connection refused>
g008077: URLError: <urlopen error [Errno 111] Connection refused>
g007808: URLError: <urlopen error [Errno 111] Connection refused>
g007746: URLError: <urlopen error [Errno 111] Connection refused>
g008067: URLError: <urlopen error [Errno 111] Connection refused>
g007750: URLError: <urlopen error [Errno 111] Connection refused>
g007812: URLError: <urlopen error [Errno 111] Connection refused>
g007754: URLError: <urlopen error [Errno 111] Connection refused>
g008071: URLError: <urlopen error [Errno 111] Connection refused>
g007758: URLError: <urlopen error [Errno 111] Connection refused>
g007816: URLError: <urlopen error [Errno 111] Connection refused>
g007762: URLError: <urlopen error [Errno 111] Connection refused>
g008075: URLError: <urlopen error [Errno 111] Connection refused>
g007766: URLError: <urlopen error [Errno 111] Connection refused>
g007820: URLError: <urlopen error [Errno 111] Connection refused>
g008079: URLError: <urlopen error [Errno 111] Connection refused>
g007770: URLError: <urlopen error [Errno 111] Connection refused>
g008081: URLError: <urlopen error [Errno 111] Connection refused>
g007824: URLError: <urlopen error [Errno 111] Connection refused>
g007774: URLError: <urlopen error [Errno 111] Connection refused>
g008083: URLError: <urlopen error [Errno 111] Connection refused>
g008085: URLError: <urlopen error [Errno 111] Connection refused>
g007778: URLError: <urlopen error [Errno 111] Connection refused>
g007828: URLError: <urlopen error [Errno 111] Connection refused>
g008087: URLError: <urlopen error [Errno 111] Connection refused>
g007782: URLError: <urlopen error [Errno 111] Connection refused>
g008089: URLError: <urlopen error [Errno 111] Connection refused>
g007832: URLError: <urlopen error [Errno 111] Connection refused>
g007786: URLError: <urlopen error [Errno 111] Connection refused>
g008093: URLError: <urlopen error [Errno 111] Connection refused>
g007790: URLError: <urlopen error [Errno 111] Connection refused>
g007836: URLError: <urlopen error [Errno 111] Connection refused>
g008091: URLError: <urlopen error [Errno 111] Connection refused>
g008097: URLError: <urlopen error [Errno 111] Connection refused>
g007794: URLError: <urlopen error [Errno 111] Connection refused>
g007840: URLError: <urlopen error [Errno 111] Connection refused>
g008095: URLError: <urlopen error [Errno 111] Connection refused>
g008101: URLError: <urlopen error [Errno 111] Connection refused>
g007798: URLError: <urlopen error [Errno 111] Connection refused>
g007844: URLError: <urlopen error [Errno 111] Connection refused>
g008099: URLError: <urlopen error [Errno 111] Connection refused>
g007802: URLError: <urlopen error [Errno 111] Connection refused>
g008105: URLError: <urlopen error [Errno 111] Connection refused>
g007806: URLError: <urlopen error [Errno 111] Connection refused>
g007848: URLError: <urlopen error [Errno 111] Connection refused>
g008103: URLError: <urlopen error [Errno 111] Connection refused>
g008109: URLError: <urlopen error [Errno 111] Connection refused>
g007810: URLError: <urlopen error [Errno 111] Connection refused>
g007852: URLError: <urlopen error [Errno 111] Connection refused>
g008107: URLError: <urlopen error [Errno 111] Connection refused>
g007814: URLError: <urlopen error [Errno 111] Connection refused>
g008113: URLError: <urlopen error [Errno 111] Connection refused>
g007856: URLError: <urlopen error [Errno 111] Connection refused>
g007818: URLError: <urlopen error [Errno 111] Connection refused>
g008111: URLError: <urlopen error [Errno 111] Connection refused>
g008117: URLError: <urlopen error [Errno 111] Connection refused>
g007860: URLError: <urlopen error [Errno 111] Connection refused>
g007822: URLError: <urlopen error [Errno 111] Connection refused>
g008115: URLError: <urlopen error [Errno 111] Connection refused>
g007826: URLError: <urlopen error [Errno 111] Connection refused>
g008121: URLError: <urlopen error [Errno 111] Connection refused>
g007864: URLError: <urlopen error [Errno 111] Connection refused>
g007830: URLError: <urlopen error [Errno 111] Connection refused>
g008119: URLError: <urlopen error [Errno 111] Connection refused>
g007834: URLError: <urlopen error [Errno 111] Connection refused>
g008125: URLError: <urlopen error [Errno 111] Connection refused>
g007868: URLError: <urlopen error [Errno 111] Connection refused>
g007838: URLError: <urlopen error [Errno 111] Connection refused>
g008129: URLError: <urlopen error [Errno 111] Connection refused>
g008123: URLError: <urlopen error [Errno 111] Connection refused>
g007872: URLError: <urlopen error [Errno 111] Connection refused>
g007842: URLError: <urlopen error [Errno 111] Connection refused>
g008133: URLError: <urlopen error [Errno 111] Connection refused>
g007876: URLError: <urlopen error [Errno 111] Connection refused>
g008127: URLError: <urlopen error [Errno 111] Connection refused>
g007846: URLError: <urlopen error [Errno 111] Connection refused>
g008137: URLError: <urlopen error [Errno 111] Connection refused>
g007880: URLError: <urlopen error [Errno 111] Connection refused>
g008131: URLError: <urlopen error [Errno 111] Connection refused>
g007850: URLError: <urlopen error [Errno 111] Connection refused>
g008141: URLError: <urlopen error [Errno 111] Connection refused>
g007854: URLError: <urlopen error [Errno 111] Connection refused>
g008135: URLError: <urlopen error [Errno 111] Connection refused>
g007884: URLError: <urlopen error [Errno 111] Connection refused>
g007858: URLError: <urlopen error [Errno 111] Connection refused>
g008145: URLError: <urlopen error [Errno 111] Connection refused>
g008139: URLError: <urlopen error [Errno 111] Connection refused>
g007888: URLError: <urlopen error [Errno 111] Connection refused>
g007862: URLError: <urlopen error [Errno 111] Connection refused>
g008149: URLError: <urlopen error [Errno 111] Connection refused>
g008143: URLError: <urlopen error [Errno 111] Connection refused>
g007866: URLError: <urlopen error [Errno 111] Connection refused>
g007892: URLError: <urlopen error [Errno 111] Connection refused>
g008153: URLError: <urlopen error [Errno 111] Connection refused>
g007870: URLError: <urlopen error [Errno 111] Connection refused>
g008147: URLError: <urlopen error [Errno 111] Connection refused>
g007896: URLError: <urlopen error [Errno 111] Connection refused>
g007874: URLError: <urlopen error [Errno 111] Connection refused>
g008157: URLError: <urlopen error [Errno 111] Connection refused>
g008151: URLError: <urlopen error [Errno 111] Connection refused>
g007900: URLError: <urlopen error [Errno 111] Connection refused>
g007878: URLError: <urlopen error [Errno 111] Connection refused>
g008161: URLError: <urlopen error [Errno 111] Connection refused>
g008155: URLError: <urlopen error [Errno 111] Connection refused>
g007882: URLError: <urlopen error [Errno 111] Connection refused>
g007904: URLError: <urlopen error [Errno 111] Connection refused>
g007886: URLError: <urlopen error [Errno 111] Connection refused>
g008165: URLError: <urlopen error [Errno 111] Connection refused>
g008159: URLError: <urlopen error [Errno 111] Connection refused>
g007890: URLError: <urlopen error [Errno 111] Connection refused>
g007908: URLError: <urlopen error [Errno 111] Connection refused>
g008169: URLError: <urlopen error [Errno 111] Connection refused>
g007894: URLError: <urlopen error [Errno 111] Connection refused>
g008163: URLError: <urlopen error [Errno 111] Connection refused>
g007912: URLError: <urlopen error [Errno 111] Connection refused>
g007898: URLError: <urlopen error [Errno 111] Connection refused>
g008173: URLError: <urlopen error [Errno 111] Connection refused>
g008167: URLError: <urlopen error [Errno 111] Connection refused>
g007916: URLError: <urlopen error [Errno 111] Connection refused>
g007902: URLError: <urlopen error [Errno 111] Connection refused>
g008177: URLError: <urlopen error [Errno 111] Connection refused>
g008171: URLError: <urlopen error [Errno 111] Connection refused>
g007920: URLError: <urlopen error [Errno 111] Connection refused>
g007906: URLError: <urlopen error [Errno 111] Connection refused>
g008181: URLError: <urlopen error [Errno 111] Connection refused>
g008175: URLError: <urlopen error [Errno 111] Connection refused>
g007910: URLError: <urlopen error [Errno 111] Connection refused>
g007924: URLError: <urlopen error [Errno 111] Connection refused>
g008185: URLError: <urlopen error [Errno 111] Connection refused>
g008179: URLError: <urlopen error [Errno 111] Connection refused>
g007914: URLError: <urlopen error [Errno 111] Connection refused>
g007928: URLError: <urlopen error [Errno 111] Connection refused>
g008189: URLError: <urlopen error [Errno 111] Connection refused>
g008183: URLError: <urlopen error [Errno 111] Connection refused>
g007918: URLError: <urlopen error [Errno 111] Connection refused>
g007932: URLError: <urlopen error [Errno 111] Connection refused>
g008187: URLError: <urlopen error [Errno 111] Connection refused>
g008193: URLError: <urlopen error [Errno 111] Connection refused>
g007922: URLError: <urlopen error [Errno 111] Connection refused>
g007936: URLError: <urlopen error [Errno 111] Connection refused>
g007926: URLError: <urlopen error [Errno 111] Connection refused>
g008191: URLError: <urlopen error [Errno 111] Connection refused>
g008197: URLError: <urlopen error [Errno 111] Connection refused>
g007940: URLError: <urlopen error [Errno 111] Connection refused>
g007930: URLError: <urlopen error [Errno 111] Connection refused>
g007934: URLError: <urlopen error [Errno 111] Connection refused>
g008201: URLError: <urlopen error [Errno 111] Connection refused>
g007944: URLError: <urlopen error [Errno 111] Connection refused>
g008195: URLError: <urlopen error [Errno 111] Connection refused>
g007938: URLError: <urlopen error [Errno 111] Connection refused>
g007948: URLError: <urlopen error [Errno 111] Connection refused>
g008205: URLError: <urlopen error [Errno 111] Connection refused>
g008199: URLError: <urlopen error [Errno 111] Connection refused>
g007942: URLError: <urlopen error [Errno 111] Connection refused>
g007952: URLError: <urlopen error [Errno 111] Connection refused>
g008209: URLError: <urlopen error [Errno 111] Connection refused>
g008203: URLError: <urlopen error [Errno 111] Connection refused>
g007946: URLError: <urlopen error [Errno 111] Connection refused>
g008213: URLError: <urlopen error [Errno 111] Connection refused>
g007950: URLError: <urlopen error [Errno 111] Connection refused>
g007956: URLError: <urlopen error [Errno 111] Connection refused>
g008207: URLError: <urlopen error [Errno 111] Connection refused>
g007954: URLError: <urlopen error [Errno 111] Connection refused>
g008217: URLError: <urlopen error [Errno 111] Connection refused>
g007960: URLError: <urlopen error [Errno 111] Connection refused>
g008211: URLError: <urlopen error [Errno 111] Connection refused>
g007958: URLError: <urlopen error [Errno 111] Connection refused>
g008221: URLError: <urlopen error [Errno 111] Connection refused>
g007962: URLError: <urlopen error [Errno 111] Connection refused>
g007964: URLError: <urlopen error [Errno 111] Connection refused>
g008215: URLError: <urlopen error [Errno 111] Connection refused>
g008219: URLError: <urlopen error [Errno 111] Connection refused>
g008225: URLError: <urlopen error [Errno 111] Connection refused>
g007968: URLError: <urlopen error [Errno 111] Connection refused>
g007966: URLError: <urlopen error [Errno 111] Connection refused>
g007970: URLError: <urlopen error [Errno 111] Connection refused>
g008229: URLError: <urlopen error [Errno 111] Connection refused>
g007972: URLError: <urlopen error [Errno 111] Connection refused>
g008223: URLError: <urlopen error [Errno 111] Connection refused>
g007974: URLError: <urlopen error [Errno 111] Connection refused>
g007976: URLError: <urlopen error [Errno 111] Connection refused>
g008233: URLError: <urlopen error [Errno 111] Connection refused>
g007978: URLError: <urlopen error [Errno 111] Connection refused>
g008227: URLError: <urlopen error [Errno 111] Connection refused>
g007982: URLError: <urlopen error [Errno 111] Connection refused>
g008237: URLError: <urlopen error [Errno 111] Connection refused>
g007980: URLError: <urlopen error [Errno 111] Connection refused>
g008231: URLError: <urlopen error [Errno 111] Connection refused>
g007986: URLError: <urlopen error [Errno 111] Connection refused>
g007990: URLError: <urlopen error [Errno 111] Connection refused>
g008235: URLError: <urlopen error [Errno 111] Connection refused>
g008241: URLError: <urlopen error [Errno 111] Connection refused>
g007984: URLError: <urlopen error [Errno 111] Connection refused>
g007994: URLError: <urlopen error [Errno 111] Connection refused>
g008239: URLError: <urlopen error [Errno 111] Connection refused>
g008245: URLError: <urlopen error [Errno 111] Connection refused>
g007998: URLError: <urlopen error [Errno 111] Connection refused>
g007988: URLError: <urlopen error [Errno 111] Connection refused>
g008002: URLError: <urlopen error [Errno 111] Connection refused>
g008243: URLError: <urlopen error [Errno 111] Connection refused>
g008006: URLError: <urlopen error [Errno 111] Connection refused>
g007992: URLError: <urlopen error [Errno 111] Connection refused>
g008249: URLError: <urlopen error [Errno 111] Connection refused>
g008010: URLError: <urlopen error [Errno 111] Connection refused>
g008247: URLError: <urlopen error [Errno 111] Connection refused>
g008014: URLError: <urlopen error [Errno 111] Connection refused>
g007996: URLError: <urlopen error [Errno 111] Connection refused>
g008253: URLError: <urlopen error [Errno 111] Connection refused>
g008018: URLError: <urlopen error [Errno 111] Connection refused>
g008251: URLError: <urlopen error [Errno 111] Connection refused>
g008257: URLError: <urlopen error [Errno 111] Connection refused>
g008000: URLError: <urlopen error [Errno 111] Connection refused>
g008022: URLError: <urlopen error [Errno 111] Connection refused>
g008026: URLError: <urlopen error [Errno 111] Connection refused>
g008255: URLError: <urlopen error [Errno 111] Connection refused>
g008261: URLError: <urlopen error [Errno 111] Connection refused>
g008004: URLError: <urlopen error [Errno 111] Connection refused>
g008030: URLError: <urlopen error [Errno 111] Connection refused>
g008259: URLError: <urlopen error [Errno 111] Connection refused>
g008265: URLError: <urlopen error [Errno 111] Connection refused>
g008008: URLError: <urlopen error [Errno 111] Connection refused>
g008034: URLError: <urlopen error [Errno 111] Connection refused>
g008263: URLError: <urlopen error [Errno 111] Connection refused>
g008038: URLError: <urlopen error [Errno 111] Connection refused>
g008012: URLError: <urlopen error [Errno 111] Connection refused>
g008267: URLError: <urlopen error [Errno 111] Connection refused>
g008042: URLError: <urlopen error [Errno 111] Connection refused>
g008269: URLError: <urlopen error [Errno 111] Connection refused>
g008016: URLError: <urlopen error [Errno 111] Connection refused>
g008046: URLError: <urlopen error [Errno 111] Connection refused>
g008271: URLError: <urlopen error [Errno 111] Connection refused>
g008273: URLError: <urlopen error [Errno 111] Connection refused>
g008050: URLError: <urlopen error [Errno 111] Connection refused>
g008020: URLError: <urlopen error [Errno 111] Connection refused>
g008275: URLError: <urlopen error [Errno 111] Connection refused>
g008054: URLError: <urlopen error [Errno 111] Connection refused>
g008277: URLError: <urlopen error [Errno 111] Connection refused>
g008279: URLError: <urlopen error [Errno 111] Connection refused>
g008024: URLError: <urlopen error [Errno 111] Connection refused>
g008058: URLError: <urlopen error [Errno 111] Connection refused>
g008281: URLError: <urlopen error [Errno 111] Connection refused>
g008283: URLError: <urlopen error [Errno 111] Connection refused>
g008028: URLError: <urlopen error [Errno 111] Connection refused>
g008062: URLError: <urlopen error [Errno 111] Connection refused>
g008285: URLError: <urlopen error [Errno 111] Connection refused>
g008066: URLError: <urlopen error [Errno 111] Connection refused>
g008287: URLError: <urlopen error [Errno 111] Connection refused>
g008032: URLError: <urlopen error [Errno 111] Connection refused>
g008070: URLError: <urlopen error [Errno 111] Connection refused>
g008289: URLError: <urlopen error [Errno 111] Connection refused>
g008074: URLError: <urlopen error [Errno 111] Connection refused>
g008291: URLError: <urlopen error [Errno 111] Connection refused>
g008036: URLError: <urlopen error [Errno 111] Connection refused>
g008293: URLError: <urlopen error [Errno 111] Connection refused>
g008078: URLError: <urlopen error [Errno 111] Connection refused>
g008040: URLError: <urlopen error [Errno 111] Connection refused>
g008295: URLError: <urlopen error [Errno 111] Connection refused>
g008297: URLError: <urlopen error [Errno 111] Connection refused>
g008082: URLError: <urlopen error [Errno 111] Connection refused>
g008044: URLError: <urlopen error [Errno 111] Connection refused>
g008299: URLError: <urlopen error [Errno 111] Connection refused>
g008086: URLError: <urlopen error [Errno 111] Connection refused>
g008301: URLError: <urlopen error [Errno 111] Connection refused>
g008090: URLError: <urlopen error [Errno 111] Connection refused>
g008048: URLError: <urlopen error [Errno 111] Connection refused>
g008303: URLError: <urlopen error [Errno 111] Connection refused>
g008094: URLError: <urlopen error [Errno 111] Connection refused>
g008305: URLError: <urlopen error [Errno 111] Connection refused>
g008052: URLError: <urlopen error [Errno 111] Connection refused>
g008307: URLError: <urlopen error [Errno 111] Connection refused>
g008098: URLError: <urlopen error [Errno 111] Connection refused>
g008309: URLError: <urlopen error [Errno 111] Connection refused>
g008102: URLError: <urlopen error [Errno 111] Connection refused>
g008056: URLError: <urlopen error [Errno 111] Connection refused>
g008311: URLError: <urlopen error [Errno 111] Connection refused>
g008313: URLError: <urlopen error [Errno 111] Connection refused>
g008106: URLError: <urlopen error [Errno 111] Connection refused>
g008060: URLError: <urlopen error [Errno 111] Connection refused>
g008315: URLError: <urlopen error [Errno 111] Connection refused>
g008317: URLError: <urlopen error [Errno 111] Connection refused>
g008110: URLError: <urlopen error [Errno 111] Connection refused>
g008064: URLError: <urlopen error [Errno 111] Connection refused>
g008319: URLError: <urlopen error [Errno 111] Connection refused>
g008114: URLError: <urlopen error [Errno 111] Connection refused>
g008321: URLError: <urlopen error [Errno 111] Connection refused>
g008068: URLError: <urlopen error [Errno 111] Connection refused>
g008323: URLError: <urlopen error [Errno 111] Connection refused>
g008118: URLError: <urlopen error [Errno 111] Connection refused>
g008325: URLError: <urlopen error [Errno 111] Connection refused>
g008122: URLError: <urlopen error [Errno 111] Connection refused>
g008072: URLError: <urlopen error [Errno 111] Connection refused>
g008327: URLError: <urlopen error [Errno 111] Connection refused>
g008329: URLError: <urlopen error [Errno 111] Connection refused>
g008126: URLError: <urlopen error [Errno 111] Connection refused>
g008076: URLError: <urlopen error [Errno 111] Connection refused>
g008331: URLError: <urlopen error [Errno 111] Connection refused>
g008333: URLError: <urlopen error [Errno 111] Connection refused>
g008130: URLError: <urlopen error [Errno 111] Connection refused>
g008080: URLError: <urlopen error [Errno 111] Connection refused>
g008335: URLError: <urlopen error [Errno 111] Connection refused>
g008337: URLError: <urlopen error [Errno 111] Connection refused>
g008134: URLError: <urlopen error [Errno 111] Connection refused>
g008138: URLError: <urlopen error [Errno 111] Connection refused>
g008084: URLError: <urlopen error [Errno 111] Connection refused>
g008339: URLError: <urlopen error [Errno 111] Connection refused>
g008341: URLError: <urlopen error [Errno 111] Connection refused>
g008142: URLError: <urlopen error [Errno 111] Connection refused>
g008088: URLError: <urlopen error [Errno 111] Connection refused>
g008343: URLError: <urlopen error [Errno 111] Connection refused>
g008146: URLError: <urlopen error [Errno 111] Connection refused>
g008345: URLError: <urlopen error [Errno 111] Connection refused>
g008092: URLError: <urlopen error [Errno 111] Connection refused>
g008347: URLError: <urlopen error [Errno 111] Connection refused>
g008349: URLError: <urlopen error [Errno 111] Connection refused>
g008096: URLError: <urlopen error [Errno 111] Connection refused>
g008150: URLError: <urlopen error [Errno 111] Connection refused>
g008353: URLError: <urlopen error [Errno 111] Connection refused>
g008154: URLError: <urlopen error [Errno 111] Connection refused>
g008100: URLError: <urlopen error [Errno 111] Connection refused>
g008351: URLError: <urlopen error [Errno 111] Connection refused>
g008158: URLError: <urlopen error [Errno 111] Connection refused>
g008357: URLError: <urlopen error [Errno 111] Connection refused>
g008104: URLError: <urlopen error [Errno 111] Connection refused>
g008355: URLError: <urlopen error [Errno 111] Connection refused>
g008162: URLError: <urlopen error [Errno 111] Connection refused>
g008108: URLError: <urlopen error [Errno 111] Connection refused>
g008166: URLError: <urlopen error [Errno 111] Connection refused>
g008359: URLError: <urlopen error [Errno 111] Connection refused>
g008112: URLError: <urlopen error [Errno 111] Connection refused>
g008363: URLError: <urlopen error [Errno 111] Connection refused>
g008170: URLError: <urlopen error [Errno 111] Connection refused>
g008174: URLError: <urlopen error [Errno 111] Connection refused>
g008116: URLError: <urlopen error [Errno 111] Connection refused>
g008367: URLError: <urlopen error [Errno 111] Connection refused>
g008178: URLError: <urlopen error [Errno 111] Connection refused>
g008182: URLError: <urlopen error [Errno 111] Connection refused>
g008120: URLError: <urlopen error [Errno 111] Connection refused>
g008371: URLError: <urlopen error [Errno 111] Connection refused>
g008361: URLError: <urlopen error [Errno 111] Connection refused>
g008186: URLError: <urlopen error [Errno 111] Connection refused>
g008124: URLError: <urlopen error [Errno 111] Connection refused>
g008375: URLError: <urlopen error [Errno 111] Connection refused>
g008190: URLError: <urlopen error [Errno 111] Connection refused>
g008365: URLError: <urlopen error [Errno 111] Connection refused>
g008128: URLError: <urlopen error [Errno 111] Connection refused>
g008194: URLError: <urlopen error [Errno 111] Connection refused>
g008379: URLError: <urlopen error [Errno 111] Connection refused>
g008198: URLError: <urlopen error [Errno 111] Connection refused>
g008369: URLError: <urlopen error [Errno 111] Connection refused>
g008132: URLError: <urlopen error [Errno 111] Connection refused>
g008383: URLError: <urlopen error [Errno 111] Connection refused>
g008202: URLError: <urlopen error [Errno 111] Connection refused>
g008206: URLError: <urlopen error [Errno 111] Connection refused>
g008373: URLError: <urlopen error [Errno 111] Connection refused>
g008136: URLError: <urlopen error [Errno 111] Connection refused>
g008387: URLError: <urlopen error [Errno 111] Connection refused>
g008210: URLError: <urlopen error [Errno 111] Connection refused>
g008214: URLError: <urlopen error [Errno 111] Connection refused>
g008377: URLError: <urlopen error [Errno 111] Connection refused>
g008140: URLError: <urlopen error [Errno 111] Connection refused>
g008391: URLError: <urlopen error [Errno 111] Connection refused>
g008218: URLError: <urlopen error [Errno 111] Connection refused>
g008222: URLError: <urlopen error [Errno 111] Connection refused>
g008381: URLError: <urlopen error [Errno 111] Connection refused>
g008395: URLError: <urlopen error [Errno 111] Connection refused>
g008144: URLError: <urlopen error [Errno 111] Connection refused>
g008226: URLError: <urlopen error [Errno 111] Connection refused>
g008385: URLError: <urlopen error [Errno 111] Connection refused>
g008399: URLError: <urlopen error [Errno 111] Connection refused>
g008230: URLError: <urlopen error [Errno 111] Connection refused>
g008148: URLError: <urlopen error [Errno 111] Connection refused>
g008234: URLError: <urlopen error [Errno 111] Connection refused>
g008403: URLError: <urlopen error [Errno 111] Connection refused>
g008389: URLError: <urlopen error [Errno 111] Connection refused>
g008152: URLError: <urlopen error [Errno 111] Connection refused>
g008238: URLError: <urlopen error [Errno 111] Connection refused>
g008242: URLError: <urlopen error [Errno 111] Connection refused>
g008407: URLError: <urlopen error [Errno 111] Connection refused>
g008393: URLError: <urlopen error [Errno 111] Connection refused>
g008246: URLError: <urlopen error [Errno 111] Connection refused>
g008411: URLError: <urlopen error [Errno 111] Connection refused>
g008156: URLError: <urlopen error [Errno 111] Connection refused>
g008250: URLError: <urlopen error [Errno 111] Connection refused>
g008397: URLError: <urlopen error [Errno 111] Connection refused>
g008254: URLError: <urlopen error [Errno 111] Connection refused>
g008401: URLError: <urlopen error [Errno 111] Connection refused>
g008160: URLError: <urlopen error [Errno 111] Connection refused>
g008415: URLError: <urlopen error [Errno 111] Connection refused>
g008405: URLError: <urlopen error [Errno 111] Connection refused>
g008258: URLError: <urlopen error [Errno 111] Connection refused>
g008419: URLError: <urlopen error [Errno 111] Connection refused>
g008164: URLError: <urlopen error [Errno 111] Connection refused>
g008262: URLError: <urlopen error [Errno 111] Connection refused>
g008409: URLError: <urlopen error [Errno 111] Connection refused>
g008168: URLError: <urlopen error [Errno 111] Connection refused>
g008266: URLError: <urlopen error [Errno 111] Connection refused>
g008413: URLError: <urlopen error [Errno 111] Connection refused>
g008270: URLError: <urlopen error [Errno 111] Connection refused>
g008172: URLError: <urlopen error [Errno 111] Connection refused>
g008274: URLError: <urlopen error [Errno 111] Connection refused>
g008417: URLError: <urlopen error [Errno 111] Connection refused>
g008278: URLError: <urlopen error [Errno 111] Connection refused>
g008423: URLError: <urlopen error [Errno 111] Connection refused>
g008421: URLError: <urlopen error [Errno 111] Connection refused>
g008427: URLError: <urlopen error [Errno 111] Connection refused>
g008176: URLError: <urlopen error [Errno 111] Connection refused>
g008425: URLError: <urlopen error [Errno 111] Connection refused>
g008282: URLError: <urlopen error [Errno 111] Connection refused>
g008429: URLError: <urlopen error [Errno 111] Connection refused>
g008431: URLError: <urlopen error [Errno 111] Connection refused>
g008180: URLError: <urlopen error [Errno 111] Connection refused>
g008286: URLError: <urlopen error [Errno 111] Connection refused>
g008433: URLError: <urlopen error [Errno 111] Connection refused>
g008290: URLError: <urlopen error [Errno 111] Connection refused>
g008435: URLError: <urlopen error [Errno 111] Connection refused>
g008184: URLError: <urlopen error [Errno 111] Connection refused>
g008294: URLError: <urlopen error [Errno 111] Connection refused>
g008437: URLError: <urlopen error [Errno 111] Connection refused>
g008298: URLError: <urlopen error [Errno 111] Connection refused>
g008439: URLError: <urlopen error [Errno 111] Connection refused>
g008188: URLError: <urlopen error [Errno 111] Connection refused>
g008441: URLError: <urlopen error [Errno 111] Connection refused>
g008302: URLError: <urlopen error [Errno 111] Connection refused>
g008192: URLError: <urlopen error [Errno 111] Connection refused>
g008445: URLError: <urlopen error [Errno 111] Connection refused>
g008443: URLError: <urlopen error [Errno 111] Connection refused>
g008306: URLError: <urlopen error [Errno 111] Connection refused>
g008310: URLError: <urlopen error [Errno 111] Connection refused>
g008449: URLError: <urlopen error [Errno 111] Connection refused>
g008314: URLError: <urlopen error [Errno 111] Connection refused>
g008453: URLError: <urlopen error [Errno 111] Connection refused>
g008318: URLError: <urlopen error [Errno 111] Connection refused>
g008457: URLError: <urlopen error [Errno 111] Connection refused>
g008196: URLError: <urlopen error [Errno 111] Connection refused>
g008322: URLError: <urlopen error [Errno 111] Connection refused>
g008461: URLError: <urlopen error [Errno 111] Connection refused>
g008326: URLError: <urlopen error [Errno 111] Connection refused>
g008465: URLError: <urlopen error [Errno 111] Connection refused>
g008200: URLError: <urlopen error [Errno 111] Connection refused>
g008447: URLError: <urlopen error [Errno 111] Connection refused>
g008330: URLError: <urlopen error [Errno 111] Connection refused>
g008469: URLError: <urlopen error [Errno 111] Connection refused>
g008334: URLError: <urlopen error [Errno 111] Connection refused>
g008204: URLError: <urlopen error [Errno 111] Connection refused>
g008451: URLError: <urlopen error [Errno 111] Connection refused>
g008338: URLError: <urlopen error [Errno 111] Connection refused>
g008473: URLError: <urlopen error [Errno 111] Connection refused>
g008208: URLError: <urlopen error [Errno 111] Connection refused>
g008342: URLError: <urlopen error [Errno 111] Connection refused>
g008455: URLError: <urlopen error [Errno 111] Connection refused>
g008477: URLError: <urlopen error [Errno 111] Connection refused>
g008346: URLError: <urlopen error [Errno 111] Connection refused>
g008350: URLError: <urlopen error [Errno 111] Connection refused>
g008481: URLError: <urlopen error [Errno 111] Connection refused>
g008354: URLError: <urlopen error [Errno 111] Connection refused>
g008358: URLError: <urlopen error [Errno 111] Connection refused>
g008459: URLError: <urlopen error [Errno 111] Connection refused>
g008485: URLError: <urlopen error [Errno 111] Connection refused>
g008362: URLError: <urlopen error [Errno 111] Connection refused>
g008489: URLError: <urlopen error [Errno 111] Connection refused>
g008366: URLError: <urlopen error [Errno 111] Connection refused>
g008463: URLError: <urlopen error [Errno 111] Connection refused>
g008370: URLError: <urlopen error [Errno 111] Connection refused>
g008493: URLError: <urlopen error [Errno 111] Connection refused>
g008374: URLError: <urlopen error [Errno 111] Connection refused>
g008212: URLError: <urlopen error [Errno 111] Connection refused>
g008467: URLError: <urlopen error [Errno 111] Connection refused>
g008497: URLError: <urlopen error [Errno 111] Connection refused>
g008378: URLError: <urlopen error [Errno 111] Connection refused>
g008501: URLError: <urlopen error [Errno 111] Connection refused>
g008471: URLError: <urlopen error [Errno 111] Connection refused>
g008216: URLError: <urlopen error [Errno 111] Connection refused>
g008382: URLError: <urlopen error [Errno 111] Connection refused>
g008505: URLError: <urlopen error [Errno 111] Connection refused>
g008475: URLError: <urlopen error [Errno 111] Connection refused>
g008386: URLError: <urlopen error [Errno 111] Connection refused>
g008390: URLError: <urlopen error [Errno 111] Connection refused>
g008509: URLError: <urlopen error [Errno 111] Connection refused>
g008479: URLError: <urlopen error [Errno 111] Connection refused>
g008394: URLError: <urlopen error [Errno 111] Connection refused>
g008513: URLError: <urlopen error [Errno 111] Connection refused>
g008398: URLError: <urlopen error [Errno 111] Connection refused>
g008483: URLError: <urlopen error [Errno 111] Connection refused>
g008402: URLError: <urlopen error [Errno 111] Connection refused>
g008517: URLError: <urlopen error [Errno 111] Connection refused>
g008487: URLError: <urlopen error [Errno 111] Connection refused>
g008406: URLError: <urlopen error [Errno 111] Connection refused>
g008521: URLError: <urlopen error [Errno 111] Connection refused>
g008410: URLError: <urlopen error [Errno 111] Connection refused>
g008491: URLError: <urlopen error [Errno 111] Connection refused>
g008525: URLError: <urlopen error [Errno 111] Connection refused>
g008414: URLError: <urlopen error [Errno 111] Connection refused>
g008529: URLError: <urlopen error [Errno 111] Connection refused>
g008495: URLError: <urlopen error [Errno 111] Connection refused>
g008418: URLError: <urlopen error [Errno 111] Connection refused>
g008533: URLError: <urlopen error [Errno 111] Connection refused>
g008499: URLError: <urlopen error [Errno 111] Connection refused>
g008422: URLError: <urlopen error [Errno 111] Connection refused>
g008426: URLError: <urlopen error [Errno 111] Connection refused>
g008537: URLError: <urlopen error [Errno 111] Connection refused>
g008503: URLError: <urlopen error [Errno 111] Connection refused>
g008430: URLError: <urlopen error [Errno 111] Connection refused>
g008541: URLError: <urlopen error [Errno 111] Connection refused>
g008434: URLError: <urlopen error [Errno 111] Connection refused>
g008507: URLError: <urlopen error [Errno 111] Connection refused>
g008438: URLError: <urlopen error [Errno 111] Connection refused>
g008545: URLError: <urlopen error [Errno 111] Connection refused>
g008442: URLError: <urlopen error [Errno 111] Connection refused>
g008511: URLError: <urlopen error [Errno 111] Connection refused>
g008549: URLError: <urlopen error [Errno 111] Connection refused>
g008446: URLError: <urlopen error [Errno 111] Connection refused>
g008553: URLError: <urlopen error [Errno 111] Connection refused>
g008515: URLError: <urlopen error [Errno 111] Connection refused>
g008557: URLError: <urlopen error [Errno 111] Connection refused>
g008519: URLError: <urlopen error [Errno 111] Connection refused>
g008561: URLError: <urlopen error [Errno 111] Connection refused>
g008565: URLError: <urlopen error [Errno 111] Connection refused>
g008523: URLError: <urlopen error [Errno 111] Connection refused>
g008569: URLError: <urlopen error [Errno 111] Connection refused>
g008527: URLError: <urlopen error [Errno 111] Connection refused>
g008450: URLError: <urlopen error [Errno 111] Connection refused>
g008573: URLError: <urlopen error [Errno 111] Connection refused>
g008531: URLError: <urlopen error [Errno 111] Connection refused>
g008535: URLError: <urlopen error [Errno 111] Connection refused>
g008454: URLError: <urlopen error [Errno 111] Connection refused>
g008577: URLError: <urlopen error [Errno 111] Connection refused>
g008539: URLError: <urlopen error [Errno 111] Connection refused>
g008458: URLError: <urlopen error [Errno 111] Connection refused>
g008543: URLError: <urlopen error [Errno 111] Connection refused>
g008581: URLError: <urlopen error [Errno 111] Connection refused>
g008462: URLError: <urlopen error [Errno 111] Connection refused>
g008547: URLError: <urlopen error [Errno 111] Connection refused>
g008585: URLError: <urlopen error [Errno 111] Connection refused>
g008466: URLError: <urlopen error [Errno 111] Connection refused>
g008551: URLError: <urlopen error [Errno 111] Connection refused>
g008589: URLError: <urlopen error [Errno 111] Connection refused>
g008470: URLError: <urlopen error [Errno 111] Connection refused>
g008555: URLError: <urlopen error [Errno 111] Connection refused>
g008593: URLError: <urlopen error [Errno 111] Connection refused>
g008474: URLError: <urlopen error [Errno 111] Connection refused>
g008559: URLError: <urlopen error [Errno 111] Connection refused>
g008220: URLError: <urlopen error [Errno 111] Connection refused>
g008597: URLError: <urlopen error [Errno 111] Connection refused>
g008563: URLError: <urlopen error [Errno 111] Connection refused>
g008478: URLError: <urlopen error [Errno 111] Connection refused>
g008224: URLError: <urlopen error [Errno 111] Connection refused>
g008601: URLError: <urlopen error [Errno 111] Connection refused>
g008567: URLError: <urlopen error [Errno 111] Connection refused>
g008482: URLError: <urlopen error [Errno 111] Connection refused>
g008571: URLError: <urlopen error [Errno 111] Connection refused>
g008486: URLError: <urlopen error [Errno 111] Connection refused>
g008228: URLError: <urlopen error [Errno 111] Connection refused>
g008605: URLError: <urlopen error [Errno 111] Connection refused>
g008575: URLError: <urlopen error [Errno 111] Connection refused>
g008490: URLError: <urlopen error [Errno 111] Connection refused>
g008232: URLError: <urlopen error [Errno 111] Connection refused>
g008609: URLError: <urlopen error [Errno 111] Connection refused>
g008579: URLError: <urlopen error [Errno 111] Connection refused>
g008494: URLError: <urlopen error [Errno 111] Connection refused>
g008236: URLError: <urlopen error [Errno 111] Connection refused>
g008613: URLError: <urlopen error [Errno 111] Connection refused>
g008583: URLError: <urlopen error [Errno 111] Connection refused>
g008240: URLError: <urlopen error [Errno 111] Connection refused>
g008498: URLError: <urlopen error [Errno 111] Connection refused>
g008617: URLError: <urlopen error [Errno 111] Connection refused>
g008587: URLError: <urlopen error [Errno 111] Connection refused>
g008502: URLError: <urlopen error [Errno 111] Connection refused>
g008244: URLError: <urlopen error [Errno 111] Connection refused>
g008621: URLError: <urlopen error [Errno 111] Connection refused>
g008591: URLError: <urlopen error [Errno 111] Connection refused>
g008506: URLError: <urlopen error [Errno 111] Connection refused>
g008248: URLError: <urlopen error [Errno 111] Connection refused>
g008625: URLError: <urlopen error [Errno 111] Connection refused>
g008595: URLError: <urlopen error [Errno 111] Connection refused>
g008252: URLError: <urlopen error [Errno 111] Connection refused>
g008510: URLError: <urlopen error [Errno 111] Connection refused>
g008599: URLError: <urlopen error [Errno 111] Connection refused>
g008629: URLError: <urlopen error [Errno 111] Connection refused>
g008603: URLError: <urlopen error [Errno 111] Connection refused>
g008256: URLError: <urlopen error [Errno 111] Connection refused>
g008633: URLError: <urlopen error [Errno 111] Connection refused>
g008514: URLError: <urlopen error [Errno 111] Connection refused>
g008607: URLError: <urlopen error [Errno 111] Connection refused>
g008518: URLError: <urlopen error [Errno 111] Connection refused>
g008637: URLError: <urlopen error [Errno 111] Connection refused>
g008611: URLError: <urlopen error [Errno 111] Connection refused>
g008641: URLError: <urlopen error [Errno 111] Connection refused>
g008260: URLError: <urlopen error [Errno 111] Connection refused>
g008615: URLError: <urlopen error [Errno 111] Connection refused>
g008645: URLError: <urlopen error [Errno 111] Connection refused>
g008619: URLError: <urlopen error [Errno 111] Connection refused>
g008522: URLError: <urlopen error [Errno 111] Connection refused>
g008623: URLError: <urlopen error [Errno 111] Connection refused>
g008526: URLError: <urlopen error [Errno 111] Connection refused>
g008627: URLError: <urlopen error [Errno 111] Connection refused>
g008631: URLError: <urlopen error [Errno 111] Connection refused>
g008530: URLError: <urlopen error [Errno 111] Connection refused>
g008264: URLError: <urlopen error [Errno 111] Connection refused>
g008534: URLError: <urlopen error [Errno 111] Connection refused>
g008649: URLError: <urlopen error [Errno 111] Connection refused>
g008635: URLError: <urlopen error [Errno 111] Connection refused>
g008268: URLError: <urlopen error [Errno 111] Connection refused>
g008538: URLError: <urlopen error [Errno 111] Connection refused>
g008653: URLError: <urlopen error [Errno 111] Connection refused>
g008272: URLError: <urlopen error [Errno 111] Connection refused>
g008542: URLError: <urlopen error [Errno 111] Connection refused>
g008657: URLError: <urlopen error [Errno 111] Connection refused>
g008276: URLError: <urlopen error [Errno 111] Connection refused>
g008546: URLError: <urlopen error [Errno 111] Connection refused>
g008661: URLError: <urlopen error [Errno 111] Connection refused>
g008550: URLError: <urlopen error [Errno 111] Connection refused>
g008665: URLError: <urlopen error [Errno 111] Connection refused>
g008639: URLError: <urlopen error [Errno 111] Connection refused>
g008669: URLError: <urlopen error [Errno 111] Connection refused>
g008643: URLError: <urlopen error [Errno 111] Connection refused>
g008673: URLError: <urlopen error [Errno 111] Connection refused>
g008280: URLError: <urlopen error [Errno 111] Connection refused>
g008647: URLError: <urlopen error [Errno 111] Connection refused>
g008677: URLError: <urlopen error [Errno 111] Connection refused>
g008651: URLError: <urlopen error [Errno 111] Connection refused>
g008681: URLError: <urlopen error [Errno 111] Connection refused>
g008284: URLError: <urlopen error [Errno 111] Connection refused>
g008554: URLError: <urlopen error [Errno 111] Connection refused>
g008655: URLError: <urlopen error [Errno 111] Connection refused>
g008685: URLError: <urlopen error [Errno 111] Connection refused>
g008558: URLError: <urlopen error [Errno 111] Connection refused>
g008288: URLError: <urlopen error [Errno 111] Connection refused>
g008659: URLError: <urlopen error [Errno 111] Connection refused>
g008689: URLError: <urlopen error [Errno 111] Connection refused>
g008562: URLError: <urlopen error [Errno 111] Connection refused>
g008292: URLError: <urlopen error [Errno 111] Connection refused>
g008663: URLError: <urlopen error [Errno 111] Connection refused>
g008693: URLError: <urlopen error [Errno 111] Connection refused>
g008566: URLError: <urlopen error [Errno 111] Connection refused>
g008296: URLError: <urlopen error [Errno 111] Connection refused>
g008667: URLError: <urlopen error [Errno 111] Connection refused>
g008697: URLError: <urlopen error [Errno 111] Connection refused>
g008570: URLError: <urlopen error [Errno 111] Connection refused>
g008300: URLError: <urlopen error [Errno 111] Connection refused>
g008671: URLError: <urlopen error [Errno 111] Connection refused>
g008574: URLError: <urlopen error [Errno 111] Connection refused>
g008701: URLError: <urlopen error [Errno 111] Connection refused>
g008675: URLError: <urlopen error [Errno 111] Connection refused>
g008304: URLError: <urlopen error [Errno 111] Connection refused>
g008705: URLError: <urlopen error [Errno 111] Connection refused>
g008578: URLError: <urlopen error [Errno 111] Connection refused>
g008679: URLError: <urlopen error [Errno 111] Connection refused>
g008308: URLError: <urlopen error [Errno 111] Connection refused>
g008683: URLError: <urlopen error [Errno 111] Connection refused>
g008709: URLError: <urlopen error [Errno 111] Connection refused>
g008582: URLError: <urlopen error [Errno 111] Connection refused>
g008312: URLError: <urlopen error [Errno 111] Connection refused>
g008687: URLError: <urlopen error [Errno 111] Connection refused>
g008713: URLError: <urlopen error [Errno 111] Connection refused>
g008586: URLError: <urlopen error [Errno 111] Connection refused>
g008316: URLError: <urlopen error [Errno 111] Connection refused>
g008691: URLError: <urlopen error [Errno 111] Connection refused>
g008717: URLError: <urlopen error [Errno 111] Connection refused>
g008320: URLError: <urlopen error [Errno 111] Connection refused>
g008590: URLError: <urlopen error [Errno 111] Connection refused>
g008721: URLError: <urlopen error [Errno 111] Connection refused>
g008695: URLError: <urlopen error [Errno 111] Connection refused>
g008324: URLError: <urlopen error [Errno 111] Connection refused>
g008594: URLError: <urlopen error [Errno 111] Connection refused>
g008725: URLError: <urlopen error [Errno 111] Connection refused>
g008699: URLError: <urlopen error [Errno 111] Connection refused>
g008328: URLError: <urlopen error [Errno 111] Connection refused>
g008598: URLError: <urlopen error [Errno 111] Connection refused>
g008703: URLError: <urlopen error [Errno 111] Connection refused>
g008729: URLError: <urlopen error [Errno 111] Connection refused>
g008602: URLError: <urlopen error [Errno 111] Connection refused>
g008332: URLError: <urlopen error [Errno 111] Connection refused>
g008707: URLError: <urlopen error [Errno 111] Connection refused>
g008733: URLError: <urlopen error [Errno 111] Connection refused>
g008606: URLError: <urlopen error [Errno 111] Connection refused>
g008336: URLError: <urlopen error [Errno 111] Connection refused>
g008737: URLError: <urlopen error [Errno 111] Connection refused>
g008711: URLError: <urlopen error [Errno 111] Connection refused>
g008715: URLError: <urlopen error [Errno 111] Connection refused>
g008340: URLError: <urlopen error [Errno 111] Connection refused>
g008610: URLError: <urlopen error [Errno 111] Connection refused>
g008741: URLError: <urlopen error [Errno 111] Connection refused>
g008719: URLError: <urlopen error [Errno 111] Connection refused>
g008614: URLError: <urlopen error [Errno 111] Connection refused>
g008745: URLError: <urlopen error [Errno 111] Connection refused>
g008344: URLError: <urlopen error [Errno 111] Connection refused>
g008723: URLError: <urlopen error [Errno 111] Connection refused>
g008749: URLError: <urlopen error [Errno 111] Connection refused>
g008618: URLError: <urlopen error [Errno 111] Connection refused>
g008348: URLError: <urlopen error [Errno 111] Connection refused>
g008727: URLError: <urlopen error [Errno 111] Connection refused>
g008622: URLError: <urlopen error [Errno 111] Connection refused>
g008753: URLError: <urlopen error [Errno 111] Connection refused>
g008352: URLError: <urlopen error [Errno 111] Connection refused>
g008731: URLError: <urlopen error [Errno 111] Connection refused>
g008757: URLError: <urlopen error [Errno 111] Connection refused>
g008626: URLError: <urlopen error [Errno 111] Connection refused>
g008356: URLError: <urlopen error [Errno 111] Connection refused>
g008735: URLError: <urlopen error [Errno 111] Connection refused>
g008761: URLError: <urlopen error [Errno 111] Connection refused>
g008630: URLError: <urlopen error [Errno 111] Connection refused>
g008360: URLError: <urlopen error [Errno 111] Connection refused>
g008765: URLError: <urlopen error [Errno 111] Connection refused>
g008634: URLError: <urlopen error [Errno 111] Connection refused>
g008364: URLError: <urlopen error [Errno 111] Connection refused>
g008769: URLError: <urlopen error [Errno 111] Connection refused>
g008638: URLError: <urlopen error [Errno 111] Connection refused>
g008368: URLError: <urlopen error [Errno 111] Connection refused>
g008739: URLError: <urlopen error [Errno 111] Connection refused>
g008773: URLError: <urlopen error [Errno 111] Connection refused>
g008642: URLError: <urlopen error [Errno 111] Connection refused>
g008777: URLError: <urlopen error [Errno 111] Connection refused>
g008781: URLError: <urlopen error [Errno 111] Connection refused>
g008372: URLError: <urlopen error [Errno 111] Connection refused>
g008785: URLError: <urlopen error [Errno 111] Connection refused>
g008646: URLError: <urlopen error [Errno 111] Connection refused>
g008376: URLError: <urlopen error [Errno 111] Connection refused>
g008789: URLError: <urlopen error [Errno 111] Connection refused>
g008650: URLError: <urlopen error [Errno 111] Connection refused>
g008380: URLError: <urlopen error [Errno 111] Connection refused>
g008793: URLError: <urlopen error [Errno 111] Connection refused>
g008654: URLError: <urlopen error [Errno 111] Connection refused>
g008384: URLError: <urlopen error [Errno 111] Connection refused>
g008797: URLError: <urlopen error [Errno 111] Connection refused>
g008658: URLError: <urlopen error [Errno 111] Connection refused>
g008388: URLError: <urlopen error [Errno 111] Connection refused>
g008743: URLError: <urlopen error [Errno 111] Connection refused>
g008662: URLError: <urlopen error [Errno 111] Connection refused>
g008801: URLError: <urlopen error [Errno 111] Connection refused>
g008392: URLError: <urlopen error [Errno 111] Connection refused>
g008747: URLError: <urlopen error [Errno 111] Connection refused>
g008666: URLError: <urlopen error [Errno 111] Connection refused>
g008805: URLError: <urlopen error [Errno 111] Connection refused>
g008396: URLError: <urlopen error [Errno 111] Connection refused>
g008751: URLError: <urlopen error [Errno 111] Connection refused>
g008400: URLError: <urlopen error [Errno 111] Connection refused>
g008809: URLError: <urlopen error [Errno 111] Connection refused>
g008755: URLError: <urlopen error [Errno 111] Connection refused>
g008670: URLError: <urlopen error [Errno 111] Connection refused>
g008813: URLError: <urlopen error [Errno 111] Connection refused>
g008404: URLError: <urlopen error [Errno 111] Connection refused>
g008759: URLError: <urlopen error [Errno 111] Connection refused>
g008674: URLError: <urlopen error [Errno 111] Connection refused>
g008817: URLError: <urlopen error [Errno 111] Connection refused>
g008408: URLError: <urlopen error [Errno 111] Connection refused>
g008763: URLError: <urlopen error [Errno 111] Connection refused>
g008678: URLError: <urlopen error [Errno 111] Connection refused>
g008821: URLError: <urlopen error [Errno 111] Connection refused>
g008412: URLError: <urlopen error [Errno 111] Connection refused>
g008767: URLError: <urlopen error [Errno 111] Connection refused>
g008682: URLError: <urlopen error [Errno 111] Connection refused>
g008825: URLError: <urlopen error [Errno 111] Connection refused>
g008686: URLError: <urlopen error [Errno 111] Connection refused>
g008829: URLError: <urlopen error [Errno 111] Connection refused>
g008690: URLError: <urlopen error [Errno 111] Connection refused>
g008833: URLError: <urlopen error [Errno 111] Connection refused>
g008694: URLError: <urlopen error [Errno 111] Connection refused>
g008416: URLError: <urlopen error [Errno 111] Connection refused>
g008837: URLError: <urlopen error [Errno 111] Connection refused>
g008420: URLError: <urlopen error [Errno 111] Connection refused>
g008698: URLError: <urlopen error [Errno 111] Connection refused>
g008841: URLError: <urlopen error [Errno 111] Connection refused>
g008702: URLError: <urlopen error [Errno 111] Connection refused>
g008424: URLError: <urlopen error [Errno 111] Connection refused>
g008706: URLError: <urlopen error [Errno 111] Connection refused>
g008845: URLError: <urlopen error [Errno 111] Connection refused>
g008428: URLError: <urlopen error [Errno 111] Connection refused>
g008710: URLError: <urlopen error [Errno 111] Connection refused>
g008849: URLError: <urlopen error [Errno 111] Connection refused>
g008432: URLError: <urlopen error [Errno 111] Connection refused>
g008714: URLError: <urlopen error [Errno 111] Connection refused>
g008436: URLError: <urlopen error [Errno 111] Connection refused>
g008853: URLError: <urlopen error [Errno 111] Connection refused>
g008440: URLError: <urlopen error [Errno 111] Connection refused>
g008857: URLError: <urlopen error [Errno 111] Connection refused>
g008718: URLError: <urlopen error [Errno 111] Connection refused>
g008722: URLError: <urlopen error [Errno 111] Connection refused>
g008861: URLError: <urlopen error [Errno 111] Connection refused>
g008444: URLError: <urlopen error [Errno 111] Connection refused>
g008448: URLError: <urlopen error [Errno 111] Connection refused>
g008865: URLError: <urlopen error [Errno 111] Connection refused>
g008726: URLError: <urlopen error [Errno 111] Connection refused>
g008869: URLError: <urlopen error [Errno 111] Connection refused>
g008452: URLError: <urlopen error [Errno 111] Connection refused>
g008730: URLError: <urlopen error [Errno 111] Connection refused>
g008456: URLError: <urlopen error [Errno 111] Connection refused>
g008873: URLError: <urlopen error [Errno 111] Connection refused>
g008734: URLError: <urlopen error [Errno 111] Connection refused>
g008877: URLError: <urlopen error [Errno 111] Connection refused>
g008460: URLError: <urlopen error [Errno 111] Connection refused>
g008738: URLError: <urlopen error [Errno 111] Connection refused>
g008464: URLError: <urlopen error [Errno 111] Connection refused>
g008881: URLError: <urlopen error [Errno 111] Connection refused>
g008742: URLError: <urlopen error [Errno 111] Connection refused>
g008468: URLError: <urlopen error [Errno 111] Connection refused>
g008885: URLError: <urlopen error [Errno 111] Connection refused>
g008746: URLError: <urlopen error [Errno 111] Connection refused>
g008472: URLError: <urlopen error [Errno 111] Connection refused>
g008750: URLError: <urlopen error [Errno 111] Connection refused>
g008889: URLError: <urlopen error [Errno 111] Connection refused>
g008476: URLError: <urlopen error [Errno 111] Connection refused>
g008893: URLError: <urlopen error [Errno 111] Connection refused>
g008754: URLError: <urlopen error [Errno 111] Connection refused>
g008480: URLError: <urlopen error [Errno 111] Connection refused>
g008897: URLError: <urlopen error [Errno 111] Connection refused>
g008758: URLError: <urlopen error [Errno 111] Connection refused>
g008901: URLError: <urlopen error [Errno 111] Connection refused>
g008762: URLError: <urlopen error [Errno 111] Connection refused>
g008484: URLError: <urlopen error [Errno 111] Connection refused>
g008488: URLError: <urlopen error [Errno 111] Connection refused>
g008905: URLError: <urlopen error [Errno 111] Connection refused>
g008766: URLError: <urlopen error [Errno 111] Connection refused>
g008492: URLError: <urlopen error [Errno 111] Connection refused>
g008770: URLError: <urlopen error [Errno 111] Connection refused>
g008909: URLError: <urlopen error [Errno 111] Connection refused>
g008771: URLError: <urlopen error [Errno 111] Connection refused>
g008913: URLError: <urlopen error [Errno 111] Connection refused>
g008774: URLError: <urlopen error [Errno 111] Connection refused>
g008496: URLError: <urlopen error [Errno 111] Connection refused>
g008500: URLError: <urlopen error [Errno 111] Connection refused>
g008775: URLError: <urlopen error [Errno 111] Connection refused>
g008778: URLError: <urlopen error [Errno 111] Connection refused>
g008917: URLError: <urlopen error [Errno 111] Connection refused>
g008504: URLError: <urlopen error [Errno 111] Connection refused>
g008921: URLError: <urlopen error [Errno 111] Connection refused>
g008782: URLError: <urlopen error [Errno 111] Connection refused>
g008786: URLError: <urlopen error [Errno 111] Connection refused>
g008925: URLError: <urlopen error [Errno 111] Connection refused>
g008929: URLError: <urlopen error [Errno 111] Connection refused>
g008790: URLError: <urlopen error [Errno 111] Connection refused>
g008933: URLError: <urlopen error [Errno 111] Connection refused>
g008794: URLError: <urlopen error [Errno 111] Connection refused>
g008937: URLError: <urlopen error [Errno 111] Connection refused>
g008798: URLError: <urlopen error [Errno 111] Connection refused>
g008941: URLError: <urlopen error [Errno 111] Connection refused>
g008802: URLError: <urlopen error [Errno 111] Connection refused>
g008945: URLError: <urlopen error [Errno 111] Connection refused>
g008949: URLError: <urlopen error [Errno 111] Connection refused>
g008806: URLError: <urlopen error [Errno 111] Connection refused>
g008953: URLError: <urlopen error [Errno 111] Connection refused>
g008810: URLError: <urlopen error [Errno 111] Connection refused>
g008957: URLError: <urlopen error [Errno 111] Connection refused>
g008814: URLError: <urlopen error [Errno 111] Connection refused>
g008961: URLError: <urlopen error [Errno 111] Connection refused>
g008818: URLError: <urlopen error [Errno 111] Connection refused>
g008822: URLError: <urlopen error [Errno 111] Connection refused>
g008779: URLError: <urlopen error [Errno 111] Connection refused>
g008965: URLError: <urlopen error [Errno 111] Connection refused>
g008826: URLError: <urlopen error [Errno 111] Connection refused>
g008969: URLError: <urlopen error [Errno 111] Connection refused>
g008508: URLError: <urlopen error [Errno 111] Connection refused>
g008783: URLError: <urlopen error [Errno 111] Connection refused>
g008973: URLError: <urlopen error [Errno 111] Connection refused>
g008830: URLError: <urlopen error [Errno 111] Connection refused>
g008512: URLError: <urlopen error [Errno 111] Connection refused>
g008787: URLError: <urlopen error [Errno 111] Connection refused>
g008834: URLError: <urlopen error [Errno 111] Connection refused>
g008977: URLError: <urlopen error [Errno 111] Connection refused>
g008791: URLError: <urlopen error [Errno 111] Connection refused>
g008981: URLError: <urlopen error [Errno 111] Connection refused>
g008838: URLError: <urlopen error [Errno 111] Connection refused>
g008516: URLError: <urlopen error [Errno 111] Connection refused>
g008795: URLError: <urlopen error [Errno 111] Connection refused>
g008985: URLError: <urlopen error [Errno 111] Connection refused>
g008842: URLError: <urlopen error [Errno 111] Connection refused>
g008520: URLError: <urlopen error [Errno 111] Connection refused>
g008846: URLError: <urlopen error [Errno 111] Connection refused>
g008799: URLError: <urlopen error [Errno 111] Connection refused>
g008989: URLError: <urlopen error [Errno 111] Connection refused>
g008993: URLError: <urlopen error [Errno 111] Connection refused>
g008803: URLError: <urlopen error [Errno 111] Connection refused>
g008524: URLError: <urlopen error [Errno 111] Connection refused>
g008850: URLError: <urlopen error [Errno 111] Connection refused>
g008997: URLError: <urlopen error [Errno 111] Connection refused>
g008807: URLError: <urlopen error [Errno 111] Connection refused>
g008854: URLError: <urlopen error [Errno 111] Connection refused>
g008528: URLError: <urlopen error [Errno 111] Connection refused>
g008811: URLError: <urlopen error [Errno 111] Connection refused>
g009001: URLError: <urlopen error [Errno 111] Connection refused>
g008858: URLError: <urlopen error [Errno 111] Connection refused>
g008532: URLError: <urlopen error [Errno 111] Connection refused>
g009005: URLError: <urlopen error [Errno 111] Connection refused>
g008862: URLError: <urlopen error [Errno 111] Connection refused>
g008815: URLError: <urlopen error [Errno 111] Connection refused>
g008536: URLError: <urlopen error [Errno 111] Connection refused>
g009009: URLError: <urlopen error [Errno 111] Connection refused>
g008866: URLError: <urlopen error [Errno 111] Connection refused>
g008819: URLError: <urlopen error [Errno 111] Connection refused>
g008540: URLError: <urlopen error [Errno 111] Connection refused>
g009013: URLError: <urlopen error [Errno 111] Connection refused>
g008870: URLError: <urlopen error [Errno 111] Connection refused>
g008823: URLError: <urlopen error [Errno 111] Connection refused>
g008544: URLError: <urlopen error [Errno 111] Connection refused>
g009017: URLError: <urlopen error [Errno 111] Connection refused>
g008874: URLError: <urlopen error [Errno 111] Connection refused>
g008548: URLError: <urlopen error [Errno 111] Connection refused>
g008827: URLError: <urlopen error [Errno 111] Connection refused>
g009021: URLError: <urlopen error [Errno 111] Connection refused>
g008552: URLError: <urlopen error [Errno 111] Connection refused>
g008831: URLError: <urlopen error [Errno 111] Connection refused>
g008878: URLError: <urlopen error [Errno 111] Connection refused>
g009025: URLError: <urlopen error [Errno 111] Connection refused>
g008556: URLError: <urlopen error [Errno 111] Connection refused>
g008882: URLError: <urlopen error [Errno 111] Connection refused>
g008835: URLError: <urlopen error [Errno 111] Connection refused>
g009029: URLError: <urlopen error [Errno 111] Connection refused>
g008560: URLError: <urlopen error [Errno 111] Connection refused>
g008886: URLError: <urlopen error [Errno 111] Connection refused>
g008839: URLError: <urlopen error [Errno 111] Connection refused>
g009033: URLError: <urlopen error [Errno 111] Connection refused>
g008843: URLError: <urlopen error [Errno 111] Connection refused>
g008564: URLError: <urlopen error [Errno 111] Connection refused>
g008890: URLError: <urlopen error [Errno 111] Connection refused>
g009037: URLError: <urlopen error [Errno 111] Connection refused>
g008847: URLError: <urlopen error [Errno 111] Connection refused>
g008851: URLError: <urlopen error [Errno 111] Connection refused>
g008894: URLError: <urlopen error [Errno 111] Connection refused>
g008568: URLError: <urlopen error [Errno 111] Connection refused>
g008898: URLError: <urlopen error [Errno 111] Connection refused>
g008572: URLError: <urlopen error [Errno 111] Connection refused>
g008576: URLError: <urlopen error [Errno 111] Connection refused>
g009041: URLError: <urlopen error [Errno 111] Connection refused>
g008902: URLError: <urlopen error [Errno 111] Connection refused>
g008855: URLError: <urlopen error [Errno 111] Connection refused>
g008906: URLError: <urlopen error [Errno 111] Connection refused>
g009045: URLError: <urlopen error [Errno 111] Connection refused>
g008580: URLError: <urlopen error [Errno 111] Connection refused>
g009049: URLError: <urlopen error [Errno 111] Connection refused>
g008910: URLError: <urlopen error [Errno 111] Connection refused>
g008584: URLError: <urlopen error [Errno 111] Connection refused>
g008914: URLError: <urlopen error [Errno 111] Connection refused>
g009053: URLError: <urlopen error [Errno 111] Connection refused>
g008918: URLError: <urlopen error [Errno 111] Connection refused>
g009057: URLError: <urlopen error [Errno 111] Connection refused>
g008922: URLError: <urlopen error [Errno 111] Connection refused>
g008926: URLError: <urlopen error [Errno 111] Connection refused>
g009061: URLError: <urlopen error [Errno 111] Connection refused>
g008859: URLError: <urlopen error [Errno 111] Connection refused>
g008863: URLError: <urlopen error [Errno 111] Connection refused>
g008930: URLError: <urlopen error [Errno 111] Connection refused>
g008588: URLError: <urlopen error [Errno 111] Connection refused>
g009065: URLError: <urlopen error [Errno 111] Connection refused>
g008867: URLError: <urlopen error [Errno 111] Connection refused>
g008592: URLError: <urlopen error [Errno 111] Connection refused>
g008934: URLError: <urlopen error [Errno 111] Connection refused>
g009069: URLError: <urlopen error [Errno 111] Connection refused>
g008938: URLError: <urlopen error [Errno 111] Connection refused>
g008871: URLError: <urlopen error [Errno 111] Connection refused>
g008596: URLError: <urlopen error [Errno 111] Connection refused>
g008875: URLError: <urlopen error [Errno 111] Connection refused>
g008600: URLError: <urlopen error [Errno 111] Connection refused>
g008879: URLError: <urlopen error [Errno 111] Connection refused>
g008604: URLError: <urlopen error [Errno 111] Connection refused>
g008883: URLError: <urlopen error [Errno 111] Connection refused>
g008608: URLError: <urlopen error [Errno 111] Connection refused>
g008887: URLError: <urlopen error [Errno 111] Connection refused>
g008891: URLError: <urlopen error [Errno 111] Connection refused>
g008895: URLError: <urlopen error [Errno 111] Connection refused>
g008612: URLError: <urlopen error [Errno 111] Connection refused>
g008899: URLError: <urlopen error [Errno 111] Connection refused>
g008616: URLError: <urlopen error [Errno 111] Connection refused>
g008903: URLError: <urlopen error [Errno 111] Connection refused>
g009073: URLError: <urlopen error [Errno 111] Connection refused>
g008907: URLError: <urlopen error [Errno 111] Connection refused>
g008620: URLError: <urlopen error [Errno 111] Connection refused>
g009077: URLError: <urlopen error [Errno 111] Connection refused>
g008911: URLError: <urlopen error [Errno 111] Connection refused>
g008624: URLError: <urlopen error [Errno 111] Connection refused>
g008942: URLError: <urlopen error [Errno 111] Connection refused>
g008915: URLError: <urlopen error [Errno 111] Connection refused>
g008628: URLError: <urlopen error [Errno 111] Connection refused>
g008946: URLError: <urlopen error [Errno 111] Connection refused>
g009081: URLError: <urlopen error [Errno 111] Connection refused>
g008919: URLError: <urlopen error [Errno 111] Connection refused>
g008632: URLError: <urlopen error [Errno 111] Connection refused>
g009085: URLError: <urlopen error [Errno 111] Connection refused>
g008950: URLError: <urlopen error [Errno 111] Connection refused>
g008923: URLError: <urlopen error [Errno 111] Connection refused>
g008636: URLError: <urlopen error [Errno 111] Connection refused>
g009089: URLError: <urlopen error [Errno 111] Connection refused>
g008927: URLError: <urlopen error [Errno 111] Connection refused>
g008954: URLError: <urlopen error [Errno 111] Connection refused>
g008640: URLError: <urlopen error [Errno 111] Connection refused>
g009093: URLError: <urlopen error [Errno 111] Connection refused>
g008931: URLError: <urlopen error [Errno 111] Connection refused>
g008958: URLError: <urlopen error [Errno 111] Connection refused>
g008644: URLError: <urlopen error [Errno 111] Connection refused>
g008935: URLError: <urlopen error [Errno 111] Connection refused>
g009097: URLError: <urlopen error [Errno 111] Connection refused>
g008962: URLError: <urlopen error [Errno 111] Connection refused>
g008648: URLError: <urlopen error [Errno 111] Connection refused>
g008939: URLError: <urlopen error [Errno 111] Connection refused>
g009101: URLError: <urlopen error [Errno 111] Connection refused>
g008652: URLError: <urlopen error [Errno 111] Connection refused>
g008966: URLError: <urlopen error [Errno 111] Connection refused>
g008943: URLError: <urlopen error [Errno 111] Connection refused>
g009105: URLError: <urlopen error [Errno 111] Connection refused>
g008656: URLError: <urlopen error [Errno 111] Connection refused>
g008970: URLError: <urlopen error [Errno 111] Connection refused>
g008947: URLError: <urlopen error [Errno 111] Connection refused>
g009109: URLError: <urlopen error [Errno 111] Connection refused>
g008660: URLError: <urlopen error [Errno 111] Connection refused>
g008974: URLError: <urlopen error [Errno 111] Connection refused>
g008951: URLError: <urlopen error [Errno 111] Connection refused>
g009113: URLError: <urlopen error [Errno 111] Connection refused>
g008664: URLError: <urlopen error [Errno 111] Connection refused>
g008978: URLError: <urlopen error [Errno 111] Connection refused>
g009117: URLError: <urlopen error [Errno 111] Connection refused>
g008955: URLError: <urlopen error [Errno 111] Connection refused>
g008668: URLError: <urlopen error [Errno 111] Connection refused>
g009121: URLError: <urlopen error [Errno 111] Connection refused>
g008982: URLError: <urlopen error [Errno 111] Connection refused>
g008959: URLError: <urlopen error [Errno 111] Connection refused>
g008672: URLError: <urlopen error [Errno 111] Connection refused>
g008963: URLError: <urlopen error [Errno 111] Connection refused>
g009125: URLError: <urlopen error [Errno 111] Connection refused>
g008986: URLError: <urlopen error [Errno 111] Connection refused>
g008967: URLError: <urlopen error [Errno 111] Connection refused>
g008676: URLError: <urlopen error [Errno 111] Connection refused>
g008971: URLError: <urlopen error [Errno 111] Connection refused>
g009129: URLError: <urlopen error [Errno 111] Connection refused>
g008990: URLError: <urlopen error [Errno 111] Connection refused>
g008680: URLError: <urlopen error [Errno 111] Connection refused>
g008975: URLError: <urlopen error [Errno 111] Connection refused>
g009133: URLError: <urlopen error [Errno 111] Connection refused>
g008979: URLError: <urlopen error [Errno 111] Connection refused>
g008994: URLError: <urlopen error [Errno 111] Connection refused>
g008684: URLError: <urlopen error [Errno 111] Connection refused>
g008983: URLError: <urlopen error [Errno 111] Connection refused>
g009137: URLError: <urlopen error [Errno 111] Connection refused>
g008998: URLError: <urlopen error [Errno 111] Connection refused>
g008688: URLError: <urlopen error [Errno 111] Connection refused>
g008987: URLError: <urlopen error [Errno 111] Connection refused>
g009141: URLError: <urlopen error [Errno 111] Connection refused>
g009002: URLError: <urlopen error [Errno 111] Connection refused>
g008692: URLError: <urlopen error [Errno 111] Connection refused>
g008991: URLError: <urlopen error [Errno 111] Connection refused>
g009145: URLError: <urlopen error [Errno 111] Connection refused>
g008995: URLError: <urlopen error [Errno 111] Connection refused>
g008696: URLError: <urlopen error [Errno 111] Connection refused>
g009006: URLError: <urlopen error [Errno 111] Connection refused>
g009149: URLError: <urlopen error [Errno 111] Connection refused>
g008999: URLError: <urlopen error [Errno 111] Connection refused>
g008700: URLError: <urlopen error [Errno 111] Connection refused>
g009010: URLError: <urlopen error [Errno 111] Connection refused>
g009153: URLError: <urlopen error [Errno 111] Connection refused>
g009003: URLError: <urlopen error [Errno 111] Connection refused>
g008704: URLError: <urlopen error [Errno 111] Connection refused>
g009014: URLError: <urlopen error [Errno 111] Connection refused>
g009157: URLError: <urlopen error [Errno 111] Connection refused>
g009007: URLError: <urlopen error [Errno 111] Connection refused>
g008708: URLError: <urlopen error [Errno 111] Connection refused>
g009018: URLError: <urlopen error [Errno 111] Connection refused>
g009161: URLError: <urlopen error [Errno 111] Connection refused>
g009011: URLError: <urlopen error [Errno 111] Connection refused>
g008712: URLError: <urlopen error [Errno 111] Connection refused>
g009015: URLError: <urlopen error [Errno 111] Connection refused>
g009165: URLError: <urlopen error [Errno 111] Connection refused>
g008716: URLError: <urlopen error [Errno 111] Connection refused>
g009022: URLError: <urlopen error [Errno 111] Connection refused>
g009019: URLError: <urlopen error [Errno 111] Connection refused>
g009169: URLError: <urlopen error [Errno 111] Connection refused>
g008720: URLError: <urlopen error [Errno 111] Connection refused>
g009026: URLError: <urlopen error [Errno 111] Connection refused>
g009023: URLError: <urlopen error [Errno 111] Connection refused>
g009173: URLError: <urlopen error [Errno 111] Connection refused>
g008724: URLError: <urlopen error [Errno 111] Connection refused>
g008728: URLError: <urlopen error [Errno 111] Connection refused>
g009030: URLError: <urlopen error [Errno 111] Connection refused>
g009027: URLError: <urlopen error [Errno 111] Connection refused>
g009177: URLError: <urlopen error [Errno 111] Connection refused>
g009034: URLError: <urlopen error [Errno 111] Connection refused>
g008732: URLError: <urlopen error [Errno 111] Connection refused>
g009031: URLError: <urlopen error [Errno 111] Connection refused>
g009181: URLError: <urlopen error [Errno 111] Connection refused>
g008736: URLError: <urlopen error [Errno 111] Connection refused>
g009038: URLError: <urlopen error [Errno 111] Connection refused>
g009035: URLError: <urlopen error [Errno 111] Connection refused>
g009185: URLError: <urlopen error [Errno 111] Connection refused>
g008740: URLError: <urlopen error [Errno 111] Connection refused>
g009042: URLError: <urlopen error [Errno 111] Connection refused>
g009039: URLError: <urlopen error [Errno 111] Connection refused>
g009189: URLError: <urlopen error [Errno 111] Connection refused>
g008744: URLError: <urlopen error [Errno 111] Connection refused>
g009043: URLError: <urlopen error [Errno 111] Connection refused>
g009046: URLError: <urlopen error [Errno 111] Connection refused>
g009193: URLError: <urlopen error [Errno 111] Connection refused>
g008748: URLError: <urlopen error [Errno 111] Connection refused>
g009047: URLError: <urlopen error [Errno 111] Connection refused>
g009197: URLError: <urlopen error [Errno 111] Connection refused>
g008752: URLError: <urlopen error [Errno 111] Connection refused>
g009050: URLError: <urlopen error [Errno 111] Connection refused>
g009051: URLError: <urlopen error [Errno 111] Connection refused>
g009201: URLError: <urlopen error [Errno 111] Connection refused>
g008756: URLError: <urlopen error [Errno 111] Connection refused>
g009055: URLError: <urlopen error [Errno 111] Connection refused>
g009205: URLError: <urlopen error [Errno 111] Connection refused>
g009054: URLError: <urlopen error [Errno 111] Connection refused>
g008760: URLError: <urlopen error [Errno 111] Connection refused>
g009059: URLError: <urlopen error [Errno 111] Connection refused>
g009209: URLError: <urlopen error [Errno 111] Connection refused>
g009058: URLError: <urlopen error [Errno 111] Connection refused>
g008764: URLError: <urlopen error [Errno 111] Connection refused>
g009063: URLError: <urlopen error [Errno 111] Connection refused>
g009213: URLError: <urlopen error [Errno 111] Connection refused>
g008768: URLError: <urlopen error [Errno 111] Connection refused>
g009062: URLError: <urlopen error [Errno 111] Connection refused>
g008772: URLError: <urlopen error [Errno 111] Connection refused>
g009066: URLError: <urlopen error [Errno 111] Connection refused>
g009217: URLError: <urlopen error [Errno 111] Connection refused>
g009067: URLError: <urlopen error [Errno 111] Connection refused>
g009070: URLError: <urlopen error [Errno 111] Connection refused>
g008776: URLError: <urlopen error [Errno 111] Connection refused>
g009221: URLError: <urlopen error [Errno 111] Connection refused>
g009071: URLError: <urlopen error [Errno 111] Connection refused>
g009074: URLError: <urlopen error [Errno 111] Connection refused>
g008780: URLError: <urlopen error [Errno 111] Connection refused>
g009225: URLError: <urlopen error [Errno 111] Connection refused>
g009075: URLError: <urlopen error [Errno 111] Connection refused>
g009078: URLError: <urlopen error [Errno 111] Connection refused>
g008784: URLError: <urlopen error [Errno 111] Connection refused>
g009229: URLError: <urlopen error [Errno 111] Connection refused>
g009082: URLError: <urlopen error [Errno 111] Connection refused>
g009079: URLError: <urlopen error [Errno 111] Connection refused>
g008788: URLError: <urlopen error [Errno 111] Connection refused>
g009086: URLError: <urlopen error [Errno 111] Connection refused>
g009233: URLError: <urlopen error [Errno 111] Connection refused>
g009083: URLError: <urlopen error [Errno 111] Connection refused>
g009090: URLError: <urlopen error [Errno 111] Connection refused>
g008792: URLError: <urlopen error [Errno 111] Connection refused>
g009237: URLError: <urlopen error [Errno 111] Connection refused>
g009094: URLError: <urlopen error [Errno 111] Connection refused>
g009087: URLError: <urlopen error [Errno 111] Connection refused>
g009098: URLError: <urlopen error [Errno 111] Connection refused>
g008796: URLError: <urlopen error [Errno 111] Connection refused>
g009241: URLError: <urlopen error [Errno 111] Connection refused>
g009102: URLError: <urlopen error [Errno 111] Connection refused>
g009091: URLError: <urlopen error [Errno 111] Connection refused>
g008800: URLError: <urlopen error [Errno 111] Connection refused>
g009106: URLError: <urlopen error [Errno 111] Connection refused>
g009245: URLError: <urlopen error [Errno 111] Connection refused>
g009095: URLError: <urlopen error [Errno 111] Connection refused>
g009110: URLError: <urlopen error [Errno 111] Connection refused>
g008804: URLError: <urlopen error [Errno 111] Connection refused>
g009249: URLError: <urlopen error [Errno 111] Connection refused>
g009114: URLError: <urlopen error [Errno 111] Connection refused>
g009099: URLError: <urlopen error [Errno 111] Connection refused>
g008808: URLError: <urlopen error [Errno 111] Connection refused>
g009118: URLError: <urlopen error [Errno 111] Connection refused>
g009253: URLError: <urlopen error [Errno 111] Connection refused>
g009103: URLError: <urlopen error [Errno 111] Connection refused>
g009122: URLError: <urlopen error [Errno 111] Connection refused>
g008812: URLError: <urlopen error [Errno 111] Connection refused>
g009257: URLError: <urlopen error [Errno 111] Connection refused>
g009107: URLError: <urlopen error [Errno 111] Connection refused>
g008816: URLError: <urlopen error [Errno 111] Connection refused>
g009261: URLError: <urlopen error [Errno 111] Connection refused>
g009111: URLError: <urlopen error [Errno 111] Connection refused>
g009126: URLError: <urlopen error [Errno 111] Connection refused>
g008820: URLError: <urlopen error [Errno 111] Connection refused>
g009265: URLError: <urlopen error [Errno 111] Connection refused>
g009115: URLError: <urlopen error [Errno 111] Connection refused>
g008824: URLError: <urlopen error [Errno 111] Connection refused>
g009130: URLError: <urlopen error [Errno 111] Connection refused>
g009269: URLError: <urlopen error [Errno 111] Connection refused>
g009119: URLError: <urlopen error [Errno 111] Connection refused>
g008828: URLError: <urlopen error [Errno 111] Connection refused>
g009123: URLError: <urlopen error [Errno 111] Connection refused>
g009273: URLError: <urlopen error [Errno 111] Connection refused>
g009134: URLError: <urlopen error [Errno 111] Connection refused>
g009127: URLError: <urlopen error [Errno 111] Connection refused>
g008832: URLError: <urlopen error [Errno 111] Connection refused>
g009277: URLError: <urlopen error [Errno 111] Connection refused>
g009131: URLError: <urlopen error [Errno 111] Connection refused>
g009138: URLError: <urlopen error [Errno 111] Connection refused>
g008836: URLError: <urlopen error [Errno 111] Connection refused>
g009281: URLError: <urlopen error [Errno 111] Connection refused>
g009135: URLError: <urlopen error [Errno 111] Connection refused>
g009142: URLError: <urlopen error [Errno 111] Connection refused>
g008840: URLError: <urlopen error [Errno 111] Connection refused>
g009139: URLError: <urlopen error [Errno 111] Connection refused>
g009285: URLError: <urlopen error [Errno 111] Connection refused>
g009143: URLError: <urlopen error [Errno 111] Connection refused>
g008844: URLError: <urlopen error [Errno 111] Connection refused>
g009146: URLError: <urlopen error [Errno 111] Connection refused>
g009289: URLError: <urlopen error [Errno 111] Connection refused>
g009147: URLError: <urlopen error [Errno 111] Connection refused>
g008848: URLError: <urlopen error [Errno 111] Connection refused>
g009151: URLError: <urlopen error [Errno 111] Connection refused>
g009150: URLError: <urlopen error [Errno 111] Connection refused>
g009293: URLError: <urlopen error [Errno 111] Connection refused>
g008852: URLError: <urlopen error [Errno 111] Connection refused>
g009155: URLError: <urlopen error [Errno 111] Connection refused>
g009297: URLError: <urlopen error [Errno 111] Connection refused>
g009154: URLError: <urlopen error [Errno 111] Connection refused>
g008856: URLError: <urlopen error [Errno 111] Connection refused>
g009159: URLError: <urlopen error [Errno 111] Connection refused>
g009301: URLError: <urlopen error [Errno 111] Connection refused>
g008860: URLError: <urlopen error [Errno 111] Connection refused>
g009163: URLError: <urlopen error [Errno 111] Connection refused>
g009305: URLError: <urlopen error [Errno 111] Connection refused>
g009167: URLError: <urlopen error [Errno 111] Connection refused>
g008864: URLError: <urlopen error [Errno 111] Connection refused>
g009158: URLError: <urlopen error [Errno 111] Connection refused>
g009171: URLError: <urlopen error [Errno 111] Connection refused>
g009309: URLError: <urlopen error [Errno 111] Connection refused>
g008868: URLError: <urlopen error [Errno 111] Connection refused>
g009175: URLError: <urlopen error [Errno 111] Connection refused>
g009313: URLError: <urlopen error [Errno 111] Connection refused>
g008872: URLError: <urlopen error [Errno 111] Connection refused>
g009162: URLError: <urlopen error [Errno 111] Connection refused>
g009317: URLError: <urlopen error [Errno 111] Connection refused>
g008876: URLError: <urlopen error [Errno 111] Connection refused>
g009179: URLError: <urlopen error [Errno 111] Connection refused>
g009321: URLError: <urlopen error [Errno 111] Connection refused>
g009183: URLError: <urlopen error [Errno 111] Connection refused>
g008880: URLError: <urlopen error [Errno 111] Connection refused>
g009325: URLError: <urlopen error [Errno 111] Connection refused>
g008884: URLError: <urlopen error [Errno 111] Connection refused>
g009187: URLError: <urlopen error [Errno 111] Connection refused>
g009329: URLError: <urlopen error [Errno 111] Connection refused>
g008888: URLError: <urlopen error [Errno 111] Connection refused>
g009333: URLError: <urlopen error [Errno 111] Connection refused>
g008892: URLError: <urlopen error [Errno 111] Connection refused>
g009337: URLError: <urlopen error [Errno 111] Connection refused>
g008896: URLError: <urlopen error [Errno 111] Connection refused>
g009191: URLError: <urlopen error [Errno 111] Connection refused>
g008900: URLError: <urlopen error [Errno 111] Connection refused>
g009341: URLError: <urlopen error [Errno 111] Connection refused>
g009195: URLError: <urlopen error [Errno 111] Connection refused>
g009166: URLError: <urlopen error [Errno 111] Connection refused>
g008904: URLError: <urlopen error [Errno 111] Connection refused>
g009345: URLError: <urlopen error [Errno 111] Connection refused>
g009199: URLError: <urlopen error [Errno 111] Connection refused>
g008908: URLError: <urlopen error [Errno 111] Connection refused>
g009349: URLError: <urlopen error [Errno 111] Connection refused>
g009170: URLError: <urlopen error [Errno 111] Connection refused>
g009203: URLError: <urlopen error [Errno 111] Connection refused>
g008912: URLError: <urlopen error [Errno 111] Connection refused>
g009174: URLError: <urlopen error [Errno 111] Connection refused>
g009353: URLError: <urlopen error [Errno 111] Connection refused>
g009207: URLError: <urlopen error [Errno 111] Connection refused>
g008916: URLError: <urlopen error [Errno 111] Connection refused>
g009357: URLError: <urlopen error [Errno 111] Connection refused>
g009178: URLError: <urlopen error [Errno 111] Connection refused>
g009211: URLError: <urlopen error [Errno 111] Connection refused>
g008920: URLError: <urlopen error [Errno 111] Connection refused>
g009361: URLError: <urlopen error [Errno 111] Connection refused>
g009182: URLError: <urlopen error [Errno 111] Connection refused>
g009215: URLError: <urlopen error [Errno 111] Connection refused>
g008924: URLError: <urlopen error [Errno 111] Connection refused>
g009365: URLError: <urlopen error [Errno 111] Connection refused>
g009186: URLError: <urlopen error [Errno 111] Connection refused>
g009219: URLError: <urlopen error [Errno 111] Connection refused>
g008928: URLError: <urlopen error [Errno 111] Connection refused>
g009369: URLError: <urlopen error [Errno 111] Connection refused>
g009190: URLError: <urlopen error [Errno 111] Connection refused>
g009223: URLError: <urlopen error [Errno 111] Connection refused>
g008932: URLError: <urlopen error [Errno 111] Connection refused>
g009373: URLError: <urlopen error [Errno 111] Connection refused>
g009194: URLError: <urlopen error [Errno 111] Connection refused>
g008936: URLError: <urlopen error [Errno 111] Connection refused>
g009377: URLError: <urlopen error [Errno 111] Connection refused>
g009198: URLError: <urlopen error [Errno 111] Connection refused>
g009227: URLError: <urlopen error [Errno 111] Connection refused>
g008940: URLError: <urlopen error [Errno 111] Connection refused>
g009202: URLError: <urlopen error [Errno 111] Connection refused>
g009381: URLError: <urlopen error [Errno 111] Connection refused>
g009231: URLError: <urlopen error [Errno 111] Connection refused>
g008944: URLError: <urlopen error [Errno 111] Connection refused>
g009206: URLError: <urlopen error [Errno 111] Connection refused>
g009235: URLError: <urlopen error [Errno 111] Connection refused>
g009385: URLError: <urlopen error [Errno 111] Connection refused>
g008948: URLError: <urlopen error [Errno 111] Connection refused>
g009210: URLError: <urlopen error [Errno 111] Connection refused>
g009239: URLError: <urlopen error [Errno 111] Connection refused>
g009389: URLError: <urlopen error [Errno 111] Connection refused>
g009243: URLError: <urlopen error [Errno 111] Connection refused>
g008952: URLError: <urlopen error [Errno 111] Connection refused>
g009214: URLError: <urlopen error [Errno 111] Connection refused>
g009247: URLError: <urlopen error [Errno 111] Connection refused>
g009393: URLError: <urlopen error [Errno 111] Connection refused>
g009251: URLError: <urlopen error [Errno 111] Connection refused>
g008956: URLError: <urlopen error [Errno 111] Connection refused>
g009218: URLError: <urlopen error [Errno 111] Connection refused>
g009255: URLError: <urlopen error [Errno 111] Connection refused>
g009397: URLError: <urlopen error [Errno 111] Connection refused>
g008960: URLError: <urlopen error [Errno 111] Connection refused>
g009222: URLError: <urlopen error [Errno 111] Connection refused>
g009259: URLError: <urlopen error [Errno 111] Connection refused>
g008964: URLError: <urlopen error [Errno 111] Connection refused>
g009401: URLError: <urlopen error [Errno 111] Connection refused>
g009263: URLError: <urlopen error [Errno 111] Connection refused>
g009226: URLError: <urlopen error [Errno 111] Connection refused>
g009267: URLError: <urlopen error [Errno 111] Connection refused>
g008968: URLError: <urlopen error [Errno 111] Connection refused>
g009405: URLError: <urlopen error [Errno 111] Connection refused>
g009230: URLError: <urlopen error [Errno 111] Connection refused>
g009271: URLError: <urlopen error [Errno 111] Connection refused>
g008972: URLError: <urlopen error [Errno 111] Connection refused>
g009275: URLError: <urlopen error [Errno 111] Connection refused>
g009409: URLError: <urlopen error [Errno 111] Connection refused>
g009234: URLError: <urlopen error [Errno 111] Connection refused>
g009279: URLError: <urlopen error [Errno 111] Connection refused>
g008976: URLError: <urlopen error [Errno 111] Connection refused>
g009283: URLError: <urlopen error [Errno 111] Connection refused>
g009238: URLError: <urlopen error [Errno 111] Connection refused>
g009413: URLError: <urlopen error [Errno 111] Connection refused>
g009287: URLError: <urlopen error [Errno 111] Connection refused>
g008980: URLError: <urlopen error [Errno 111] Connection refused>
g009291: URLError: <urlopen error [Errno 111] Connection refused>
g009242: URLError: <urlopen error [Errno 111] Connection refused>
g009417: URLError: <urlopen error [Errno 111] Connection refused>
g008984: URLError: <urlopen error [Errno 111] Connection refused>
g009295: URLError: <urlopen error [Errno 111] Connection refused>
g009246: URLError: <urlopen error [Errno 111] Connection refused>
g009299: URLError: <urlopen error [Errno 111] Connection refused>
g009421: URLError: <urlopen error [Errno 111] Connection refused>
g008988: URLError: <urlopen error [Errno 111] Connection refused>
g009303: URLError: <urlopen error [Errno 111] Connection refused>
g009250: URLError: <urlopen error [Errno 111] Connection refused>
g008992: URLError: <urlopen error [Errno 111] Connection refused>
g009425: URLError: <urlopen error [Errno 111] Connection refused>
g009307: URLError: <urlopen error [Errno 111] Connection refused>
g009254: URLError: <urlopen error [Errno 111] Connection refused>
g008996: URLError: <urlopen error [Errno 111] Connection refused>
g009429: URLError: <urlopen error [Errno 111] Connection refused>
g009311: URLError: <urlopen error [Errno 111] Connection refused>
g009258: URLError: <urlopen error [Errno 111] Connection refused>
g009000: URLError: <urlopen error [Errno 111] Connection refused>
g009315: URLError: <urlopen error [Errno 111] Connection refused>
g009433: URLError: <urlopen error [Errno 111] Connection refused>
g009004: URLError: <urlopen error [Errno 111] Connection refused>
g009262: URLError: <urlopen error [Errno 111] Connection refused>
g009437: URLError: <urlopen error [Errno 111] Connection refused>
g009008: URLError: <urlopen error [Errno 111] Connection refused>
g009266: URLError: <urlopen error [Errno 111] Connection refused>
g009319: URLError: <urlopen error [Errno 111] Connection refused>
g009441: URLError: <urlopen error [Errno 111] Connection refused>
g009012: URLError: <urlopen error [Errno 111] Connection refused>
g009270: URLError: <urlopen error [Errno 111] Connection refused>
g009323: URLError: <urlopen error [Errno 111] Connection refused>
g009445: URLError: <urlopen error [Errno 111] Connection refused>
g009016: URLError: <urlopen error [Errno 111] Connection refused>
g009274: URLError: <urlopen error [Errno 111] Connection refused>
g009327: URLError: <urlopen error [Errno 111] Connection refused>
g009449: URLError: <urlopen error [Errno 111] Connection refused>
g009020: URLError: <urlopen error [Errno 111] Connection refused>
g009278: URLError: <urlopen error [Errno 111] Connection refused>
g009453: URLError: <urlopen error [Errno 111] Connection refused>
g009024: URLError: <urlopen error [Errno 111] Connection refused>
g009282: URLError: <urlopen error [Errno 111] Connection refused>
g009028: URLError: <urlopen error [Errno 111] Connection refused>
g009457: URLError: <urlopen error [Errno 111] Connection refused>
g009286: URLError: <urlopen error [Errno 111] Connection refused>
g009032: URLError: <urlopen error [Errno 111] Connection refused>
g009461: URLError: <urlopen error [Errno 111] Connection refused>
g009290: URLError: <urlopen error [Errno 111] Connection refused>
g009331: URLError: <urlopen error [Errno 111] Connection refused>
g009036: URLError: <urlopen error [Errno 111] Connection refused>
g009465: URLError: <urlopen error [Errno 111] Connection refused>
g009335: URLError: <urlopen error [Errno 111] Connection refused>
g009294: URLError: <urlopen error [Errno 111] Connection refused>
g009040: URLError: <urlopen error [Errno 111] Connection refused>
g009469: URLError: <urlopen error [Errno 111] Connection refused>
g009298: URLError: <urlopen error [Errno 111] Connection refused>
g009339: URLError: <urlopen error [Errno 111] Connection refused>
g009044: URLError: <urlopen error [Errno 111] Connection refused>
g009473: URLError: <urlopen error [Errno 111] Connection refused>
g009302: URLError: <urlopen error [Errno 111] Connection refused>
g009343: URLError: <urlopen error [Errno 111] Connection refused>
g009048: URLError: <urlopen error [Errno 111] Connection refused>
g009477: URLError: <urlopen error [Errno 111] Connection refused>
g009306: URLError: <urlopen error [Errno 111] Connection refused>
g009347: URLError: <urlopen error [Errno 111] Connection refused>
g009052: URLError: <urlopen error [Errno 111] Connection refused>
g009481: URLError: <urlopen error [Errno 111] Connection refused>
g009310: URLError: <urlopen error [Errno 111] Connection refused>
g009056: URLError: <urlopen error [Errno 111] Connection refused>
g009351: URLError: <urlopen error [Errno 111] Connection refused>
g009485: URLError: <urlopen error [Errno 111] Connection refused>
g009314: URLError: <urlopen error [Errno 111] Connection refused>
g009060: URLError: <urlopen error [Errno 111] Connection refused>
g009355: URLError: <urlopen error [Errno 111] Connection refused>
g009489: URLError: <urlopen error [Errno 111] Connection refused>
g009064: URLError: <urlopen error [Errno 111] Connection refused>
g009318: URLError: <urlopen error [Errno 111] Connection refused>
g009359: URLError: <urlopen error [Errno 111] Connection refused>
g009493: URLError: <urlopen error [Errno 111] Connection refused>
g009068: URLError: <urlopen error [Errno 111] Connection refused>
g009322: URLError: <urlopen error [Errno 111] Connection refused>
g009363: URLError: <urlopen error [Errno 111] Connection refused>
g009497: URLError: <urlopen error [Errno 111] Connection refused>
g009072: URLError: <urlopen error [Errno 111] Connection refused>
g009326: URLError: <urlopen error [Errno 111] Connection refused>
g009367: URLError: <urlopen error [Errno 111] Connection refused>
g009501: URLError: <urlopen error [Errno 111] Connection refused>
g009076: URLError: <urlopen error [Errno 111] Connection refused>
g009330: URLError: <urlopen error [Errno 111] Connection refused>
g009371: URLError: <urlopen error [Errno 111] Connection refused>
g009080: URLError: <urlopen error [Errno 111] Connection refused>
g009505: URLError: <urlopen error [Errno 111] Connection refused>
g009334: URLError: <urlopen error [Errno 111] Connection refused>
g009375: URLError: <urlopen error [Errno 111] Connection refused>
g009084: URLError: <urlopen error [Errno 111] Connection refused>
g009338: URLError: <urlopen error [Errno 111] Connection refused>
g009509: URLError: <urlopen error [Errno 111] Connection refused>
g009379: URLError: <urlopen error [Errno 111] Connection refused>
g009342: URLError: <urlopen error [Errno 111] Connection refused>
g009088: URLError: <urlopen error [Errno 111] Connection refused>
g009513: URLError: <urlopen error [Errno 111] Connection refused>
g009383: URLError: <urlopen error [Errno 111] Connection refused>
g009092: URLError: <urlopen error [Errno 111] Connection refused>
g009387: URLError: <urlopen error [Errno 111] Connection refused>
g009517: URLError: <urlopen error [Errno 111] Connection refused>
g009346: URLError: <urlopen error [Errno 111] Connection refused>
g009096: URLError: <urlopen error [Errno 111] Connection refused>
g009521: URLError: <urlopen error [Errno 111] Connection refused>
g009391: URLError: <urlopen error [Errno 111] Connection refused>
g009350: URLError: <urlopen error [Errno 111] Connection refused>
g009100: URLError: <urlopen error [Errno 111] Connection refused>
g009525: URLError: <urlopen error [Errno 111] Connection refused>
g009354: URLError: <urlopen error [Errno 111] Connection refused>
g009395: URLError: <urlopen error [Errno 111] Connection refused>
g009104: URLError: <urlopen error [Errno 111] Connection refused>
g009529: URLError: <urlopen error [Errno 111] Connection refused>
g009358: URLError: <urlopen error [Errno 111] Connection refused>
g009399: URLError: <urlopen error [Errno 111] Connection refused>
g009108: URLError: <urlopen error [Errno 111] Connection refused>
g009533: URLError: <urlopen error [Errno 111] Connection refused>
g009362: URLError: <urlopen error [Errno 111] Connection refused>
g009403: URLError: <urlopen error [Errno 111] Connection refused>
g009112: URLError: <urlopen error [Errno 111] Connection refused>
g009537: URLError: <urlopen error [Errno 111] Connection refused>
g009366: URLError: <urlopen error [Errno 111] Connection refused>
g009407: URLError: <urlopen error [Errno 111] Connection refused>
g009116: URLError: <urlopen error [Errno 111] Connection refused>
g009541: URLError: <urlopen error [Errno 111] Connection refused>
g009411: URLError: <urlopen error [Errno 111] Connection refused>
g009370: URLError: <urlopen error [Errno 111] Connection refused>
g009120: URLError: <urlopen error [Errno 111] Connection refused>
g009545: URLError: <urlopen error [Errno 111] Connection refused>
g009124: URLError: <urlopen error [Errno 111] Connection refused>
g009374: URLError: <urlopen error [Errno 111] Connection refused>
g009415: URLError: <urlopen error [Errno 111] Connection refused>
g009549: URLError: <urlopen error [Errno 111] Connection refused>
g009128: URLError: <urlopen error [Errno 111] Connection refused>
g009419: URLError: <urlopen error [Errno 111] Connection refused>
g009553: URLError: <urlopen error [Errno 111] Connection refused>
g009378: URLError: <urlopen error [Errno 111] Connection refused>
g009132: URLError: <urlopen error [Errno 111] Connection refused>
g009557: URLError: <urlopen error [Errno 111] Connection refused>
g009382: URLError: <urlopen error [Errno 111] Connection refused>
g009423: URLError: <urlopen error [Errno 111] Connection refused>
g009136: URLError: <urlopen error [Errno 111] Connection refused>
g009561: URLError: <urlopen error [Errno 111] Connection refused>
g009427: URLError: <urlopen error [Errno 111] Connection refused>
g009386: URLError: <urlopen error [Errno 111] Connection refused>
g009431: URLError: <urlopen error [Errno 111] Connection refused>
g009565: URLError: <urlopen error [Errno 111] Connection refused>
g009140: URLError: <urlopen error [Errno 111] Connection refused>
g009390: URLError: <urlopen error [Errno 111] Connection refused>
g009569: URLError: <urlopen error [Errno 111] Connection refused>
g009435: URLError: <urlopen error [Errno 111] Connection refused>
g009144: URLError: <urlopen error [Errno 111] Connection refused>
g009394: URLError: <urlopen error [Errno 111] Connection refused>
g009439: URLError: <urlopen error [Errno 111] Connection refused>
g009573: URLError: <urlopen error [Errno 111] Connection refused>
g009148: URLError: <urlopen error [Errno 111] Connection refused>
g009398: URLError: <urlopen error [Errno 111] Connection refused>
g009443: URLError: <urlopen error [Errno 111] Connection refused>
g009152: URLError: <urlopen error [Errno 111] Connection refused>
g009577: URLError: <urlopen error [Errno 111] Connection refused>
g009447: URLError: <urlopen error [Errno 111] Connection refused>
g009581: URLError: <urlopen error [Errno 111] Connection refused>
g009402: URLError: <urlopen error [Errno 111] Connection refused>
g009156: URLError: <urlopen error [Errno 111] Connection refused>
g009585: URLError: <urlopen error [Errno 111] Connection refused>
g009451: URLError: <urlopen error [Errno 111] Connection refused>
g009406: URLError: <urlopen error [Errno 111] Connection refused>
g009160: URLError: <urlopen error [Errno 111] Connection refused>
g009589: URLError: <urlopen error [Errno 111] Connection refused>
g009455: URLError: <urlopen error [Errno 111] Connection refused>
g009410: URLError: <urlopen error [Errno 111] Connection refused>
g009164: URLError: <urlopen error [Errno 111] Connection refused>
g009593: URLError: <urlopen error [Errno 111] Connection refused>
g009459: URLError: <urlopen error [Errno 111] Connection refused>
g009414: URLError: <urlopen error [Errno 111] Connection refused>
g009168: URLError: <urlopen error [Errno 111] Connection refused>
g009597: URLError: <urlopen error [Errno 111] Connection refused>
g009463: URLError: <urlopen error [Errno 111] Connection refused>
g009418: URLError: <urlopen error [Errno 111] Connection refused>
g009172: URLError: <urlopen error [Errno 111] Connection refused>
g009601: URLError: <urlopen error [Errno 111] Connection refused>
g009467: URLError: <urlopen error [Errno 111] Connection refused>
g009176: URLError: <urlopen error [Errno 111] Connection refused>
g009422: URLError: <urlopen error [Errno 111] Connection refused>
g009605: URLError: <urlopen error [Errno 111] Connection refused>
g009471: URLError: <urlopen error [Errno 111] Connection refused>
g009180: URLError: <urlopen error [Errno 111] Connection refused>
g009426: URLError: <urlopen error [Errno 111] Connection refused>
g009609: URLError: <urlopen error [Errno 111] Connection refused>
g009475: URLError: <urlopen error [Errno 111] Connection refused>
g009184: URLError: <urlopen error [Errno 111] Connection refused>
g009430: URLError: <urlopen error [Errno 111] Connection refused>
g009613: URLError: <urlopen error [Errno 111] Connection refused>
g009479: URLError: <urlopen error [Errno 111] Connection refused>
g009188: URLError: <urlopen error [Errno 111] Connection refused>
g009434: URLError: <urlopen error [Errno 111] Connection refused>
g009617: URLError: <urlopen error [Errno 111] Connection refused>
g009483: URLError: <urlopen error [Errno 111] Connection refused>
g009192: URLError: <urlopen error [Errno 111] Connection refused>
g009438: URLError: <urlopen error [Errno 111] Connection refused>
g009621: URLError: <urlopen error [Errno 111] Connection refused>
g009487: URLError: <urlopen error [Errno 111] Connection refused>
g009196: URLError: <urlopen error [Errno 111] Connection refused>
g009625: URLError: <urlopen error [Errno 111] Connection refused>
g009491: URLError: <urlopen error [Errno 111] Connection refused>
g009200: URLError: <urlopen error [Errno 111] Connection refused>
g009629: URLError: <urlopen error [Errno 111] Connection refused>
g009495: URLError: <urlopen error [Errno 111] Connection refused>
g009204: URLError: <urlopen error [Errno 111] Connection refused>
g009633: URLError: <urlopen error [Errno 111] Connection refused>
g009499: URLError: <urlopen error [Errno 111] Connection refused>
g009208: URLError: <urlopen error [Errno 111] Connection refused>
g009503: URLError: <urlopen error [Errno 111] Connection refused>
g009637: URLError: <urlopen error [Errno 111] Connection refused>
g009212: URLError: <urlopen error [Errno 111] Connection refused>
g009641: URLError: <urlopen error [Errno 111] Connection refused>
g009507: URLError: <urlopen error [Errno 111] Connection refused>
g009216: URLError: <urlopen error [Errno 111] Connection refused>
g009645: URLError: <urlopen error [Errno 111] Connection refused>
g009511: URLError: <urlopen error [Errno 111] Connection refused>
g009220: URLError: <urlopen error [Errno 111] Connection refused>
g009649: URLError: <urlopen error [Errno 111] Connection refused>
g009515: URLError: <urlopen error [Errno 111] Connection refused>
g009224: URLError: <urlopen error [Errno 111] Connection refused>
g009653: URLError: <urlopen error [Errno 111] Connection refused>
g009519: URLError: <urlopen error [Errno 111] Connection refused>
g009228: URLError: <urlopen error [Errno 111] Connection refused>
g009657: URLError: <urlopen error [Errno 111] Connection refused>
g009523: URLError: <urlopen error [Errno 111] Connection refused>
g009232: URLError: <urlopen error [Errno 111] Connection refused>
g009527: URLError: <urlopen error [Errno 111] Connection refused>
g009661: URLError: <urlopen error [Errno 111] Connection refused>
g009236: URLError: <urlopen error [Errno 111] Connection refused>
g009665: URLError: <urlopen error [Errno 111] Connection refused>
g009531: URLError: <urlopen error [Errno 111] Connection refused>
g009240: URLError: <urlopen error [Errno 111] Connection refused>
g009535: URLError: <urlopen error [Errno 111] Connection refused>
g009669: URLError: <urlopen error [Errno 111] Connection refused>
g009244: URLError: <urlopen error [Errno 111] Connection refused>
g009539: URLError: <urlopen error [Errno 111] Connection refused>
g009673: URLError: <urlopen error [Errno 111] Connection refused>
g009248: URLError: <urlopen error [Errno 111] Connection refused>
g009677: URLError: <urlopen error [Errno 111] Connection refused>
g009543: URLError: <urlopen error [Errno 111] Connection refused>
g009252: URLError: <urlopen error [Errno 111] Connection refused>
g009681: URLError: <urlopen error [Errno 111] Connection refused>
g009685: URLError: <urlopen error [Errno 111] Connection refused>
g009256: URLError: <urlopen error [Errno 111] Connection refused>
g009547: URLError: <urlopen error [Errno 111] Connection refused>
g009442: URLError: <urlopen error [Errno 111] Connection refused>
g009689: URLError: <urlopen error [Errno 111] Connection refused>
g009260: URLError: <urlopen error [Errno 111] Connection refused>
g009551: URLError: <urlopen error [Errno 111] Connection refused>
g009693: URLError: <urlopen error [Errno 111] Connection refused>
g009264: URLError: <urlopen error [Errno 111] Connection refused>
g009555: URLError: <urlopen error [Errno 111] Connection refused>
g009446: URLError: <urlopen error [Errno 111] Connection refused>
g009559: URLError: <urlopen error [Errno 111] Connection refused>
g009697: URLError: <urlopen error [Errno 111] Connection refused>
g009268: URLError: <urlopen error [Errno 111] Connection refused>
g009563: URLError: <urlopen error [Errno 111] Connection refused>
g009450: URLError: <urlopen error [Errno 111] Connection refused>
g009567: URLError: <urlopen error [Errno 111] Connection refused>
g009701: URLError: <urlopen error [Errno 111] Connection refused>
g009272: URLError: <urlopen error [Errno 111] Connection refused>
g009454: URLError: <urlopen error [Errno 111] Connection refused>
g009571: URLError: <urlopen error [Errno 111] Connection refused>
g009705: URLError: <urlopen error [Errno 111] Connection refused>
g009276: URLError: <urlopen error [Errno 111] Connection refused>
g009575: URLError: <urlopen error [Errno 111] Connection refused>
g009458: URLError: <urlopen error [Errno 111] Connection refused>
g009280: URLError: <urlopen error [Errno 111] Connection refused>
g009709: URLError: <urlopen error [Errno 111] Connection refused>
g009579: URLError: <urlopen error [Errno 111] Connection refused>
g009462: URLError: <urlopen error [Errno 111] Connection refused>
g009284: URLError: <urlopen error [Errno 111] Connection refused>
g009713: URLError: <urlopen error [Errno 111] Connection refused>
g009583: URLError: <urlopen error [Errno 111] Connection refused>
g009587: URLError: <urlopen error [Errno 111] Connection refused>
g009466: URLError: <urlopen error [Errno 111] Connection refused>
g009288: URLError: <urlopen error [Errno 111] Connection refused>
g009717: URLError: <urlopen error [Errno 111] Connection refused>
g009591: URLError: <urlopen error [Errno 111] Connection refused>
g009470: URLError: <urlopen error [Errno 111] Connection refused>
g009292: URLError: <urlopen error [Errno 111] Connection refused>
g009595: URLError: <urlopen error [Errno 111] Connection refused>
g009721: URLError: <urlopen error [Errno 111] Connection refused>
g009599: URLError: <urlopen error [Errno 111] Connection refused>
g009296: URLError: <urlopen error [Errno 111] Connection refused>
g009725: URLError: <urlopen error [Errno 111] Connection refused>
g009603: URLError: <urlopen error [Errno 111] Connection refused>
g009474: URLError: <urlopen error [Errno 111] Connection refused>
g009607: URLError: <urlopen error [Errno 111] Connection refused>
g009729: URLError: <urlopen error [Errno 111] Connection refused>
g009611: URLError: <urlopen error [Errno 111] Connection refused>
g009478: URLError: <urlopen error [Errno 111] Connection refused>
g009300: URLError: <urlopen error [Errno 111] Connection refused>
g009615: URLError: <urlopen error [Errno 111] Connection refused>
g009733: URLError: <urlopen error [Errno 111] Connection refused>
g009304: URLError: <urlopen error [Errno 111] Connection refused>
g009482: URLError: <urlopen error [Errno 111] Connection refused>
g009619: URLError: <urlopen error [Errno 111] Connection refused>
g009737: URLError: <urlopen error [Errno 111] Connection refused>
g009623: URLError: <urlopen error [Errno 111] Connection refused>
g009308: URLError: <urlopen error [Errno 111] Connection refused>
g009486: URLError: <urlopen error [Errno 111] Connection refused>
g009627: URLError: <urlopen error [Errno 111] Connection refused>
g009741: URLError: <urlopen error [Errno 111] Connection refused>
g009631: URLError: <urlopen error [Errno 111] Connection refused>
g009312: URLError: <urlopen error [Errno 111] Connection refused>
g009490: URLError: <urlopen error [Errno 111] Connection refused>
g009635: URLError: <urlopen error [Errno 111] Connection refused>
g009745: URLError: <urlopen error [Errno 111] Connection refused>
g009639: URLError: <urlopen error [Errno 111] Connection refused>
g009316: URLError: <urlopen error [Errno 111] Connection refused>
g009494: URLError: <urlopen error [Errno 111] Connection refused>
g009643: URLError: <urlopen error [Errno 111] Connection refused>
g009749: URLError: <urlopen error [Errno 111] Connection refused>
g009647: URLError: <urlopen error [Errno 111] Connection refused>
g009320: URLError: <urlopen error [Errno 111] Connection refused>
g009498: URLError: <urlopen error [Errno 111] Connection refused>
g009753: URLError: <urlopen error [Errno 111] Connection refused>
g009324: URLError: <urlopen error [Errno 111] Connection refused>
g009651: URLError: <urlopen error [Errno 111] Connection refused>
g009502: URLError: <urlopen error [Errno 111] Connection refused>
g009757: URLError: <urlopen error [Errno 111] Connection refused>
g009328: URLError: <urlopen error [Errno 111] Connection refused>
g009655: URLError: <urlopen error [Errno 111] Connection refused>
g009761: URLError: <urlopen error [Errno 111] Connection refused>
g009506: URLError: <urlopen error [Errno 111] Connection refused>
g009659: URLError: <urlopen error [Errno 111] Connection refused>
g009332: URLError: <urlopen error [Errno 111] Connection refused>
g009765: URLError: <urlopen error [Errno 111] Connection refused>
g009663: URLError: <urlopen error [Errno 111] Connection refused>
g009336: URLError: <urlopen error [Errno 111] Connection refused>
g009510: URLError: <urlopen error [Errno 111] Connection refused>
g009769: URLError: <urlopen error [Errno 111] Connection refused>
g009667: URLError: <urlopen error [Errno 111] Connection refused>
g009671: URLError: <urlopen error [Errno 111] Connection refused>
g009773: URLError: <urlopen error [Errno 111] Connection refused>
g009675: URLError: <urlopen error [Errno 111] Connection refused>
g009340: URLError: <urlopen error [Errno 111] Connection refused>
g009679: URLError: <urlopen error [Errno 111] Connection refused>
g009683: URLError: <urlopen error [Errno 111] Connection refused>
g009344: URLError: <urlopen error [Errno 111] Connection refused>
g009687: URLError: <urlopen error [Errno 111] Connection refused>
g009348: URLError: <urlopen error [Errno 111] Connection refused>
g009352: URLError: <urlopen error [Errno 111] Connection refused>
g009691: URLError: <urlopen error [Errno 111] Connection refused>
g009356: URLError: <urlopen error [Errno 111] Connection refused>
g009695: URLError: <urlopen error [Errno 111] Connection refused>
g009360: URLError: <urlopen error [Errno 111] Connection refused>
g009699: URLError: <urlopen error [Errno 111] Connection refused>
g009703: URLError: <urlopen error [Errno 111] Connection refused>
g009364: URLError: <urlopen error [Errno 111] Connection refused>
g009707: URLError: <urlopen error [Errno 111] Connection refused>
g009711: URLError: <urlopen error [Errno 111] Connection refused>
g009368: URLError: <urlopen error [Errno 111] Connection refused>
g009715: URLError: <urlopen error [Errno 111] Connection refused>
g009719: URLError: <urlopen error [Errno 111] Connection refused>
g009372: URLError: <urlopen error [Errno 111] Connection refused>
g009723: URLError: <urlopen error [Errno 111] Connection refused>
g009727: URLError: <urlopen error [Errno 111] Connection refused>
g009376: URLError: <urlopen error [Errno 111] Connection refused>
g009731: URLError: <urlopen error [Errno 111] Connection refused>
g009514: URLError: <urlopen error [Errno 111] Connection refused>
g009380: URLError: <urlopen error [Errno 111] Connection refused>
g009735: URLError: <urlopen error [Errno 111] Connection refused>
g009739: URLError: <urlopen error [Errno 111] Connection refused>
g009777: URLError: <urlopen error [Errno 111] Connection refused>
g009384: URLError: <urlopen error [Errno 111] Connection refused>
g009518: URLError: <urlopen error [Errno 111] Connection refused>
g009743: URLError: <urlopen error [Errno 111] Connection refused>
g009388: URLError: <urlopen error [Errno 111] Connection refused>
g009781: URLError: <urlopen error [Errno 111] Connection refused>
g009747: URLError: <urlopen error [Errno 111] Connection refused>
g009522: URLError: <urlopen error [Errno 111] Connection refused>
g009392: URLError: <urlopen error [Errno 111] Connection refused>
g009785: URLError: <urlopen error [Errno 111] Connection refused>
g009751: URLError: <urlopen error [Errno 111] Connection refused>
g009526: URLError: <urlopen error [Errno 111] Connection refused>
g009755: URLError: <urlopen error [Errno 111] Connection refused>
g009789: URLError: <urlopen error [Errno 111] Connection refused>
g009396: URLError: <urlopen error [Errno 111] Connection refused>
g009759: URLError: <urlopen error [Errno 111] Connection refused>
g009793: URLError: <urlopen error [Errno 111] Connection refused>
g009400: URLError: <urlopen error [Errno 111] Connection refused>
g009763: URLError: <urlopen error [Errno 111] Connection refused>
g009404: URLError: <urlopen error [Errno 111] Connection refused>
g009797: URLError: <urlopen error [Errno 111] Connection refused>
g009767: URLError: <urlopen error [Errno 111] Connection refused>
g009801: URLError: <urlopen error [Errno 111] Connection refused>
g009408: URLError: <urlopen error [Errno 111] Connection refused>
g009805: URLError: <urlopen error [Errno 111] Connection refused>
g009530: URLError: <urlopen error [Errno 111] Connection refused>
g009809: URLError: <urlopen error [Errno 111] Connection refused>
g009412: URLError: <urlopen error [Errno 111] Connection refused>
g009534: URLError: <urlopen error [Errno 111] Connection refused>
g009813: URLError: <urlopen error [Errno 111] Connection refused>
g009416: URLError: <urlopen error [Errno 111] Connection refused>
g009538: URLError: <urlopen error [Errno 111] Connection refused>
g009771: URLError: <urlopen error [Errno 111] Connection refused>
g009817: URLError: <urlopen error [Errno 111] Connection refused>
g009420: URLError: <urlopen error [Errno 111] Connection refused>
g009542: URLError: <urlopen error [Errno 111] Connection refused>
g009821: URLError: <urlopen error [Errno 111] Connection refused>
g009424: URLError: <urlopen error [Errno 111] Connection refused>
g009775: URLError: <urlopen error [Errno 111] Connection refused>
g009825: URLError: <urlopen error [Errno 111] Connection refused>
g009428: URLError: <urlopen error [Errno 111] Connection refused>
g009779: URLError: <urlopen error [Errno 111] Connection refused>
g009546: URLError: <urlopen error [Errno 111] Connection refused>
g009829: URLError: <urlopen error [Errno 111] Connection refused>
g009432: URLError: <urlopen error [Errno 111] Connection refused>
g009783: URLError: <urlopen error [Errno 111] Connection refused>
g009550: URLError: <urlopen error [Errno 111] Connection refused>
g009833: URLError: <urlopen error [Errno 111] Connection refused>
g009436: URLError: <urlopen error [Errno 111] Connection refused>
g009787: URLError: <urlopen error [Errno 111] Connection refused>
g009837: URLError: <urlopen error [Errno 111] Connection refused>
g009554: URLError: <urlopen error [Errno 111] Connection refused>
g009440: URLError: <urlopen error [Errno 111] Connection refused>
g009791: URLError: <urlopen error [Errno 111] Connection refused>
g009841: URLError: <urlopen error [Errno 111] Connection refused>
g009558: URLError: <urlopen error [Errno 111] Connection refused>
g009444: URLError: <urlopen error [Errno 111] Connection refused>
g009845: URLError: <urlopen error [Errno 111] Connection refused>
g009795: URLError: <urlopen error [Errno 111] Connection refused>
g009849: URLError: <urlopen error [Errno 111] Connection refused>
g009448: URLError: <urlopen error [Errno 111] Connection refused>
g009562: URLError: <urlopen error [Errno 111] Connection refused>
g009799: URLError: <urlopen error [Errno 111] Connection refused>
g009853: URLError: <urlopen error [Errno 111] Connection refused>
g009452: URLError: <urlopen error [Errno 111] Connection refused>
g009803: URLError: <urlopen error [Errno 111] Connection refused>
g009566: URLError: <urlopen error [Errno 111] Connection refused>
g009857: URLError: <urlopen error [Errno 111] Connection refused>
g009456: URLError: <urlopen error [Errno 111] Connection refused>
g009807: URLError: <urlopen error [Errno 111] Connection refused>
g009570: URLError: <urlopen error [Errno 111] Connection refused>
g009861: URLError: <urlopen error [Errno 111] Connection refused>
g009460: URLError: <urlopen error [Errno 111] Connection refused>
g009811: URLError: <urlopen error [Errno 111] Connection refused>
g009865: URLError: <urlopen error [Errno 111] Connection refused>
g009574: URLError: <urlopen error [Errno 111] Connection refused>
g009815: URLError: <urlopen error [Errno 111] Connection refused>
g009464: URLError: <urlopen error [Errno 111] Connection refused>
g009869: URLError: <urlopen error [Errno 111] Connection refused>
g009819: URLError: <urlopen error [Errno 111] Connection refused>
g009578: URLError: <urlopen error [Errno 111] Connection refused>
g009873: URLError: <urlopen error [Errno 111] Connection refused>
g009468: URLError: <urlopen error [Errno 111] Connection refused>
g009823: URLError: <urlopen error [Errno 111] Connection refused>
g009582: URLError: <urlopen error [Errno 111] Connection refused>
g009877: URLError: <urlopen error [Errno 111] Connection refused>
g009472: URLError: <urlopen error [Errno 111] Connection refused>
g009827: URLError: <urlopen error [Errno 111] Connection refused>
g009881: URLError: <urlopen error [Errno 111] Connection refused>
g009586: URLError: <urlopen error [Errno 111] Connection refused>
g009885: URLError: <urlopen error [Errno 111] Connection refused>
g009831: URLError: <urlopen error [Errno 111] Connection refused>
g009476: URLError: <urlopen error [Errno 111] Connection refused>
g009590: URLError: <urlopen error [Errno 111] Connection refused>
g009889: URLError: <urlopen error [Errno 111] Connection refused>
g009835: URLError: <urlopen error [Errno 111] Connection refused>
g009480: URLError: <urlopen error [Errno 111] Connection refused>
g009594: URLError: <urlopen error [Errno 111] Connection refused>
g009893: URLError: <urlopen error [Errno 111] Connection refused>
g009839: URLError: <urlopen error [Errno 111] Connection refused>
g009897: URLError: <urlopen error [Errno 111] Connection refused>
g009598: URLError: <urlopen error [Errno 111] Connection refused>
g009484: URLError: <urlopen error [Errno 111] Connection refused>
g009843: URLError: <urlopen error [Errno 111] Connection refused>
g009901: URLError: <urlopen error [Errno 111] Connection refused>
g009602: URLError: <urlopen error [Errno 111] Connection refused>
g009488: URLError: <urlopen error [Errno 111] Connection refused>
g009847: URLError: <urlopen error [Errno 111] Connection refused>
g009905: URLError: <urlopen error [Errno 111] Connection refused>
g009606: URLError: <urlopen error [Errno 111] Connection refused>
g009492: URLError: <urlopen error [Errno 111] Connection refused>
g009851: URLError: <urlopen error [Errno 111] Connection refused>
g009610: URLError: <urlopen error [Errno 111] Connection refused>
g009909: URLError: <urlopen error [Errno 111] Connection refused>
g009496: URLError: <urlopen error [Errno 111] Connection refused>
g009855: URLError: <urlopen error [Errno 111] Connection refused>
g009614: URLError: <urlopen error [Errno 111] Connection refused>
g009500: URLError: <urlopen error [Errno 111] Connection refused>
g009859: URLError: <urlopen error [Errno 111] Connection refused>
g009913: URLError: <urlopen error [Errno 111] Connection refused>
g009618: URLError: <urlopen error [Errno 111] Connection refused>
g009863: URLError: <urlopen error [Errno 111] Connection refused>
g009504: URLError: <urlopen error [Errno 111] Connection refused>
g009917: URLError: <urlopen error [Errno 111] Connection refused>
g009622: URLError: <urlopen error [Errno 111] Connection refused>
g009867: URLError: <urlopen error [Errno 111] Connection refused>
g009508: URLError: <urlopen error [Errno 111] Connection refused>
g009921: URLError: <urlopen error [Errno 111] Connection refused>
g009626: URLError: <urlopen error [Errno 111] Connection refused>
g009871: URLError: <urlopen error [Errno 111] Connection refused>
g009925: URLError: <urlopen error [Errno 111] Connection refused>
g009512: URLError: <urlopen error [Errno 111] Connection refused>
g009630: URLError: <urlopen error [Errno 111] Connection refused>
g009875: URLError: <urlopen error [Errno 111] Connection refused>
g009929: URLError: <urlopen error [Errno 111] Connection refused>
g009516: URLError: <urlopen error [Errno 111] Connection refused>
g009634: URLError: <urlopen error [Errno 111] Connection refused>
g009879: URLError: <urlopen error [Errno 111] Connection refused>
g009933: URLError: <urlopen error [Errno 111] Connection refused>
g009520: URLError: <urlopen error [Errno 111] Connection refused>
g009638: URLError: <urlopen error [Errno 111] Connection refused>
g009883: URLError: <urlopen error [Errno 111] Connection refused>
g009937: URLError: <urlopen error [Errno 111] Connection refused>
g009524: URLError: <urlopen error [Errno 111] Connection refused>
g009642: URLError: <urlopen error [Errno 111] Connection refused>
g009887: URLError: <urlopen error [Errno 111] Connection refused>
g009941: URLError: <urlopen error [Errno 111] Connection refused>
g009528: URLError: <urlopen error [Errno 111] Connection refused>
g009891: URLError: <urlopen error [Errno 111] Connection refused>
g009646: URLError: <urlopen error [Errno 111] Connection refused>
g009945: URLError: <urlopen error [Errno 111] Connection refused>
g009650: URLError: <urlopen error [Errno 111] Connection refused>
g009895: URLError: <urlopen error [Errno 111] Connection refused>
g009654: URLError: <urlopen error [Errno 111] Connection refused>
g009899: URLError: <urlopen error [Errno 111] Connection refused>
g009949: URLError: <urlopen error [Errno 111] Connection refused>
g009532: URLError: <urlopen error [Errno 111] Connection refused>
g009903: URLError: <urlopen error [Errno 111] Connection refused>
g009953: URLError: <urlopen error [Errno 111] Connection refused>
g009536: URLError: <urlopen error [Errno 111] Connection refused>
g009907: URLError: <urlopen error [Errno 111] Connection refused>
g009658: URLError: <urlopen error [Errno 111] Connection refused>
g009957: URLError: <urlopen error [Errno 111] Connection refused>
g009911: URLError: <urlopen error [Errno 111] Connection refused>
g009662: URLError: <urlopen error [Errno 111] Connection refused>
g009961: URLError: <urlopen error [Errno 111] Connection refused>
g009540: URLError: <urlopen error [Errno 111] Connection refused>
g009915: URLError: <urlopen error [Errno 111] Connection refused>
g009666: URLError: <urlopen error [Errno 111] Connection refused>
g009965: URLError: <urlopen error [Errno 111] Connection refused>
g009544: URLError: <urlopen error [Errno 111] Connection refused>
g009919: URLError: <urlopen error [Errno 111] Connection refused>
g009670: URLError: <urlopen error [Errno 111] Connection refused>
g009969: URLError: <urlopen error [Errno 111] Connection refused>
g009548: URLError: <urlopen error [Errno 111] Connection refused>
g009923: URLError: <urlopen error [Errno 111] Connection refused>
g009674: URLError: <urlopen error [Errno 111] Connection refused>
g009973: URLError: <urlopen error [Errno 111] Connection refused>
g009927: URLError: <urlopen error [Errno 111] Connection refused>
g009678: URLError: <urlopen error [Errno 111] Connection refused>
g009552: URLError: <urlopen error [Errno 111] Connection refused>
g009931: URLError: <urlopen error [Errno 111] Connection refused>
g009682: URLError: <urlopen error [Errno 111] Connection refused>
g009977: URLError: <urlopen error [Errno 111] Connection refused>
g009556: URLError: <urlopen error [Errno 111] Connection refused>
g009935: URLError: <urlopen error [Errno 111] Connection refused>
g009686: URLError: <urlopen error [Errno 111] Connection refused>
g009981: URLError: <urlopen error [Errno 111] Connection refused>
g009560: URLError: <urlopen error [Errno 111] Connection refused>
g009939: URLError: <urlopen error [Errno 111] Connection refused>
g009690: URLError: <urlopen error [Errno 111] Connection refused>
g009985: URLError: <urlopen error [Errno 111] Connection refused>
g009564: URLError: <urlopen error [Errno 111] Connection refused>
g009943: URLError: <urlopen error [Errno 111] Connection refused>
g009694: URLError: <urlopen error [Errno 111] Connection refused>
g009989: URLError: <urlopen error [Errno 111] Connection refused>
g009568: URLError: <urlopen error [Errno 111] Connection refused>
g009947: URLError: <urlopen error [Errno 111] Connection refused>
g009698: URLError: <urlopen error [Errno 111] Connection refused>
g009993: URLError: <urlopen error [Errno 111] Connection refused>
g009951: URLError: <urlopen error [Errno 111] Connection refused>
g009702: URLError: <urlopen error [Errno 111] Connection refused>
g009572: URLError: <urlopen error [Errno 111] Connection refused>
g009997: URLError: <urlopen error [Errno 111] Connection refused>
g009706: URLError: <urlopen error [Errno 111] Connection refused>
g009955: URLError: <urlopen error [Errno 111] Connection refused>
g009576: URLError: <urlopen error [Errno 111] Connection refused>
g009959: URLError: <urlopen error [Errno 111] Connection refused>
g009710: URLError: <urlopen error [Errno 111] Connection refused>
g009580: URLError: <urlopen error [Errno 111] Connection refused>
g009714: URLError: <urlopen error [Errno 111] Connection refused>
g009963: URLError: <urlopen error [Errno 111] Connection refused>
g009584: URLError: <urlopen error [Errno 111] Connection refused>
g009718: URLError: <urlopen error [Errno 111] Connection refused>
g009967: URLError: <urlopen error [Errno 111] Connection refused>
g009588: URLError: <urlopen error [Errno 111] Connection refused>
g009722: URLError: <urlopen error [Errno 111] Connection refused>
g009971: URLError: <urlopen error [Errno 111] Connection refused>
g009592: URLError: <urlopen error [Errno 111] Connection refused>
g009975: URLError: <urlopen error [Errno 111] Connection refused>
g009726: URLError: <urlopen error [Errno 111] Connection refused>
g009596: URLError: <urlopen error [Errno 111] Connection refused>
g009979: URLError: <urlopen error [Errno 111] Connection refused>
g009730: URLError: <urlopen error [Errno 111] Connection refused>
g009600: URLError: <urlopen error [Errno 111] Connection refused>
g009983: URLError: <urlopen error [Errno 111] Connection refused>
g009734: URLError: <urlopen error [Errno 111] Connection refused>
g009604: URLError: <urlopen error [Errno 111] Connection refused>
g009987: URLError: <urlopen error [Errno 111] Connection refused>
g009738: URLError: <urlopen error [Errno 111] Connection refused>
g009608: URLError: <urlopen error [Errno 111] Connection refused>
g009991: URLError: <urlopen error [Errno 111] Connection refused>
g009742: URLError: <urlopen error [Errno 111] Connection refused>
g009746: URLError: <urlopen error [Errno 111] Connection refused>
g009995: URLError: <urlopen error [Errno 111] Connection refused>
g009612: URLError: <urlopen error [Errno 111] Connection refused>
g009750: URLError: <urlopen error [Errno 111] Connection refused>
g009999: URLError: <urlopen error [Errno 111] Connection refused>
g009616: URLError: <urlopen error [Errno 111] Connection refused>
g009754: URLError: <urlopen error [Errno 111] Connection refused>
g009620: URLError: <urlopen error [Errno 111] Connection refused>
g009758: URLError: <urlopen error [Errno 111] Connection refused>
g009624: URLError: <urlopen error [Errno 111] Connection refused>
g009762: URLError: <urlopen error [Errno 111] Connection refused>
g009628: URLError: <urlopen error [Errno 111] Connection refused>
g009766: URLError: <urlopen error [Errno 111] Connection refused>
g009632: URLError: <urlopen error [Errno 111] Connection refused>
g009770: URLError: <urlopen error [Errno 111] Connection refused>
g009636: URLError: <urlopen error [Errno 111] Connection refused>
g009774: URLError: <urlopen error [Errno 111] Connection refused>
g009640: URLError: <urlopen error [Errno 111] Connection refused>
g009778: URLError: <urlopen error [Errno 111] Connection refused>
g009644: URLError: <urlopen error [Errno 111] Connection refused>
g009782: URLError: <urlopen error [Errno 111] Connection refused>
g009786: URLError: <urlopen error [Errno 111] Connection refused>
g009648: URLError: <urlopen error [Errno 111] Connection refused>
g009790: URLError: <urlopen error [Errno 111] Connection refused>
g009652: URLError: <urlopen error [Errno 111] Connection refused>
g009794: URLError: <urlopen error [Errno 111] Connection refused>
g009656: URLError: <urlopen error [Errno 111] Connection refused>
g009798: URLError: <urlopen error [Errno 111] Connection refused>
g009660: URLError: <urlopen error [Errno 111] Connection refused>
g009802: URLError: <urlopen error [Errno 111] Connection refused>
g009664: URLError: <urlopen error [Errno 111] Connection refused>
g009806: URLError: <urlopen error [Errno 111] Connection refused>
g009668: URLError: <urlopen error [Errno 111] Connection refused>
g009810: URLError: <urlopen error [Errno 111] Connection refused>
g009672: URLError: <urlopen error [Errno 111] Connection refused>
g009814: URLError: <urlopen error [Errno 111] Connection refused>
g009676: URLError: <urlopen error [Errno 111] Connection refused>
g009818: URLError: <urlopen error [Errno 111] Connection refused>
g009680: URLError: <urlopen error [Errno 111] Connection refused>
g009822: URLError: <urlopen error [Errno 111] Connection refused>
g009684: URLError: <urlopen error [Errno 111] Connection refused>
g009826: URLError: <urlopen error [Errno 111] Connection refused>
g009688: URLError: <urlopen error [Errno 111] Connection refused>
g009830: URLError: <urlopen error [Errno 111] Connection refused>
g009692: URLError: <urlopen error [Errno 111] Connection refused>
g009834: URLError: <urlopen error [Errno 111] Connection refused>
g009696: URLError: <urlopen error [Errno 111] Connection refused>
g009838: URLError: <urlopen error [Errno 111] Connection refused>
g009700: URLError: <urlopen error [Errno 111] Connection refused>
g009842: URLError: <urlopen error [Errno 111] Connection refused>
g009846: URLError: <urlopen error [Errno 111] Connection refused>
g009704: URLError: <urlopen error [Errno 111] Connection refused>
g009850: URLError: <urlopen error [Errno 111] Connection refused>
g009708: URLError: <urlopen error [Errno 111] Connection refused>
g009854: URLError: <urlopen error [Errno 111] Connection refused>
g009712: URLError: <urlopen error [Errno 111] Connection refused>
g009858: URLError: <urlopen error [Errno 111] Connection refused>
g009716: URLError: <urlopen error [Errno 111] Connection refused>
g009862: URLError: <urlopen error [Errno 111] Connection refused>
g009720: URLError: <urlopen error [Errno 111] Connection refused>
g009866: URLError: <urlopen error [Errno 111] Connection refused>
g009724: URLError: <urlopen error [Errno 111] Connection refused>
g009870: URLError: <urlopen error [Errno 111] Connection refused>
g009728: URLError: <urlopen error [Errno 111] Connection refused>
g009874: URLError: <urlopen error [Errno 111] Connection refused>
g009732: URLError: <urlopen error [Errno 111] Connection refused>
g009878: URLError: <urlopen error [Errno 111] Connection refused>
g009736: URLError: <urlopen error [Errno 111] Connection refused>
g009882: URLError: <urlopen error [Errno 111] Connection refused>
g009740: URLError: <urlopen error [Errno 111] Connection refused>
g009886: URLError: <urlopen error [Errno 111] Connection refused>
g009744: URLError: <urlopen error [Errno 111] Connection refused>
g009890: URLError: <urlopen error [Errno 111] Connection refused>
g009748: URLError: <urlopen error [Errno 111] Connection refused>
g009894: URLError: <urlopen error [Errno 111] Connection refused>
g009752: URLError: <urlopen error [Errno 111] Connection refused>
g009898: URLError: <urlopen error [Errno 111] Connection refused>
g009756: URLError: <urlopen error [Errno 111] Connection refused>
g009902: URLError: <urlopen error [Errno 111] Connection refused>
g009760: URLError: <urlopen error [Errno 111] Connection refused>
g009906: URLError: <urlopen error [Errno 111] Connection refused>
g009764: URLError: <urlopen error [Errno 111] Connection refused>
g009910: URLError: <urlopen error [Errno 111] Connection refused>
g009768: URLError: <urlopen error [Errno 111] Connection refused>
g009914: URLError: <urlopen error [Errno 111] Connection refused>
g009772: URLError: <urlopen error [Errno 111] Connection refused>
g009918: URLError: <urlopen error [Errno 111] Connection refused>
g009776: URLError: <urlopen error [Errno 111] Connection refused>
g009922: URLError: <urlopen error [Errno 111] Connection refused>
g009780: URLError: <urlopen error [Errno 111] Connection refused>
g009926: URLError: <urlopen error [Errno 111] Connection refused>
g009784: URLError: <urlopen error [Errno 111] Connection refused>
g009930: URLError: <urlopen error [Errno 111] Connection refused>
g009788: URLError: <urlopen error [Errno 111] Connection refused>
g009934: URLError: <urlopen error [Errno 111] Connection refused>
g009792: URLError: <urlopen error [Errno 111] Connection refused>
g009938: URLError: <urlopen error [Errno 111] Connection refused>
g009796: URLError: <urlopen error [Errno 111] Connection refused>
g009942: URLError: <urlopen error [Errno 111] Connection refused>
g009800: URLError: <urlopen error [Errno 111] Connection refused>
g009946: URLError: <urlopen error [Errno 111] Connection refused>
g009804: URLError: <urlopen error [Errno 111] Connection refused>
g009950: URLError: <urlopen error [Errno 111] Connection refused>
g009808: URLError: <urlopen error [Errno 111] Connection refused>
g009954: URLError: <urlopen error [Errno 111] Connection refused>
g009958: URLError: <urlopen error [Errno 111] Connection refused>
g009812: URLError: <urlopen error [Errno 111] Connection refused>
g009962: URLError: <urlopen error [Errno 111] Connection refused>
g009816: URLError: <urlopen error [Errno 111] Connection refused>
g009966: URLError: <urlopen error [Errno 111] Connection refused>
g009820: URLError: <urlopen error [Errno 111] Connection refused>
g009970: URLError: <urlopen error [Errno 111] Connection refused>
g009974: URLError: <urlopen error [Errno 111] Connection refused>
g009824: URLError: <urlopen error [Errno 111] Connection refused>
g009978: URLError: <urlopen error [Errno 111] Connection refused>
g009828: URLError: <urlopen error [Errno 111] Connection refused>
g009982: URLError: <urlopen error [Errno 111] Connection refused>
g009832: URLError: <urlopen error [Errno 111] Connection refused>
g009986: URLError: <urlopen error [Errno 111] Connection refused>
g009990: URLError: <urlopen error [Errno 111] Connection refused>
g009836: URLError: <urlopen error [Errno 111] Connection refused>
g009994: URLError: <urlopen error [Errno 111] Connection refused>
g009840: URLError: <urlopen error [Errno 111] Connection refused>
g009998: URLError: <urlopen error [Errno 111] Connection refused>
g009844: URLError: <urlopen error [Errno 111] Connection refused>
g009848: URLError: <urlopen error [Errno 111] Connection refused>
g009852: URLError: <urlopen error [Errno 111] Connection refused>
g009856: URLError: <urlopen error [Errno 111] Connection refused>
g009860: URLError: <urlopen error [Errno 111] Connection refused>
g009864: URLError: <urlopen error [Errno 111] Connection refused>
g009868: URLError: <urlopen error [Errno 111] Connection refused>
g009872: URLError: <urlopen error [Errno 111] Connection refused>
g009876: URLError: <urlopen error [Errno 111] Connection refused>
g009880: URLError: <urlopen error [Errno 111] Connection refused>
g009884: URLError: <urlopen error [Errno 111] Connection refused>
g009888: URLError: <urlopen error [Errno 111] Connection refused>
g009892: URLError: <urlopen error [Errno 111] Connection refused>
g009896: URLError: <urlopen error [Errno 111] Connection refused>
g009900: URLError: <urlopen error [Errno 111] Connection refused>
g009904: URLError: <urlopen error [Errno 111] Connection refused>
g009908: URLError: <urlopen error [Errno 111] Connection refused>
g009912: URLError: <urlopen error [Errno 111] Connection refused>
g009916: URLError: <urlopen error [Errno 111] Connection refused>
g009920: URLError: <urlopen error [Errno 111] Connection refused>
g009924: URLError: <urlopen error [Errno 111] Connection refused>
g009928: URLError: <urlopen error [Errno 111] Connection refused>
g009932: URLError: <urlopen error [Errno 111] Connection refused>
g009936: URLError: <urlopen error [Errno 111] Connection refused>
g009940: URLError: <urlopen error [Errno 111] Connection refused>
g009944: URLError: <urlopen error [Errno 111] Connection refused>
g009948: URLError: <urlopen error [Errno 111] Connection refused>
g009952: URLError: <urlopen error [Errno 111] Connection refused>
g009956: URLError: <urlopen error [Errno 111] Connection refused>
g009960: URLError: <urlopen error [Errno 111] Connection refused>
g009964: URLError: <urlopen error [Errno 111] Connection refused>
g009968: URLError: <urlopen error [Errno 111] Connection refused>
g009972: URLError: <urlopen error [Errno 111] Connection refused>
g009976: URLError: <urlopen error [Errno 111] Connection refused>
g009980: URLError: <urlopen error [Errno 111] Connection refused>
g009984: URLError: <urlopen error [Errno 111] Connection refused>
g009988: URLError: <urlopen error [Errno 111] Connection refused>
g009992: URLError: <urlopen error [Errno 111] Connection refused>
g009996: URLError: <urlopen error [Errno 111] Connection refused>
g003424: RemoteDisconnected: Remote end closed connection without response
g003428: ConnectionResetError: [Errno 104] Connection reset by peer
g003432: ConnectionResetError: [Errno 104] Connection reset by peer
g003436: ConnectionResetError: [Errno 104] Connection reset by peer
g003440: ConnectionResetError: [Errno 104] Connection reset by peer
g003444: ConnectionResetError: [Errno 104] Connection reset by peer
g003448: ConnectionResetError: [Errno 104] Connection reset by peer
g003452: ConnectionResetError: [Errno 104] Connection reset by peer
g003456: ConnectionResetError: [Errno 104] Connection reset by peer
g003460: ConnectionResetError: [Errno 104] Connection reset by peer
g003464: ConnectionResetError: [Errno 104] Connection reset by peer
g003468: ConnectionResetError: [Errno 104] Connection reset by peer
g003472: ConnectionResetError: [Errno 104] Connection reset by peer
g003476: ConnectionResetError: [Errno 104] Connection reset by peer
g003480: ConnectionResetError: [Errno 104] Connection reset by peer
g003484: ConnectionResetError: [Errno 104] Connection reset by peer
g003488: ConnectionResetError: [Errno 104] Connection reset by peer
g003492: ConnectionResetError: [Errno 104] Connection reset by peer
g003496: ConnectionResetError: [Errno 104] Connection reset by peer
g003500: ConnectionResetError: [Errno 104] Connection reset by peer
g003504: ConnectionResetError: [Errno 104] Connection reset by peer
g003508: ConnectionResetError: [Errno 104] Connection reset by peer
g003512: ConnectionResetError: [Errno 104] Connection reset by peer
g003516: ConnectionResetError: [Errno 104] Connection reset by peer
g003520: ConnectionResetError: [Errno 104] Connection reset by peer
g003524: ConnectionResetError: [Errno 104] Connection reset by peer
g003528: ConnectionResetError: [Errno 104] Connection reset by peer
g003532: ConnectionResetError: [Errno 104] Connection reset by peer
g003536: ConnectionResetError: [Errno 104] Connection reset by peer
g003540: ConnectionResetError: [Errno 104] Connection reset by peer
g003544: ConnectionResetError: [Errno 104] Connection reset by peer
g003548: ConnectionResetError: [Errno 104] Connection reset by peer
g003552: ConnectionResetError: [Errno 104] Connection reset by peer
g003556: ConnectionResetError: [Errno 104] Connection reset by peer
g003560: ConnectionResetError: [Errno 104] Connection reset by peer
g003564: ConnectionResetError: [Errno 104] Connection reset by peer
g003568: ConnectionResetError: [Errno 104] Connection reset by peer
g003572: ConnectionResetError: [Errno 104] Connection reset by peer
g003576: ConnectionResetError: [Errno 104] Connection reset by peer
g003580: ConnectionResetError: [Errno 104] Connection reset by peer
g003584: ConnectionResetError: [Errno 104] Connection reset by peer
g003588: ConnectionResetError: [Errno 104] Connection reset by peer
g003592: ConnectionResetError: [Errno 104] Connection reset by peer
g003596: ConnectionResetError: [Errno 104] Connection reset by peer
g003600: ConnectionResetError: [Errno 104] Connection reset by peer
g003604: ConnectionResetError: [Errno 104] Connection reset by peer
g003608: ConnectionResetError: [Errno 104] Connection reset by peer
g003612: ConnectionResetError: [Errno 104] Connection reset by peer
g003616: ConnectionResetError: [Errno 104] Connection reset by peer
g003620: ConnectionResetError: [Errno 104] Connection reset by peer
g003624: ConnectionResetError: [Errno 104] Connection reset by peer
g003628: ConnectionResetError: [Errno 104] Connection reset by peer
g003632: ConnectionResetError: [Errno 104] Connection reset by peer
g003636: ConnectionResetError: [Errno 104] Connection reset by peer
g003640: ConnectionResetError: [Errno 104] Connection reset by peer
g003644: ConnectionResetError: [Errno 104] Connection reset by peer
g003648: ConnectionResetError: [Errno 104] Connection reset by peer
g003652: ConnectionResetError: [Errno 104] Connection reset by peer
g003656: ConnectionResetError: [Errno 104] Connection reset by peer
g003660: ConnectionResetError: [Errno 104] Connection reset by peer
g003664: ConnectionResetError: [Errno 104] Connection reset by peer
g003668: ConnectionResetError: [Errno 104] Connection reset by peer
g003672: ConnectionResetError: [Errno 104] Connection reset by peer
g003676: ConnectionResetError: [Errno 104] Connection reset by peer
g003680: ConnectionResetError: [Errno 104] Connection reset by peer
g003684: ConnectionResetError: [Errno 104] Connection reset by peer
g003688: ConnectionResetError: [Errno 104] Connection reset by peer
g003692: ConnectionResetError: [Errno 104] Connection reset by peer
g003696: ConnectionResetError: [Errno 104] Connection reset by peer
g003700: ConnectionResetError: [Errno 104] Connection reset by peer
g003704: ConnectionResetError: [Errno 104] Connection reset by peer
g003708: ConnectionResetError: [Errno 104] Connection reset by peer
g003712: ConnectionResetError: [Errno 104] Connection reset by peer
g003716: ConnectionResetError: [Errno 104] Connection reset by peer
g003720: ConnectionResetError: [Errno 104] Connection reset by peer
g003724: ConnectionResetError: [Errno 104] Connection reset by peer
g003728: ConnectionResetError: [Errno 104] Connection reset by peer
g003732: ConnectionResetError: [Errno 104] Connection reset by peer
g003736: ConnectionResetError: [Errno 104] Connection reset by peer
g003740: ConnectionResetError: [Errno 104] Connection reset by peer
g003744: ConnectionResetError: [Errno 104] Connection reset by peer
g003748: ConnectionResetError: [Errno 104] Connection reset by peer
g003752: ConnectionResetError: [Errno 104] Connection reset by peer
g003756: ConnectionResetError: [Errno 104] Connection reset by peer
g003760: ConnectionResetError: [Errno 104] Connection reset by peer
g003764: ConnectionResetError: [Errno 104] Connection reset by peer
g003768: ConnectionResetError: [Errno 104] Connection reset by peer
g003772: ConnectionResetError: [Errno 104] Connection reset by peer
g003776: ConnectionResetError: [Errno 104] Connection reset by peer
g003780: ConnectionResetError: [Errno 104] Connection reset by peer
g003784: ConnectionResetError: [Errno 104] Connection reset by peer
g003788: ConnectionResetError: [Errno 104] Connection reset by peer
g003792: ConnectionResetError: [Errno 104] Connection reset by peer
g003796: ConnectionResetError: [Errno 104] Connection reset by peer
g003800: ConnectionResetError: [Errno 104] Connection reset by peer
g003804: ConnectionResetError: [Errno 104] Connection reset by peer
g003808: ConnectionResetError: [Errno 104] Connection reset by peer
g003812: ConnectionResetError: [Errno 104] Connection reset by peer
g003816: ConnectionResetError: [Errno 104] Connection reset by peer
g003820: ConnectionResetError: [Errno 104] Connection reset by peer
g003824: ConnectionResetError: [Errno 104] Connection reset by peer
g003828: ConnectionResetError: [Errno 104] Connection reset by peer
g003832: ConnectionResetError: [Errno 104] Connection reset by peer
g003836: ConnectionResetError: [Errno 104] Connection reset by peer
g003840: ConnectionResetError: [Errno 104] Connection reset by peer
g003844: ConnectionResetError: [Errno 104] Connection reset by peer
g003848: ConnectionResetError: [Errno 104] Connection reset by peer
g003852: ConnectionResetError: [Errno 104] Connection reset by peer
g003856: ConnectionResetError: [Errno 104] Connection reset by peer
g003860: ConnectionResetError: [Errno 104] Connection reset by peer
g003864: ConnectionResetError: [Errno 104] Connection reset by peer
g003868: ConnectionResetError: [Errno 104] Connection reset by peer
g003872: ConnectionResetError: [Errno 104] Connection reset by peer
g003876: ConnectionResetError: [Errno 104] Connection reset by peer
g003880: ConnectionResetError: [Errno 104] Connection reset by peer
g003884: ConnectionResetError: [Errno 104] Connection reset by peer
g003888: ConnectionResetError: [Errno 104] Connection reset by peer
g003892: ConnectionResetError: [Errno 104] Connection reset by peer
g003896: ConnectionResetError: [Errno 104] Connection reset by peer
g003900: ConnectionResetError: [Errno 104] Connection reset by peer
g003904: ConnectionResetError: [Errno 104] Connection reset by peer
g003908: ConnectionResetError: [Errno 104] Connection reset by peer
g003912: ConnectionResetError: [Errno 104] Connection reset by peer
g003916: ConnectionResetError: [Errno 104] Connection reset by peer
g003920: ConnectionResetError: [Errno 104] Connection reset by peer
g003924: ConnectionResetError: [Errno 104] Connection reset by peer
g003928: ConnectionResetError: [Errno 104] Connection reset by peer
g003932: ConnectionResetError: [Errno 104] Connection reset by peer
g003936: ConnectionResetError: [Errno 104] Connection reset by peer
g003940: ConnectionResetError: [Errno 104] Connection reset by peer
g003944: ConnectionResetError: [Errno 104] Connection reset by peer
g003948: ConnectionResetError: [Errno 104] Connection reset by peer
g003952: ConnectionResetError: [Errno 104] Connection reset by peer
g003956: ConnectionResetError: [Errno 104] Connection reset by peer
g003960: ConnectionResetError: [Errno 104] Connection reset by peer
g003964: ConnectionResetError: [Errno 104] Connection reset by peer
g003968: ConnectionResetError: [Errno 104] Connection reset by peer
g003972: ConnectionResetError: [Errno 104] Connection reset by peer
g003976: ConnectionResetError: [Errno 104] Connection reset by peer
g003980: ConnectionResetError: [Errno 104] Connection reset by peer
g003984: ConnectionResetError: [Errno 104] Connection reset by peer
g003988: ConnectionResetError: [Errno 104] Connection reset by peer
g003992: ConnectionResetError: [Errno 104] Connection reset by peer
g003996: ConnectionResetError: [Errno 104] Connection reset by peer
g004000: ConnectionResetError: [Errno 104] Connection reset by peer
g004004: ConnectionResetError: [Errno 104] Connection reset by peer
g004008: ConnectionResetError: [Errno 104] Connection reset by peer
g004012: ConnectionResetError: [Errno 104] Connection reset by peer
g004016: ConnectionResetError: [Errno 104] Connection reset by peer
g004020: ConnectionResetError: [Errno 104] Connection reset by peer
g004024: ConnectionResetError: [Errno 104] Connection reset by peer
g004028: ConnectionResetError: [Errno 104] Connection reset by peer
g004032: ConnectionResetError: [Errno 104] Connection reset by peer
g004036: ConnectionResetError: [Errno 104] Connection reset by peer
g004040: ConnectionResetError: [Errno 104] Connection reset by peer
g004044: ConnectionResetError: [Errno 104] Connection reset by peer
g004048: ConnectionResetError: [Errno 104] Connection reset by peer
g004052: ConnectionResetError: [Errno 104] Connection reset by peer
g004056: ConnectionResetError: [Errno 104] Connection reset by peer
g004060: ConnectionResetError: [Errno 104] Connection reset by peer
g004064: ConnectionResetError: [Errno 104] Connection reset by peer
g004068: ConnectionResetError: [Errno 104] Connection reset by peer
g004072: ConnectionResetError: [Errno 104] Connection reset by peer
g004076: ConnectionResetError: [Errno 104] Connection reset by peer
g004080: ConnectionResetError: [Errno 104] Connection reset by peer
g004084: ConnectionResetError: [Errno 104] Connection reset by peer
g004088: ConnectionResetError: [Errno 104] Connection reset by peer
g004092: ConnectionResetError: [Errno 104] Connection reset by peer
g004096: ConnectionResetError: [Errno 104] Connection reset by peer
g004100: ConnectionResetError: [Errno 104] Connection reset by peer
g004104: ConnectionResetError: [Errno 104] Connection reset by peer
g004108: ConnectionResetError: [Errno 104] Connection reset by peer
g004112: ConnectionResetError: [Errno 104] Connection reset by peer
g004116: ConnectionResetError: [Errno 104] Connection reset by peer
g004120: ConnectionResetError: [Errno 104] Connection reset by peer
g004124: ConnectionResetError: [Errno 104] Connection reset by peer
g004128: ConnectionResetError: [Errno 104] Connection reset by peer
g004132: ConnectionResetError: [Errno 104] Connection reset by peer
g004136: ConnectionResetError: [Errno 104] Connection reset by peer
g004140: ConnectionResetError: [Errno 104] Connection reset by peer
g004144: ConnectionResetError: [Errno 104] Connection reset by peer
g004148: ConnectionResetError: [Errno 104] Connection reset by peer
g004152: ConnectionResetError: [Errno 104] Connection reset by peer
g004156: ConnectionResetError: [Errno 104] Connection reset by peer
g004160: ConnectionResetError: [Errno 104] Connection reset by peer
g004164: ConnectionResetError: [Errno 104] Connection reset by peer
g004168: ConnectionResetError: [Errno 104] Connection reset by peer
g004172: ConnectionResetError: [Errno 104] Connection reset by peer
g004176: ConnectionResetError: [Errno 104] Connection reset by peer
g004180: ConnectionResetError: [Errno 104] Connection reset by peer
g004184: ConnectionResetError: [Errno 104] Connection reset by peer
g004188: ConnectionResetError: [Errno 104] Connection reset by peer
g004192: ConnectionResetError: [Errno 104] Connection reset by peer
g004196: ConnectionResetError: [Errno 104] Connection reset by peer
g004200: ConnectionResetError: [Errno 104] Connection reset by peer
g004204: ConnectionResetError: [Errno 104] Connection reset by peer
g004208: ConnectionResetError: [Errno 104] Connection reset by peer
g004212: ConnectionResetError: [Errno 104] Connection reset by peer
g004216: ConnectionResetError: [Errno 104] Connection reset by peer
g004220: ConnectionResetError: [Errno 104] Connection reset by peer
g004224: ConnectionResetError: [Errno 104] Connection reset by peer
g004228: ConnectionResetError: [Errno 104] Connection reset by peer
g004232: ConnectionResetError: [Errno 104] Connection reset by peer
g004236: ConnectionResetError: [Errno 104] Connection reset by peer
g004240: ConnectionResetError: [Errno 104] Connection reset by peer
g004244: ConnectionResetError: [Errno 104] Connection reset by peer
g004248: ConnectionResetError: [Errno 104] Connection reset by peer
g004252: ConnectionResetError: [Errno 104] Connection reset by peer
g004256: ConnectionResetError: [Errno 104] Connection reset by peer
g004260: ConnectionResetError: [Errno 104] Connection reset by peer
g004264: ConnectionResetError: [Errno 104] Connection reset by peer
g004268: ConnectionResetError: [Errno 104] Connection reset by peer
g004272: ConnectionResetError: [Errno 104] Connection reset by peer
g004276: ConnectionResetError: [Errno 104] Connection reset by peer
g004280: ConnectionResetError: [Errno 104] Connection reset by peer
g004284: ConnectionResetError: [Errno 104] Connection reset by peer
g004288: ConnectionResetError: [Errno 104] Connection reset by peer
g004292: ConnectionResetError: [Errno 104] Connection reset by peer
g004296: ConnectionResetError: [Errno 104] Connection reset by peer
g004300: ConnectionResetError: [Errno 104] Connection reset by peer
g004304: ConnectionResetError: [Errno 104] Connection reset by peer
g004308: ConnectionResetError: [Errno 104] Connection reset by peer
g004312: ConnectionResetError: [Errno 104] Connection reset by peer
g004316: ConnectionResetError: [Errno 104] Connection reset by peer
g004320: ConnectionResetError: [Errno 104] Connection reset by peer
g004324: ConnectionResetError: [Errno 104] Connection reset by peer
g004328: ConnectionResetError: [Errno 104] Connection reset by peer
g004332: ConnectionResetError: [Errno 104] Connection reset by peer
g004336: ConnectionResetError: [Errno 104] Connection reset by peer
g004340: ConnectionResetError: [Errno 104] Connection reset by peer
g004344: ConnectionResetError: [Errno 104] Connection reset by peer
g004348: ConnectionResetError: [Errno 104] Connection reset by peer
g004352: ConnectionResetError: [Errno 104] Connection reset by peer
g004356: ConnectionResetError: [Errno 104] Connection reset by peer
g004360: ConnectionResetError: [Errno 104] Connection reset by peer
g004364: ConnectionResetError: [Errno 104] Connection reset by peer
g004368: ConnectionResetError: [Errno 104] Connection reset by peer
g004372: ConnectionResetError: [Errno 104] Connection reset by peer
g004376: ConnectionResetError: [Errno 104] Connection reset by peer
g004380: ConnectionResetError: [Errno 104] Connection reset by peer
g004384: ConnectionResetError: [Errno 104] Connection reset by peer
g004388: ConnectionResetError: [Errno 104] Connection reset by peer
g004392: ConnectionResetError: [Errno 104] Connection reset by peer
g004396: ConnectionResetError: [Errno 104] Connection reset by peer
g004400: ConnectionResetError: [Errno 104] Connection reset by peer
g004404: ConnectionResetError: [Errno 104] Connection reset by peer
g004408: ConnectionResetError: [Errno 104] Connection reset by peer
g004412: ConnectionResetError: [Errno 104] Connection reset by peer
g004416: ConnectionResetError: [Errno 104] Connection reset by peer
g004420: ConnectionResetError: [Errno 104] Connection reset by peer
g004424: ConnectionResetError: [Errno 104] Connection reset by peer
g004428: ConnectionResetError: [Errno 104] Connection reset by peer
g004432: ConnectionResetError: [Errno 104] Connection reset by peer
g004436: ConnectionResetError: [Errno 104] Connection reset by peer
g004440: ConnectionResetError: [Errno 104] Connection reset by peer
g004444: ConnectionResetError: [Errno 104] Connection reset by peer
g004448: ConnectionResetError: [Errno 104] Connection reset by peer
g004452: ConnectionResetError: [Errno 104] Connection reset by peer
g004456: ConnectionResetError: [Errno 104] Connection reset by peer
g004460: ConnectionResetError: [Errno 104] Connection reset by peer
g004464: ConnectionResetError: [Errno 104] Connection reset by peer
g004468: ConnectionResetError: [Errno 104] Connection reset by peer
g004472: ConnectionResetError: [Errno 104] Connection reset by peer
g004476: ConnectionResetError: [Errno 104] Connection reset by peer
g004480: ConnectionResetError: [Errno 104] Connection reset by peer
g004484: ConnectionResetError: [Errno 104] Connection reset by peer
g004488: ConnectionResetError: [Errno 104] Connection reset by peer
g004492: ConnectionResetError: [Errno 104] Connection reset by peer
g004496: ConnectionResetError: [Errno 104] Connection reset by peer
g004500: ConnectionResetError: [Errno 104] Connection reset by peer
g004504: ConnectionResetError: [Errno 104] Connection reset by peer
g004508: ConnectionResetError: [Errno 104] Connection reset by peer
g004512: ConnectionResetError: [Errno 104] Connection reset by peer
g004516: ConnectionResetError: [Errno 104] Connection reset by peer
g004520: ConnectionResetError: [Errno 104] Connection reset by peer
g004524: ConnectionResetError: [Errno 104] Connection reset by peer
g004528: ConnectionResetError: [Errno 104] Connection reset by peer
g004532: ConnectionResetError: [Errno 104] Connection reset by peer
g004536: ConnectionResetError: [Errno 104] Connection reset by peer
g004540: ConnectionResetError: [Errno 104] Connection reset by peer
g004544: ConnectionResetError: [Errno 104] Connection reset by peer
g004548: ConnectionResetError: [Errno 104] Connection reset by peer
g004552: ConnectionResetError: [Errno 104] Connection reset by peer
g004556: ConnectionResetError: [Errno 104] Connection reset by peer
g004560: ConnectionResetError: [Errno 104] Connection reset by peer
g004564: ConnectionResetError: [Errno 104] Connection reset by peer
g004568: ConnectionResetError: [Errno 104] Connection reset by peer
g004572: ConnectionResetError: [Errno 104] Connection reset by peer
g004576: ConnectionResetError: [Errno 104] Connection reset by peer
g004580: ConnectionResetError: [Errno 104] Connection reset by peer
g004584: ConnectionResetError: [Errno 104] Connection reset by peer
g004588: ConnectionResetError: [Errno 104] Connection reset by peer
g004592: ConnectionResetError: [Errno 104] Connection reset by peer
g004596: ConnectionResetError: [Errno 104] Connection reset by peer
g004600: ConnectionResetError: [Errno 104] Connection reset by peer
g004604: ConnectionResetError: [Errno 104] Connection reset by peer
g004608: ConnectionResetError: [Errno 104] Connection reset by peer
g004612: ConnectionResetError: [Errno 104] Connection reset by peer
g004616: ConnectionResetError: [Errno 104] Connection reset by peer
g004620: ConnectionResetError: [Errno 104] Connection reset by peer
g004624: ConnectionResetError: [Errno 104] Connection reset by peer
g004628: ConnectionResetError: [Errno 104] Connection reset by peer
g004632: ConnectionResetError: [Errno 104] Connection reset by peer
g004636: ConnectionResetError: [Errno 104] Connection reset by peer
g004640: ConnectionResetError: [Errno 104] Connection reset by peer
g004644: ConnectionResetError: [Errno 104] Connection reset by peer
g004648: ConnectionResetError: [Errno 104] Connection reset by peer
g004652: ConnectionResetError: [Errno 104] Connection reset by peer
g004656: ConnectionResetError: [Errno 104] Connection reset by peer
g004660: ConnectionResetError: [Errno 104] Connection reset by peer
g004664: ConnectionResetError: [Errno 104] Connection reset by peer
g004668: ConnectionResetError: [Errno 104] Connection reset by peer
g004672: ConnectionResetError: [Errno 104] Connection reset by peer
g004676: ConnectionResetError: [Errno 104] Connection reset by peer
g004680: ConnectionResetError: [Errno 104] Connection reset by peer
g004684: ConnectionResetError: [Errno 104] Connection reset by peer
g004688: ConnectionResetError: [Errno 104] Connection reset by peer
g004692: ConnectionResetError: [Errno 104] Connection reset by peer
g004696: ConnectionResetError: [Errno 104] Connection reset by peer
g004700: ConnectionResetError: [Errno 104] Connection reset by peer
g004704: ConnectionResetError: [Errno 104] Connection reset by peer
g004708: ConnectionResetError: [Errno 104] Connection reset by peer
g004712: ConnectionResetError: [Errno 104] Connection reset by peer
g004716: ConnectionResetError: [Errno 104] Connection reset by peer
g004720: ConnectionResetError: [Errno 104] Connection reset by peer
g004724: ConnectionResetError: [Errno 104] Connection reset by peer
g004728: ConnectionResetError: [Errno 104] Connection reset by peer
g004732: ConnectionResetError: [Errno 104] Connection reset by peer
g004736: ConnectionResetError: [Errno 104] Connection reset by peer
g004740: ConnectionResetError: [Errno 104] Connection reset by peer
g004744: ConnectionResetError: [Errno 104] Connection reset by peer
g004748: ConnectionResetError: [Errno 104] Connection reset by peer
g004752: ConnectionResetError: [Errno 104] Connection reset by peer
g004756: ConnectionResetError: [Errno 104] Connection reset by peer
g004760: ConnectionResetError: [Errno 104] Connection reset by peer
g004764: ConnectionResetError: [Errno 104] Connection reset by peer
g004768: ConnectionResetError: [Errno 104] Connection reset by peer
g004772: ConnectionResetError: [Errno 104] Connection reset by peer
g004776: ConnectionResetError: [Errno 104] Connection reset by peer
g004780: ConnectionResetError: [Errno 104] Connection reset by peer
g004784: ConnectionResetError: [Errno 104] Connection reset by peer
g004788: ConnectionResetError: [Errno 104] Connection reset by peer
g004792: ConnectionResetError: [Errno 104] Connection reset by peer
g004796: ConnectionResetError: [Errno 104] Connection reset by peer
g004800: ConnectionResetError: [Errno 104] Connection reset by peer
g004804: ConnectionResetError: [Errno 104] Connection reset by peer
g004808: ConnectionResetError: [Errno 104] Connection reset by peer
g004812: ConnectionResetError: [Errno 104] Connection reset by peer
g004816: ConnectionResetError: [Errno 104] Connection reset by peer
g004820: ConnectionResetError: [Errno 104] Connection reset by peer
g004824: ConnectionResetError: [Errno 104] Connection reset by peer
g004828: ConnectionResetError: [Errno 104] Connection reset by peer
g004832: ConnectionResetError: [Errno 104] Connection reset by peer
g004836: ConnectionResetError: [Errno 104] Connection reset by peer
g004840: ConnectionResetError: [Errno 104] Connection reset by peer
g004844: ConnectionResetError: [Errno 104] Connection reset by peer
g004848: ConnectionResetError: [Errno 104] Connection reset by peer
g004852: ConnectionResetError: [Errno 104] Connection reset by peer
g004856: ConnectionResetError: [Errno 104] Connection reset by peer
g004860: ConnectionResetError: [Errno 104] Connection reset by peer
g004864: ConnectionResetError: [Errno 104] Connection reset by peer
g004868: ConnectionResetError: [Errno 104] Connection reset by peer
g004872: ConnectionResetError: [Errno 104] Connection reset by peer
g004876: ConnectionResetError: [Errno 104] Connection reset by peer
g004880: ConnectionResetError: [Errno 104] Connection reset by peer
g004884: ConnectionResetError: [Errno 104] Connection reset by peer
g004888: ConnectionResetError: [Errno 104] Connection reset by peer
g004892: ConnectionResetError: [Errno 104] Connection reset by peer
g004896: ConnectionResetError: [Errno 104] Connection reset by peer
g004900: ConnectionResetError: [Errno 104] Connection reset by peer
g004904: ConnectionResetError: [Errno 104] Connection reset by peer
g004908: ConnectionResetError: [Errno 104] Connection reset by peer
g004912: ConnectionResetError: [Errno 104] Connection reset by peer
g004916: ConnectionResetError: [Errno 104] Connection reset by peer
g004920: ConnectionResetError: [Errno 104] Connection reset by peer
g004924: ConnectionResetError: [Errno 104] Connection reset by peer
g004928: ConnectionResetError: [Errno 104] Connection reset by peer
g004932: ConnectionResetError: [Errno 104] Connection reset by peer
g004936: ConnectionResetError: [Errno 104] Connection reset by peer
g004940: ConnectionResetError: [Errno 104] Connection reset by peer
g004944: ConnectionResetError: [Errno 104] Connection reset by peer
g004948: ConnectionResetError: [Errno 104] Connection reset by peer
g004952: ConnectionResetError: [Errno 104] Connection reset by peer
g004956: ConnectionResetError: [Errno 104] Connection reset by peer
g004960: ConnectionResetError: [Errno 104] Connection reset by peer
g004964: ConnectionResetError: [Errno 104] Connection reset by peer
g004968: ConnectionResetError: [Errno 104] Connection reset by peer
g004972: ConnectionResetError: [Errno 104] Connection reset by peer
g004976: ConnectionResetError: [Errno 104] Connection reset by peer
g004980: ConnectionResetError: [Errno 104] Connection reset by peer
g004984: ConnectionResetError: [Errno 104] Connection reset by peer
g004988: ConnectionResetError: [Errno 104] Connection reset by peer
g004992: ConnectionResetError: [Errno 104] Connection reset by peer
g004996: ConnectionResetError: [Errno 104] Connection reset by peer
g005000: ConnectionResetError: [Errno 104] Connection reset by peer
g005004: ConnectionResetError: [Errno 104] Connection reset by peer
g005008: ConnectionResetError: [Errno 104] Connection reset by peer
g005012: ConnectionResetError: [Errno 104] Connection reset by peer
g005016: ConnectionResetError: [Errno 104] Connection reset by peer
g005020: ConnectionResetError: [Errno 104] Connection reset by peer
g005024: ConnectionResetError: [Errno 104] Connection reset by peer
g005028: ConnectionResetError: [Errno 104] Connection reset by peer
g005032: ConnectionResetError: [Errno 104] Connection reset by peer
g005036: ConnectionResetError: [Errno 104] Connection reset by peer
g005040: ConnectionResetError: [Errno 104] Connection reset by peer
g005044: ConnectionResetError: [Errno 104] Connection reset by peer
g005048: ConnectionResetError: [Errno 104] Connection reset by peer
g005052: ConnectionResetError: [Errno 104] Connection reset by peer
g005056: ConnectionResetError: [Errno 104] Connection reset by peer
g005060: ConnectionResetError: [Errno 104] Connection reset by peer
g005064: ConnectionResetError: [Errno 104] Connection reset by peer
g005068: ConnectionResetError: [Errno 104] Connection reset by peer
g005072: ConnectionResetError: [Errno 104] Connection reset by peer
g005076: ConnectionResetError: [Errno 104] Connection reset by peer
g005080: ConnectionResetError: [Errno 104] Connection reset by peer
g005084: ConnectionResetError: [Errno 104] Connection reset by peer
g005088: ConnectionResetError: [Errno 104] Connection reset by peer
g005092: ConnectionResetError: [Errno 104] Connection reset by peer
g005096: ConnectionResetError: [Errno 104] Connection reset by peer
g005100: ConnectionResetError: [Errno 104] Connection reset by peer
g005104: ConnectionResetError: [Errno 104] Connection reset by peer
g005108: ConnectionResetError: [Errno 104] Connection reset by peer
g005112: ConnectionResetError: [Errno 104] Connection reset by peer
g005116: ConnectionResetError: [Errno 104] Connection reset by peer
g005120: ConnectionResetError: [Errno 104] Connection reset by peer
g005124: ConnectionResetError: [Errno 104] Connection reset by peer
g005128: ConnectionResetError: [Errno 104] Connection reset by peer
g005132: ConnectionResetError: [Errno 104] Connection reset by peer
g005136: ConnectionResetError: [Errno 104] Connection reset by peer
g005140: ConnectionResetError: [Errno 104] Connection reset by peer
g005144: ConnectionResetError: [Errno 104] Connection reset by peer
g005148: ConnectionResetError: [Errno 104] Connection reset by peer
g005152: ConnectionResetError: [Errno 104] Connection reset by peer
g005156: ConnectionResetError: [Errno 104] Connection reset by peer
g005160: ConnectionResetError: [Errno 104] Connection reset by peer
g005164: ConnectionResetError: [Errno 104] Connection reset by peer
g005168: ConnectionResetError: [Errno 104] Connection reset by peer
g005172: ConnectionResetError: [Errno 104] Connection reset by peer
g005176: ConnectionResetError: [Errno 104] Connection reset by peer
g005180: ConnectionResetError: [Errno 104] Connection reset by peer
g005184: ConnectionResetError: [Errno 104] Connection reset by peer
g005188: ConnectionResetError: [Errno 104] Connection reset by peer
g005192: ConnectionResetError: [Errno 104] Connection reset by peer
g005196: ConnectionResetError: [Errno 104] Connection reset by peer
g005200: ConnectionResetError: [Errno 104] Connection reset by peer
g005204: ConnectionResetError: [Errno 104] Connection reset by peer
g005208: ConnectionResetError: [Errno 104] Connection reset by peer
g005212: ConnectionResetError: [Errno 104] Connection reset by peer
g005216: ConnectionResetError: [Errno 104] Connection reset by peer
g005220: ConnectionResetError: [Errno 104] Connection reset by peer
g005224: ConnectionResetError: [Errno 104] Connection reset by peer
g005228: ConnectionResetError: [Errno 104] Connection reset by peer
g005232: ConnectionResetError: [Errno 104] Connection reset by peer
g005236: ConnectionResetError: [Errno 104] Connection reset by peer
g005240: ConnectionResetError: [Errno 104] Connection reset by peer
g005244: ConnectionResetError: [Errno 104] Connection reset by peer
g005248: ConnectionResetError: [Errno 104] Connection reset by peer
g005252: ConnectionResetError: [Errno 104] Connection reset by peer
g005256: ConnectionResetError: [Errno 104] Connection reset by peer
g005260: ConnectionResetError: [Errno 104] Connection reset by peer
g005264: ConnectionResetError: [Errno 104] Connection reset by peer
g005268: ConnectionResetError: [Errno 104] Connection reset by peer
g005272: ConnectionResetError: [Errno 104] Connection reset by peer
g005276: ConnectionResetError: [Errno 104] Connection reset by peer
g005280: ConnectionResetError: [Errno 104] Connection reset by peer
g005284: ConnectionResetError: [Errno 104] Connection reset by peer
g005288: ConnectionResetError: [Errno 104] Connection reset by peer
g005292: ConnectionResetError: [Errno 104] Connection reset by peer
g005296: ConnectionResetError: [Errno 104] Connection reset by peer
g005300: ConnectionResetError: [Errno 104] Connection reset by peer
g005304: ConnectionResetError: [Errno 104] Connection reset by peer
g005308: ConnectionResetError: [Errno 104] Connection reset by peer
g005312: ConnectionResetError: [Errno 104] Connection reset by peer
g005316: ConnectionResetError: [Errno 104] Connection reset by peer
g005320: ConnectionResetError: [Errno 104] Connection reset by peer
g005324: ConnectionResetError: [Errno 104] Connection reset by peer
g005328: ConnectionResetError: [Errno 104] Connection reset by peer
g005332: ConnectionResetError: [Errno 104] Connection reset by peer
g005336: ConnectionResetError: [Errno 104] Connection reset by peer
g005340: ConnectionResetError: [Errno 104] Connection reset by peer
g005344: ConnectionResetError: [Errno 104] Connection reset by peer
g005348: ConnectionResetError: [Errno 104] Connection reset by peer
g005352: ConnectionResetError: [Errno 104] Connection reset by peer
g005356: ConnectionResetError: [Errno 104] Connection reset by peer
g005360: ConnectionResetError: [Errno 104] Connection reset by peer
g005364: ConnectionResetError: [Errno 104] Connection reset by peer
g005368: ConnectionResetError: [Errno 104] Connection reset by peer
g005372: ConnectionResetError: [Errno 104] Connection reset by peer
g005376: ConnectionResetError: [Errno 104] Connection reset by peer
g005380: ConnectionResetError: [Errno 104] Connection reset by peer
g005384: ConnectionResetError: [Errno 104] Connection reset by peer
g005388: ConnectionResetError: [Errno 104] Connection reset by peer
g005392: ConnectionResetError: [Errno 104] Connection reset by peer
g005396: ConnectionResetError: [Errno 104] Connection reset by peer
g005400: ConnectionResetError: [Errno 104] Connection reset by peer
g005404: ConnectionResetError: [Errno 104] Connection reset by peer
g005408: ConnectionResetError: [Errno 104] Connection reset by peer
g005412: ConnectionResetError: [Errno 104] Connection reset by peer
g005416: ConnectionResetError: [Errno 104] Connection reset by peer
g005420: ConnectionResetError: [Errno 104] Connection reset by peer
g005424: ConnectionResetError: [Errno 104] Connection reset by peer
g005428: ConnectionResetError: [Errno 104] Connection reset by peer
g005432: ConnectionResetError: [Errno 104] Connection reset by peer
g005436: ConnectionResetError: [Errno 104] Connection reset by peer
g005440: ConnectionResetError: [Errno 104] Connection reset by peer
g005444: ConnectionResetError: [Errno 104] Connection reset by peer
g005448: ConnectionResetError: [Errno 104] Connection reset by peer
g005452: ConnectionResetError: [Errno 104] Connection reset by peer
g005456: ConnectionResetError: [Errno 104] Connection reset by peer
g005460: ConnectionResetError: [Errno 104] Connection reset by peer
g005464: ConnectionResetError: [Errno 104] Connection reset by peer
g005468: ConnectionResetError: [Errno 104] Connection reset by peer
g005472: ConnectionResetError: [Errno 104] Connection reset by peer
g005476: ConnectionResetError: [Errno 104] Connection reset by peer
g005480: ConnectionResetError: [Errno 104] Connection reset by peer
g005484: ConnectionResetError: [Errno 104] Connection reset by peer
g005488: ConnectionResetError: [Errno 104] Connection reset by peer
g005492: ConnectionResetError: [Errno 104] Connection reset by peer
g005496: ConnectionResetError: [Errno 104] Connection reset by peer
g005500: ConnectionResetError: [Errno 104] Connection reset by peer
g005504: ConnectionResetError: [Errno 104] Connection reset by peer
g005508: ConnectionResetError: [Errno 104] Connection reset by peer
g005512: ConnectionResetError: [Errno 104] Connection reset by peer
g005516: ConnectionResetError: [Errno 104] Connection reset by peer
g005520: ConnectionResetError: [Errno 104] Connection reset by peer
g005524: ConnectionResetError: [Errno 104] Connection reset by peer
g005528: ConnectionResetError: [Errno 104] Connection reset by peer
g005532: ConnectionResetError: [Errno 104] Connection reset by peer
g005536: ConnectionResetError: [Errno 104] Connection reset by peer
g005540: ConnectionResetError: [Errno 104] Connection reset by peer
g005544: ConnectionResetError: [Errno 104] Connection reset by peer
g005548: ConnectionResetError: [Errno 104] Connection reset by peer
g005552: ConnectionResetError: [Errno 104] Connection reset by peer
g005556: ConnectionResetError: [Errno 104] Connection reset by peer
g005560: ConnectionResetError: [Errno 104] Connection reset by peer
g005564: ConnectionResetError: [Errno 104] Connection reset by peer
g005568: ConnectionResetError: [Errno 104] Connection reset by peer
g005572: ConnectionResetError: [Errno 104] Connection reset by peer
g005576: ConnectionResetError: [Errno 104] Connection reset by peer
g005580: ConnectionResetError: [Errno 104] Connection reset by peer
g005584: ConnectionResetError: [Errno 104] Connection reset by peer
g005588: ConnectionResetError: [Errno 104] Connection reset by peer
g005592: ConnectionResetError: [Errno 104] Connection reset by peer
g005596: ConnectionResetError: [Errno 104] Connection reset by peer
g005600: ConnectionResetError: [Errno 104] Connection reset by peer
g005604: ConnectionResetError: [Errno 104] Connection reset by peer
g005608: ConnectionResetError: [Errno 104] Connection reset by peer
g005612: ConnectionResetError: [Errno 104] Connection reset by peer
g005616: ConnectionResetError: [Errno 104] Connection reset by peer
g005620: ConnectionResetError: [Errno 104] Connection reset by peer
g005624: ConnectionResetError: [Errno 104] Connection reset by peer
g005628: ConnectionResetError: [Errno 104] Connection reset by peer
g005632: ConnectionResetError: [Errno 104] Connection reset by peer
g005636: ConnectionResetError: [Errno 104] Connection reset by peer
g005640: ConnectionResetError: [Errno 104] Connection reset by peer
g005644: ConnectionResetError: [Errno 104] Connection reset by peer
g005648: ConnectionResetError: [Errno 104] Connection reset by peer
g005652: ConnectionResetError: [Errno 104] Connection reset by peer
g005656: ConnectionResetError: [Errno 104] Connection reset by peer
g005660: ConnectionResetError: [Errno 104] Connection reset by peer
g005664: ConnectionResetError: [Errno 104] Connection reset by peer
g005668: ConnectionResetError: [Errno 104] Connection reset by peer
g005672: ConnectionResetError: [Errno 104] Connection reset by peer
g005676: ConnectionResetError: [Errno 104] Connection reset by peer
g005680: ConnectionResetError: [Errno 104] Connection reset by peer
g005684: ConnectionResetError: [Errno 104] Connection reset by peer
g005688: ConnectionResetError: [Errno 104] Connection reset by peer
g005692: ConnectionResetError: [Errno 104] Connection reset by peer
g005696: ConnectionResetError: [Errno 104] Connection reset by peer
g005700: ConnectionResetError: [Errno 104] Connection reset by peer
g005704: ConnectionResetError: [Errno 104] Connection reset by peer
g005708: ConnectionResetError: [Errno 104] Connection reset by peer
g005712: ConnectionResetError: [Errno 104] Connection reset by peer
g005716: ConnectionResetError: [Errno 104] Connection reset by peer
g005720: ConnectionResetError: [Errno 104] Connection reset by peer
g005724: ConnectionResetError: [Errno 104] Connection reset by peer
g005728: ConnectionResetError: [Errno 104] Connection reset by peer
g005732: ConnectionResetError: [Errno 104] Connection reset by peer
g005736: ConnectionResetError: [Errno 104] Connection reset by peer
g005740: ConnectionResetError: [Errno 104] Connection reset by peer
g005744: ConnectionResetError: [Errno 104] Connection reset by peer
g005748: ConnectionResetError: [Errno 104] Connection reset by peer
g005752: ConnectionResetError: [Errno 104] Connection reset by peer
g005756: ConnectionResetError: [Errno 104] Connection reset by peer
g005760: ConnectionResetError: [Errno 104] Connection reset by peer
g005764: ConnectionResetError: [Errno 104] Connection reset by peer
g005768: ConnectionResetError: [Errno 104] Connection reset by peer
g005772: ConnectionResetError: [Errno 104] Connection reset by peer
g005776: ConnectionResetError: [Errno 104] Connection reset by peer
g005780: ConnectionResetError: [Errno 104] Connection reset by peer
g005784: ConnectionResetError: [Errno 104] Connection reset by peer
g005788: ConnectionResetError: [Errno 104] Connection reset by peer
g005792: ConnectionResetError: [Errno 104] Connection reset by peer
g005796: ConnectionResetError: [Errno 104] Connection reset by peer
g005800: ConnectionResetError: [Errno 104] Connection reset by peer
g005804: ConnectionResetError: [Errno 104] Connection reset by peer
g005808: ConnectionResetError: [Errno 104] Connection reset by peer
g005812: ConnectionResetError: [Errno 104] Connection reset by peer
g005816: ConnectionResetError: [Errno 104] Connection reset by peer
g005820: ConnectionResetError: [Errno 104] Connection reset by peer
g005824: ConnectionResetError: [Errno 104] Connection reset by peer
g005828: ConnectionResetError: [Errno 104] Connection reset by peer
g005832: ConnectionResetError: [Errno 104] Connection reset by peer
g005836: ConnectionResetError: [Errno 104] Connection reset by peer
g005840: ConnectionResetError: [Errno 104] Connection reset by peer
g005844: ConnectionResetError: [Errno 104] Connection reset by peer
g005848: ConnectionResetError: [Errno 104] Connection reset by peer
g005852: ConnectionResetError: [Errno 104] Connection reset by peer
g005856: ConnectionResetError: [Errno 104] Connection reset by peer
g005860: ConnectionResetError: [Errno 104] Connection reset by peer
g005864: ConnectionResetError: [Errno 104] Connection reset by peer
g005868: ConnectionResetError: [Errno 104] Connection reset by peer
g005872: ConnectionResetError: [Errno 104] Connection reset by peer
g005876: ConnectionResetError: [Errno 104] Connection reset by peer
g005880: ConnectionResetError: [Errno 104] Connection reset by peer
g005884: ConnectionResetError: [Errno 104] Connection reset by peer
g005888: ConnectionResetError: [Errno 104] Connection reset by peer
g005892: ConnectionResetError: [Errno 104] Connection reset by peer
g005896: ConnectionResetError: [Errno 104] Connection reset by peer
g005900: ConnectionResetError: [Errno 104] Connection reset by peer
g005904: ConnectionResetError: [Errno 104] Connection reset by peer
g005908: ConnectionResetError: [Errno 104] Connection reset by peer
g005912: ConnectionResetError: [Errno 104] Connection reset by peer
g005916: ConnectionResetError: [Errno 104] Connection reset by peer
g005920: ConnectionResetError: [Errno 104] Connection reset by peer
g005924: ConnectionResetError: [Errno 104] Connection reset by peer
g005928: ConnectionResetError: [Errno 104] Connection reset by peer
g005932: ConnectionResetError: [Errno 104] Connection reset by peer
g005936: ConnectionResetError: [Errno 104] Connection reset by peer
g005940: ConnectionResetError: [Errno 104] Connection reset by peer
g005944: ConnectionResetError: [Errno 104] Connection reset by peer
g005948: ConnectionResetError: [Errno 104] Connection reset by peer
g005952: ConnectionResetError: [Errno 104] Connection reset by peer
g005956: ConnectionResetError: [Errno 104] Connection reset by peer
g005960: ConnectionResetError: [Errno 104] Connection reset by peer
g005964: ConnectionResetError: [Errno 104] Connection reset by peer
g005968: ConnectionResetError: [Errno 104] Connection reset by peer
g005972: ConnectionResetError: [Errno 104] Connection reset by peer
g005976: ConnectionResetError: [Errno 104] Connection reset by peer
g005980: ConnectionResetError: [Errno 104] Connection reset by peer
g005984: ConnectionResetError: [Errno 104] Connection reset by peer
g005988: ConnectionResetError: [Errno 104] Connection reset by peer
g005992: ConnectionResetError: [Errno 104] Connection reset by peer
g005996: ConnectionResetError: [Errno 104] Connection reset by peer
g006000: ConnectionResetError: [Errno 104] Connection reset by peer
g006004: ConnectionResetError: [Errno 104] Connection reset by peer
g006008: ConnectionResetError: [Errno 104] Connection reset by peer
g006012: ConnectionResetError: [Errno 104] Connection reset by peer
g006016: ConnectionResetError: [Errno 104] Connection reset by peer
g006020: ConnectionResetError: [Errno 104] Connection reset by peer
g006024: ConnectionResetError: [Errno 104] Connection reset by peer
g006028: ConnectionResetError: [Errno 104] Connection reset by peer
g006032: ConnectionResetError: [Errno 104] Connection reset by peer
g006036: ConnectionResetError: [Errno 104] Connection reset by peer
g006040: ConnectionResetError: [Errno 104] Connection reset by peer
g006044: ConnectionResetError: [Errno 104] Connection reset by peer
g006048: ConnectionResetError: [Errno 104] Connection reset by peer
g006052: ConnectionResetError: [Errno 104] Connection reset by peer
g006056: ConnectionResetError: [Errno 104] Connection reset by peer
g006060: ConnectionResetError: [Errno 104] Connection reset by peer
g006064: ConnectionResetError: [Errno 104] Connection reset by peer
g006068: ConnectionResetError: [Errno 104] Connection reset by peer
g006072: ConnectionResetError: [Errno 104] Connection reset by peer
g006076: ConnectionResetError: [Errno 104] Connection reset by peer
g006080: ConnectionResetError: [Errno 104] Connection reset by peer
g006084: ConnectionResetError: [Errno 104] Connection reset by peer
g006088: ConnectionResetError: [Errno 104] Connection reset by peer
g006092: ConnectionResetError: [Errno 104] Connection reset by peer
g006096: ConnectionResetError: [Errno 104] Connection reset by peer
g006100: ConnectionResetError: [Errno 104] Connection reset by peer
g006104: ConnectionResetError: [Errno 104] Connection reset by peer
g006108: ConnectionResetError: [Errno 104] Connection reset by peer
g006112: ConnectionResetError: [Errno 104] Connection reset by peer
g006116: ConnectionResetError: [Errno 104] Connection reset by peer
g006120: ConnectionResetError: [Errno 104] Connection reset by peer
g006124: ConnectionResetError: [Errno 104] Connection reset by peer
g006128: ConnectionResetError: [Errno 104] Connection reset by peer
g006132: ConnectionResetError: [Errno 104] Connection reset by peer
g006136: ConnectionResetError: [Errno 104] Connection reset by peer
g006140: ConnectionResetError: [Errno 104] Connection reset by peer
g006144: ConnectionResetError: [Errno 104] Connection reset by peer
g006148: ConnectionResetError: [Errno 104] Connection reset by peer
g006152: ConnectionResetError: [Errno 104] Connection reset by peer
g006156: ConnectionResetError: [Errno 104] Connection reset by peer
g006160: ConnectionResetError: [Errno 104] Connection reset by peer
g006164: ConnectionResetError: [Errno 104] Connection reset by peer
g006168: ConnectionResetError: [Errno 104] Connection reset by peer
g006172: ConnectionResetError: [Errno 104] Connection reset by peer
g006176: ConnectionResetError: [Errno 104] Connection reset by peer
g006180: ConnectionResetError: [Errno 104] Connection reset by peer
g006184: ConnectionResetError: [Errno 104] Connection reset by peer
g006188: ConnectionResetError: [Errno 104] Connection reset by peer
g006192: ConnectionResetError: [Errno 104] Connection reset by peer
g006196: ConnectionResetError: [Errno 104] Connection reset by peer
g006200: ConnectionResetError: [Errno 104] Connection reset by peer
g006204: ConnectionResetError: [Errno 104] Connection reset by peer
g006208: ConnectionResetError: [Errno 104] Connection reset by peer
g006212: ConnectionResetError: [Errno 104] Connection reset by peer
g006216: ConnectionResetError: [Errno 104] Connection reset by peer
g006220: ConnectionResetError: [Errno 104] Connection reset by peer
g006224: ConnectionResetError: [Errno 104] Connection reset by peer
g006228: ConnectionResetError: [Errno 104] Connection reset by peer
g006232: ConnectionResetError: [Errno 104] Connection reset by peer
g006236: ConnectionResetError: [Errno 104] Connection reset by peer
g006240: ConnectionResetError: [Errno 104] Connection reset by peer
g006244: ConnectionResetError: [Errno 104] Connection reset by peer
g006248: ConnectionResetError: [Errno 104] Connection reset by peer
g006252: ConnectionResetError: [Errno 104] Connection reset by peer
g006256: ConnectionResetError: [Errno 104] Connection reset by peer
g006260: ConnectionResetError: [Errno 104] Connection reset by peer
g006264: ConnectionResetError: [Errno 104] Connection reset by peer
g006268: ConnectionResetError: [Errno 104] Connection reset by peer
g006272: ConnectionResetError: [Errno 104] Connection reset by peer
g006276: ConnectionResetError: [Errno 104] Connection reset by peer
g006280: ConnectionResetError: [Errno 104] Connection reset by peer
g006284: ConnectionResetError: [Errno 104] Connection reset by peer
g006288: ConnectionResetError: [Errno 104] Connection reset by peer
g006292: ConnectionResetError: [Errno 104] Connection reset by peer
g006296: ConnectionResetError: [Errno 104] Connection reset by peer
g006300: ConnectionResetError: [Errno 104] Connection reset by peer
g006304: ConnectionResetError: [Errno 104] Connection reset by peer
g006308: ConnectionResetError: [Errno 104] Connection reset by peer
g006312: ConnectionResetError: [Errno 104] Connection reset by peer
g006316: ConnectionResetError: [Errno 104] Connection reset by peer
g006320: ConnectionResetError: [Errno 104] Connection reset by peer
g006324: ConnectionResetError: [Errno 104] Connection reset by peer
g006328: ConnectionResetError: [Errno 104] Connection reset by peer
g006332: ConnectionResetError: [Errno 104] Connection reset by peer
g006336: ConnectionResetError: [Errno 104] Connection reset by peer
g006340: ConnectionResetError: [Errno 104] Connection reset by peer
g006344: ConnectionResetError: [Errno 104] Connection reset by peer
g006348: ConnectionResetError: [Errno 104] Connection reset by peer
g006352: ConnectionResetError: [Errno 104] Connection reset by peer
g006356: ConnectionResetError: [Errno 104] Connection reset by peer
g006360: ConnectionResetError: [Errno 104] Connection reset by peer
g006364: ConnectionResetError: [Errno 104] Connection reset by peer
g006368: ConnectionResetError: [Errno 104] Connection reset by peer
g006372: ConnectionResetError: [Errno 104] Connection reset by peer
g006376: ConnectionResetError: [Errno 104] Connection reset by peer
g006380: ConnectionResetError: [Errno 104] Connection reset by peer
g006384: ConnectionResetError: [Errno 104] Connection reset by peer
g006388: ConnectionResetError: [Errno 104] Connection reset by peer
g006392: ConnectionResetError: [Errno 104] Connection reset by peer
g006396: ConnectionResetError: [Errno 104] Connection reset by peer
g006400: ConnectionResetError: [Errno 104] Connection reset by peer
g006404: ConnectionResetError: [Errno 104] Connection reset by peer
g006408: ConnectionResetError: [Errno 104] Connection reset by peer
g006412: ConnectionResetError: [Errno 104] Connection reset by peer
g006416: ConnectionResetError: [Errno 104] Connection reset by peer
g006420: ConnectionResetError: [Errno 104] Connection reset by peer
g006424: ConnectionResetError: [Errno 104] Connection reset by peer
g006428: ConnectionResetError: [Errno 104] Connection reset by peer
g006432: ConnectionResetError: [Errno 104] Connection reset by peer
g006436: ConnectionResetError: [Errno 104] Connection reset by peer
g006440: ConnectionResetError: [Errno 104] Connection reset by peer
g006444: ConnectionResetError: [Errno 104] Connection reset by peer
g006448: ConnectionResetError: [Errno 104] Connection reset by peer
g006452: ConnectionResetError: [Errno 104] Connection reset by peer
g006456: ConnectionResetError: [Errno 104] Connection reset by peer
g006460: ConnectionResetError: [Errno 104] Connection reset by peer
g006464: ConnectionResetError: [Errno 104] Connection reset by peer
g006468: ConnectionResetError: [Errno 104] Connection reset by peer
g006472: ConnectionResetError: [Errno 104] Connection reset by peer
g006476: ConnectionResetError: [Errno 104] Connection reset by peer
g006480: ConnectionResetError: [Errno 104] Connection reset by peer
g006484: ConnectionResetError: [Errno 104] Connection reset by peer
g006488: ConnectionResetError: [Errno 104] Connection reset by peer
g006492: ConnectionResetError: [Errno 104] Connection reset by peer
g006496: ConnectionResetError: [Errno 104] Connection reset by peer
g006500: ConnectionResetError: [Errno 104] Connection reset by peer
g006504: ConnectionResetError: [Errno 104] Connection reset by peer
g006508: ConnectionResetError: [Errno 104] Connection reset by peer
g006512: ConnectionResetError: [Errno 104] Connection reset by peer
g006516: ConnectionResetError: [Errno 104] Connection reset by peer
g006520: ConnectionResetError: [Errno 104] Connection reset by peer
g006524: ConnectionResetError: [Errno 104] Connection reset by peer
g006528: ConnectionResetError: [Errno 104] Connection reset by peer
g006532: ConnectionResetError: [Errno 104] Connection reset by peer
g006536: ConnectionResetError: [Errno 104] Connection reset by peer
g006540: ConnectionResetError: [Errno 104] Connection reset by peer
g006544: ConnectionResetError: [Errno 104] Connection reset by peer
g006548: ConnectionResetError: [Errno 104] Connection reset by peer
g006552: ConnectionResetError: [Errno 104] Connection reset by peer
g006556: ConnectionResetError: [Errno 104] Connection reset by peer
g006560: ConnectionResetError: [Errno 104] Connection reset by peer
g006564: ConnectionResetError: [Errno 104] Connection reset by peer
g006568: ConnectionResetError: [Errno 104] Connection reset by peer
g006572: ConnectionResetError: [Errno 104] Connection reset by peer
g006576: ConnectionResetError: [Errno 104] Connection reset by peer
g006580: ConnectionResetError: [Errno 104] Connection reset by peer
g006584: ConnectionResetError: [Errno 104] Connection reset by peer
g006588: ConnectionResetError: [Errno 104] Connection reset by peer
g006592: ConnectionResetError: [Errno 104] Connection reset by peer
g006596: ConnectionResetError: [Errno 104] Connection reset by peer
g006600: ConnectionResetError: [Errno 104] Connection reset by peer
g006604: ConnectionResetError: [Errno 104] Connection reset by peer
g006608: ConnectionResetError: [Errno 104] Connection reset by peer
g006612: ConnectionResetError: [Errno 104] Connection reset by peer
g006616: ConnectionResetError: [Errno 104] Connection reset by peer
g006620: ConnectionResetError: [Errno 104] Connection reset by peer
g006624: ConnectionResetError: [Errno 104] Connection reset by peer
g006628: ConnectionResetError: [Errno 104] Connection reset by peer
g006632: ConnectionResetError: [Errno 104] Connection reset by peer
g006636: ConnectionResetError: [Errno 104] Connection reset by peer
g006640: ConnectionResetError: [Errno 104] Connection reset by peer
g006644: ConnectionResetError: [Errno 104] Connection reset by peer
g006648: ConnectionResetError: [Errno 104] Connection reset by peer
g006652: ConnectionResetError: [Errno 104] Connection reset by peer
g006656: ConnectionResetError: [Errno 104] Connection reset by peer
g006660: ConnectionResetError: [Errno 104] Connection reset by peer
g006664: ConnectionResetError: [Errno 104] Connection reset by peer
g006668: ConnectionResetError: [Errno 104] Connection reset by peer
g006672: ConnectionResetError: [Errno 104] Connection reset by peer
g006676: ConnectionResetError: [Errno 104] Connection reset by peer
g006680: ConnectionResetError: [Errno 104] Connection reset by peer
g006684: ConnectionResetError: [Errno 104] Connection reset by peer
g006688: ConnectionResetError: [Errno 104] Connection reset by peer
g006692: ConnectionResetError: [Errno 104] Connection reset by peer
g006696: ConnectionResetError: [Errno 104] Connection reset by peer
g006700: ConnectionResetError: [Errno 104] Connection reset by peer
g006704: ConnectionResetError: [Errno 104] Connection reset by peer
g006708: ConnectionResetError: [Errno 104] Connection reset by peer
g006712: ConnectionResetError: [Errno 104] Connection reset by peer
g006716: ConnectionResetError: [Errno 104] Connection reset by peer
g006720: ConnectionResetError: [Errno 104] Connection reset by peer
g006724: ConnectionResetError: [Errno 104] Connection reset by peer
g006728: ConnectionResetError: [Errno 104] Connection reset by peer
g006732: ConnectionResetError: [Errno 104] Connection reset by peer
g006736: ConnectionResetError: [Errno 104] Connection reset by peer
g006740: ConnectionResetError: [Errno 104] Connection reset by peer
g006744: ConnectionResetError: [Errno 104] Connection reset by peer
g006748: ConnectionResetError: [Errno 104] Connection reset by peer
g006752: ConnectionResetError: [Errno 104] Connection reset by peer
g006756: ConnectionResetError: [Errno 104] Connection reset by peer
g006760: ConnectionResetError: [Errno 104] Connection reset by peer
g006764: ConnectionResetError: [Errno 104] Connection reset by peer
g006768: ConnectionResetError: [Errno 104] Connection reset by peer
g006772: ConnectionResetError: [Errno 104] Connection reset by peer
g006776: ConnectionResetError: [Errno 104] Connection reset by peer
g006780: ConnectionResetError: [Errno 104] Connection reset by peer
g006784: ConnectionResetError: [Errno 104] Connection reset by peer
g006788: ConnectionResetError: [Errno 104] Connection reset by peer
g006792: ConnectionResetError: [Errno 104] Connection reset by peer
g006796: ConnectionResetError: [Errno 104] Connection reset by peer
g006800: ConnectionResetError: [Errno 104] Connection reset by peer
g006804: ConnectionResetError: [Errno 104] Connection reset by peer
g006808: ConnectionResetError: [Errno 104] Connection reset by peer
g006812: ConnectionResetError: [Errno 104] Connection reset by peer
g006816: ConnectionResetError: [Errno 104] Connection reset by peer
g006820: ConnectionResetError: [Errno 104] Connection reset by peer
g006824: ConnectionResetError: [Errno 104] Connection reset by peer
g006828: ConnectionResetError: [Errno 104] Connection reset by peer
g006832: ConnectionResetError: [Errno 104] Connection reset by peer
g006836: ConnectionResetError: [Errno 104] Connection reset by peer
g006840: ConnectionResetError: [Errno 104] Connection reset by peer
g006844: ConnectionResetError: [Errno 104] Connection reset by peer
g006848: ConnectionResetError: [Errno 104] Connection reset by peer
g006852: ConnectionResetError: [Errno 104] Connection reset by peer
g006856: ConnectionResetError: [Errno 104] Connection reset by peer
g006860: ConnectionResetError: [Errno 104] Connection reset by peer
g006864: ConnectionResetError: [Errno 104] Connection reset by peer
g006868: ConnectionResetError: [Errno 104] Connection reset by peer
g006872: ConnectionResetError: [Errno 104] Connection reset by peer
g006876: ConnectionResetError: [Errno 104] Connection reset by peer
g006880: ConnectionResetError: [Errno 104] Connection reset by peer
g006884: ConnectionResetError: [Errno 104] Connection reset by peer
g006888: ConnectionResetError: [Errno 104] Connection reset by peer
g006892: ConnectionResetError: [Errno 104] Connection reset by peer
g006896: ConnectionResetError: [Errno 104] Connection reset by peer
g006900: ConnectionResetError: [Errno 104] Connection reset by peer
g006904: ConnectionResetError: [Errno 104] Connection reset by peer
g006908: ConnectionResetError: [Errno 104] Connection reset by peer
g006912: ConnectionResetError: [Errno 104] Connection reset by peer
g006916: ConnectionResetError: [Errno 104] Connection reset by peer
g006920: ConnectionResetError: [Errno 104] Connection reset by peer
g006924: ConnectionResetError: [Errno 104] Connection reset by peer
g006928: ConnectionResetError: [Errno 104] Connection reset by peer
g006932: ConnectionResetError: [Errno 104] Connection reset by peer
g006936: ConnectionResetError: [Errno 104] Connection reset by peer
g006940: ConnectionResetError: [Errno 104] Connection reset by peer
g006944: ConnectionResetError: [Errno 104] Connection reset by peer
g006948: ConnectionResetError: [Errno 104] Connection reset by peer
g006952: ConnectionResetError: [Errno 104] Connection reset by peer
g006956: ConnectionResetError: [Errno 104] Connection reset by peer
g006960: ConnectionResetError: [Errno 104] Connection reset by peer
g006964: ConnectionResetError: [Errno 104] Connection reset by peer
g006968: ConnectionResetError: [Errno 104] Connection reset by peer
g006972: ConnectionResetError: [Errno 104] Connection reset by peer
g006976: ConnectionResetError: [Errno 104] Connection reset by peer
g006980: ConnectionResetError: [Errno 104] Connection reset by peer
g006984: ConnectionResetError: [Errno 104] Connection reset by peer
g006988: ConnectionResetError: [Errno 104] Connection reset by peer
g006992: ConnectionResetError: [Errno 104] Connection reset by peer
g006996: ConnectionResetError: [Errno 104] Connection reset by peer
g007000: ConnectionResetError: [Errno 104] Connection reset by peer
g007004: ConnectionResetError: [Errno 104] Connection reset by peer
g007008: ConnectionResetError: [Errno 104] Connection reset by peer
g007012: ConnectionResetError: [Errno 104] Connection reset by peer
g007016: ConnectionResetError: [Errno 104] Connection reset by peer
g007020: ConnectionResetError: [Errno 104] Connection reset by peer
g007024: ConnectionResetError: [Errno 104] Connection reset by peer
g007028: ConnectionResetError: [Errno 104] Connection reset by peer
g007032: ConnectionResetError: [Errno 104] Connection reset by peer
g007036: ConnectionResetError: [Errno 104] Connection reset by peer
g007040: ConnectionResetError: [Errno 104] Connection reset by peer
g007044: ConnectionResetError: [Errno 104] Connection reset by peer
g007048: ConnectionResetError: [Errno 104] Connection reset by peer
g007052: ConnectionResetError: [Errno 104] Connection reset by peer
g007056: ConnectionResetError: [Errno 104] Connection reset by peer
g007060: ConnectionResetError: [Errno 104] Connection reset by peer
g007064: ConnectionResetError: [Errno 104] Connection reset by peer
g007068: ConnectionResetError: [Errno 104] Connection reset by peer
g007072: ConnectionResetError: [Errno 104] Connection reset by peer
g007076: ConnectionResetError: [Errno 104] Connection reset by peer
g007080: ConnectionResetError: [Errno 104] Connection reset by peer
g007084: ConnectionResetError: [Errno 104] Connection reset by peer
g007088: ConnectionResetError: [Errno 104] Connection reset by peer
g007092: ConnectionResetError: [Errno 104] Connection reset by peer
g007096: ConnectionResetError: [Errno 104] Connection reset by peer
g007100: ConnectionResetError: [Errno 104] Connection reset by peer
g007104: ConnectionResetError: [Errno 104] Connection reset by peer
g007108: ConnectionResetError: [Errno 104] Connection reset by peer
g007112: ConnectionResetError: [Errno 104] Connection reset by peer
g007116: ConnectionResetError: [Errno 104] Connection reset by peer
g007120: ConnectionResetError: [Errno 104] Connection reset by peer
g007124: ConnectionResetError: [Errno 104] Connection reset by peer
g007128: ConnectionResetError: [Errno 104] Connection reset by peer
g007132: ConnectionResetError: [Errno 104] Connection reset by peer
g007136: ConnectionResetError: [Errno 104] Connection reset by peer
g007140: ConnectionResetError: [Errno 104] Connection reset by peer
g007144: ConnectionResetError: [Errno 104] Connection reset by peer
g007148: ConnectionResetError: [Errno 104] Connection reset by peer
g007152: ConnectionResetError: [Errno 104] Connection reset by peer
g007156: ConnectionResetError: [Errno 104] Connection reset by peer
g007160: ConnectionResetError: [Errno 104] Connection reset by peer
g007164: ConnectionResetError: [Errno 104] Connection reset by peer
g007168: ConnectionResetError: [Errno 104] Connection reset by peer
g007172: ConnectionResetError: [Errno 104] Connection reset by peer
g007176: ConnectionResetError: [Errno 104] Connection reset by peer
g007180: ConnectionResetError: [Errno 104] Connection reset by peer
g007184: ConnectionResetError: [Errno 104] Connection reset by peer
g007188: ConnectionResetError: [Errno 104] Connection reset by peer
g007192: ConnectionResetError: [Errno 104] Connection reset by peer
g007196: ConnectionResetError: [Errno 104] Connection reset by peer
g007200: ConnectionResetError: [Errno 104] Connection reset by peer
g007204: ConnectionResetError: [Errno 104] Connection reset by peer
g007208: ConnectionResetError: [Errno 104] Connection reset by peer
g007212: ConnectionResetError: [Errno 104] Connection reset by peer
g007216: ConnectionResetError: [Errno 104] Connection reset by peer
g007220: ConnectionResetError: [Errno 104] Connection reset by peer
g007224: ConnectionResetError: [Errno 104] Connection reset by peer
g007228: ConnectionResetError: [Errno 104] Connection reset by peer
g007232: ConnectionResetError: [Errno 104] Connection reset by peer
g007236: ConnectionResetError: [Errno 104] Connection reset by peer
g007240: ConnectionResetError: [Errno 104] Connection reset by peer
g007244: ConnectionResetError: [Errno 104] Connection reset by peer
g007248: ConnectionResetError: [Errno 104] Connection reset by peer
g007252: ConnectionResetError: [Errno 104] Connection reset by peer
g007256: ConnectionResetError: [Errno 104] Connection reset by peer
g007260: ConnectionResetError: [Errno 104] Connection reset by peer
g007264: ConnectionResetError: [Errno 104] Connection reset by peer
g007268: ConnectionResetError: [Errno 104] Connection reset by peer
g007272: ConnectionResetError: [Errno 104] Connection reset by peer
g007276: ConnectionResetError: [Errno 104] Connection reset by peer
g007280: ConnectionResetError: [Errno 104] Connection reset by peer
g007284: ConnectionResetError: [Errno 104] Connection reset by peer
g007288: ConnectionResetError: [Errno 104] Connection reset by peer
g007292: ConnectionResetError: [Errno 104] Connection reset by peer
g007296: ConnectionResetError: [Errno 104] Connection reset by peer
g007300: ConnectionResetError: [Errno 104] Connection reset by peer
g007304: ConnectionResetError: [Errno 104] Connection reset by peer
g007308: ConnectionResetError: [Errno 104] Connection reset by peer
g007312: ConnectionResetError: [Errno 104] Connection reset by peer
g007316: ConnectionResetError: [Errno 104] Connection reset by peer
g007320: ConnectionResetError: [Errno 104] Connection reset by peer
g007324: ConnectionResetError: [Errno 104] Connection reset by peer
g007328: ConnectionResetError: [Errno 104] Connection reset by peer
g007332: ConnectionResetError: [Errno 104] Connection reset by peer
g007336: ConnectionResetError: [Errno 104] Connection reset by peer
g007340: ConnectionResetError: [Errno 104] Connection reset by peer
g007344: ConnectionResetError: [Errno 104] Connection reset by peer
g007348: ConnectionResetError: [Errno 104] Connection reset by peer
g007352: ConnectionResetError: [Errno 104] Connection reset by peer
g007356: ConnectionResetError: [Errno 104] Connection reset by peer
g007360: ConnectionResetError: [Errno 104] Connection reset by peer
g007364: ConnectionResetError: [Errno 104] Connection reset by peer
g007368: ConnectionResetError: [Errno 104] Connection reset by peer
g007372: ConnectionResetError: [Errno 104] Connection reset by peer
g007376: ConnectionResetError: [Errno 104] Connection reset by peer
g007380: ConnectionResetError: [Errno 104] Connection reset by peer
g007384: ConnectionResetError: [Errno 104] Connection reset by peer
g007388: ConnectionResetError: [Errno 104] Connection reset by peer
g007392: ConnectionResetError: [Errno 104] Connection reset by peer
g007396: ConnectionResetError: [Errno 104] Connection reset by peer
g007400: ConnectionResetError: [Errno 104] Connection reset by peer
g007404: ConnectionResetError: [Errno 104] Connection reset by peer
g007408: ConnectionResetError: [Errno 104] Connection reset by peer
g007412: ConnectionResetError: [Errno 104] Connection reset by peer
g007416: ConnectionResetError: [Errno 104] Connection reset by peer
g007420: ConnectionResetError: [Errno 104] Connection reset by peer
g007424: ConnectionResetError: [Errno 104] Connection reset by peer
g007428: ConnectionResetError: [Errno 104] Connection reset by peer
g007432: ConnectionResetError: [Errno 104] Connection reset by peer
g007436: ConnectionResetError: [Errno 104] Connection reset by peer
g007440: ConnectionResetError: [Errno 104] Connection reset by peer
g007444: ConnectionResetError: [Errno 104] Connection reset by peer
g007448: ConnectionResetError: [Errno 104] Connection reset by peer
g007452: ConnectionResetError: [Errno 104] Connection reset by peer
g007456: ConnectionResetError: [Errno 104] Connection reset by peer
g007460: ConnectionResetError: [Errno 104] Connection reset by peer
g007464: ConnectionResetError: [Errno 104] Connection reset by peer
g007468: ConnectionResetError: [Errno 104] Connection reset by peer
g007472: ConnectionResetError: [Errno 104] Connection reset by peer
g007476: ConnectionResetError: [Errno 104] Connection reset by peer
g007480: ConnectionResetError: [Errno 104] Connection reset by peer
g007484: ConnectionResetError: [Errno 104] Connection reset by peer
g007488: ConnectionResetError: [Errno 104] Connection reset by peer
g007492: ConnectionResetError: [Errno 104] Connection reset by peer
g007496: ConnectionResetError: [Errno 104] Connection reset by peer
g007500: ConnectionResetError: [Errno 104] Connection reset by peer
g007504: ConnectionResetError: [Errno 104] Connection reset by peer
g007508: ConnectionResetError: [Errno 104] Connection reset by peer
g007512: ConnectionResetError: [Errno 104] Connection reset by peer
g007516: ConnectionResetError: [Errno 104] Connection reset by peer
g007520: ConnectionResetError: [Errno 104] Connection reset by peer
g007524: ConnectionResetError: [Errno 104] Connection reset by peer
g007528: ConnectionResetError: [Errno 104] Connection reset by peer
g007532: ConnectionResetError: [Errno 104] Connection reset by peer
g007536: ConnectionResetError: [Errno 104] Connection reset by peer
g007540: ConnectionResetError: [Errno 104] Connection reset by peer
g007544: ConnectionResetError: [Errno 104] Connection reset by peer
g007548: ConnectionResetError: [Errno 104] Connection reset by peer
g007552: ConnectionResetError: [Errno 104] Connection reset by peer
g007556: ConnectionResetError: [Errno 104] Connection reset by peer
g007560: ConnectionResetError: [Errno 104] Connection reset by peer
g007564: ConnectionResetError: [Errno 104] Connection reset by peer
g007568: ConnectionResetError: [Errno 104] Connection reset by peer
g007572: ConnectionResetError: [Errno 104] Connection reset by peer
g007576: ConnectionResetError: [Errno 104] Connection reset by peer
g007580: ConnectionResetError: [Errno 104] Connection reset by peer
g007584: ConnectionResetError: [Errno 104] Connection reset by peer
g007588: ConnectionResetError: [Errno 104] Connection reset by peer
g007592: ConnectionResetError: [Errno 104] Connection reset by peer
g007596: ConnectionResetError: [Errno 104] Connection reset by peer
g007600: ConnectionResetError: [Errno 104] Connection reset by peer
g007604: ConnectionResetError: [Errno 104] Connection reset by peer
g007608: ConnectionResetError: [Errno 104] Connection reset by peer
g007612: ConnectionResetError: [Errno 104] Connection reset by peer
g007616: ConnectionResetError: [Errno 104] Connection reset by peer
g007620: ConnectionResetError: [Errno 104] Connection reset by peer
g007624: ConnectionResetError: [Errno 104] Connection reset by peer
g007628: ConnectionResetError: [Errno 104] Connection reset by peer
g007632: ConnectionResetError: [Errno 104] Connection reset by peer
g007636: ConnectionResetError: [Errno 104] Connection reset by peer
g007640: ConnectionResetError: [Errno 104] Connection reset by peer
g007644: ConnectionResetError: [Errno 104] Connection reset by peer
g007648: ConnectionResetError: [Errno 104] Connection reset by peer
g007652: ConnectionResetError: [Errno 104] Connection reset by peer
g007656: ConnectionResetError: [Errno 104] Connection reset by peer
g007660: ConnectionResetError: [Errno 104] Connection reset by peer
g007664: ConnectionResetError: [Errno 104] Connection reset by peer
g007668: ConnectionResetError: [Errno 104] Connection reset by peer
g007672: ConnectionResetError: [Errno 104] Connection reset by peer
g007676: ConnectionResetError: [Errno 104] Connection reset by peer
g007680: ConnectionResetError: [Errno 104] Connection reset by peer
g007684: ConnectionResetError: [Errno 104] Connection reset by peer
g007688: ConnectionResetError: [Errno 104] Connection reset by peer
g007692: ConnectionResetError: [Errno 104] Connection reset by peer
g007696: ConnectionResetError: [Errno 104] Connection reset by peer
g007700: ConnectionResetError: [Errno 104] Connection reset by peer
g007704: ConnectionResetError: [Errno 104] Connection reset by peer
g007708: ConnectionResetError: [Errno 104] Connection reset by peer
g007712: ConnectionResetError: [Errno 104] Connection reset by peer
g007716: ConnectionResetError: [Errno 104] Connection reset by peer
g007720: ConnectionResetError: [Errno 104] Connection reset by peer
g007724: ConnectionResetError: [Errno 104] Connection reset by peer
g007728: ConnectionResetError: [Errno 104] Connection reset by peer
g007732: ConnectionResetError: [Errno 104] Connection reset by peer
g007736: ConnectionResetError: [Errno 104] Connection reset by peer
g007740: ConnectionResetError: [Errno 104] Connection reset by peer
g007744: ConnectionResetError: [Errno 104] Connection reset by peer
g007748: ConnectionResetError: [Errno 104] Connection reset by peer
g007752: ConnectionResetError: [Errno 104] Connection reset by peer
g007756: ConnectionResetError: [Errno 104] Connection reset by peer
g007760: ConnectionResetError: [Errno 104] Connection reset by peer
g007764: ConnectionResetError: [Errno 104] Connection reset by peer
g007768: ConnectionResetError: [Errno 104] Connection reset by peer
g007772: ConnectionResetError: [Errno 104] Connection reset by peer
g007776: ConnectionResetError: [Errno 104] Connection reset by peer
g007780: ConnectionResetError: [Errno 104] Connection reset by peer
g007784: ConnectionResetError: [Errno 104] Connection reset by peer
g007788: ConnectionResetError: [Errno 104] Connection reset by peer
g007792: ConnectionResetError: [Errno 104] Connection reset by peer
g007796: ConnectionResetError: [Errno 104] Connection reset by peer
g007800: ConnectionResetError: [Errno 104] Connection reset by peer
g007804: ConnectionResetError: [Errno 104] Connection reset by peer
g007808: ConnectionResetError: [Errno 104] Connection reset by peer
g007812: ConnectionResetError: [Errno 104] Connection reset by peer
g007816: ConnectionResetError: [Errno 104] Connection reset by peer
g007820: ConnectionResetError: [Errno 104] Connection reset by peer
g007824: ConnectionResetError: [Errno 104] Connection reset by peer
g007828: ConnectionResetError: [Errno 104] Connection reset by peer
g007832: ConnectionResetError: [Errno 104] Connection reset by peer
g007836: ConnectionResetError: [Errno 104] Connection reset by peer
g007840: ConnectionResetError: [Errno 104] Connection reset by peer
g007844: ConnectionResetError: [Errno 104] Connection reset by peer
g007848: ConnectionResetError: [Errno 104] Connection reset by peer
g007852: ConnectionResetError: [Errno 104] Connection reset by peer
g007856: ConnectionResetError: [Errno 104] Connection reset by peer
g007860: ConnectionResetError: [Errno 104] Connection reset by peer
g007864: ConnectionResetError: [Errno 104] Connection reset by peer
g007868: ConnectionResetError: [Errno 104] Connection reset by peer
g007872: ConnectionResetError: [Errno 104] Connection reset by peer
g007876: ConnectionResetError: [Errno 104] Connection reset by peer
g007880: ConnectionResetError: [Errno 104] Connection reset by peer
g007884: ConnectionResetError: [Errno 104] Connection reset by peer
g007888: ConnectionResetError: [Errno 104] Connection reset by peer
g007892: ConnectionResetError: [Errno 104] Connection reset by peer
g007896: ConnectionResetError: [Errno 104] Connection reset by peer
g007900: ConnectionResetError: [Errno 104] Connection reset by peer
g007904: ConnectionResetError: [Errno 104] Connection reset by peer
g007908: ConnectionResetError: [Errno 104] Connection reset by peer
g007912: ConnectionResetError: [Errno 104] Connection reset by peer
g007916: ConnectionResetError: [Errno 104] Connection reset by peer
g007920: ConnectionResetError: [Errno 104] Connection reset by peer
g007924: ConnectionResetError: [Errno 104] Connection reset by peer
g007928: ConnectionResetError: [Errno 104] Connection reset by peer
g007932: ConnectionResetError: [Errno 104] Connection reset by peer
g007936: ConnectionResetError: [Errno 104] Connection reset by peer
g007940: ConnectionResetError: [Errno 104] Connection reset by peer
g007944: ConnectionResetError: [Errno 104] Connection reset by peer
g007948: ConnectionResetError: [Errno 104] Connection reset by peer
g007952: ConnectionResetError: [Errno 104] Connection reset by peer
g007956: ConnectionResetError: [Errno 104] Connection reset by peer
g007960: ConnectionResetError: [Errno 104] Connection reset by peer
g007964: ConnectionResetError: [Errno 104] Connection reset by peer
g007968: ConnectionResetError: [Errno 104] Connection reset by peer
g007972: ConnectionResetError: [Errno 104] Connection reset by peer
g007976: ConnectionResetError: [Errno 104] Connection reset by peer
g007980: ConnectionResetError: [Errno 104] Connection reset by peer
g007984: ConnectionResetError: [Errno 104] Connection reset by peer
g007988: ConnectionResetError: [Errno 104] Connection reset by peer
g007992: ConnectionResetError: [Errno 104] Connection reset by peer
g007996: ConnectionResetError: [Errno 104] Connection reset by peer
g008000: ConnectionResetError: [Errno 104] Connection reset by peer
g008004: ConnectionResetError: [Errno 104] Connection reset by peer
g008008: ConnectionResetError: [Errno 104] Connection reset by peer
g008012: ConnectionResetError: [Errno 104] Connection reset by peer
g008016: ConnectionResetError: [Errno 104] Connection reset by peer
g008020: ConnectionResetError: [Errno 104] Connection reset by peer
g008024: ConnectionResetError: [Errno 104] Connection reset by peer
g008028: ConnectionResetError: [Errno 104] Connection reset by peer
g008032: ConnectionResetError: [Errno 104] Connection reset by peer
g008036: ConnectionResetError: [Errno 104] Connection reset by peer
g008040: ConnectionResetError: [Errno 104] Connection reset by peer
g008044: ConnectionResetError: [Errno 104] Connection reset by peer
g008048: ConnectionResetError: [Errno 104] Connection reset by peer
g008052: ConnectionResetError: [Errno 104] Connection reset by peer
g008056: ConnectionResetError: [Errno 104] Connection reset by peer
g008060: ConnectionResetError: [Errno 104] Connection reset by peer
g008064: ConnectionResetError: [Errno 104] Connection reset by peer
g008068: ConnectionResetError: [Errno 104] Connection reset by peer
g008072: ConnectionResetError: [Errno 104] Connection reset by peer
g008076: ConnectionResetError: [Errno 104] Connection reset by peer
g008080: ConnectionResetError: [Errno 104] Connection reset by peer
g008084: ConnectionResetError: [Errno 104] Connection reset by peer
g008088: ConnectionResetError: [Errno 104] Connection reset by peer
g008092: ConnectionResetError: [Errno 104] Connection reset by peer
g008096: ConnectionResetError: [Errno 104] Connection reset by peer
g008100: ConnectionResetError: [Errno 104] Connection reset by peer
g008104: ConnectionResetError: [Errno 104] Connection reset by peer
g008108: ConnectionResetError: [Errno 104] Connection reset by peer
g008112: ConnectionResetError: [Errno 104] Connection reset by peer
g008116: ConnectionResetError: [Errno 104] Connection reset by peer
g008120: ConnectionResetError: [Errno 104] Connection reset by peer
g008124: ConnectionResetError: [Errno 104] Connection reset by peer
g008128: ConnectionResetError: [Errno 104] Connection reset by peer
g008132: ConnectionResetError: [Errno 104] Connection reset by peer
g008136: ConnectionResetError: [Errno 104] Connection reset by peer
g008140: ConnectionResetError: [Errno 104] Connection reset by peer
g008144: ConnectionResetError: [Errno 104] Connection reset by peer
g008148: ConnectionResetError: [Errno 104] Connection reset by peer
g008152: ConnectionResetError: [Errno 104] Connection reset by peer
g008156: ConnectionResetError: [Errno 104] Connection reset by peer
g008160: ConnectionResetError: [Errno 104] Connection reset by peer
g008164: ConnectionResetError: [Errno 104] Connection reset by peer
g008168: ConnectionResetError: [Errno 104] Connection reset by peer
g008172: ConnectionResetError: [Errno 104] Connection reset by peer
g008176: ConnectionResetError: [Errno 104] Connection reset by peer
g008180: ConnectionResetError: [Errno 104] Connection reset by peer
g008184: ConnectionResetError: [Errno 104] Connection reset by peer
g008188: ConnectionResetError: [Errno 104] Connection reset by peer
g008192: ConnectionResetError: [Errno 104] Connection reset by peer
g008196: ConnectionResetError: [Errno 104] Connection reset by peer
g008200: ConnectionResetError: [Errno 104] Connection reset by peer
g008204: ConnectionResetError: [Errno 104] Connection reset by peer
g008208: ConnectionResetError: [Errno 104] Connection reset by peer
g008212: ConnectionResetError: [Errno 104] Connection reset by peer
g008216: ConnectionResetError: [Errno 104] Connection reset by peer
g008220: ConnectionResetError: [Errno 104] Connection reset by peer
g008224: ConnectionResetError: [Errno 104] Connection reset by peer
g008228: ConnectionResetError: [Errno 104] Connection reset by peer
g008232: ConnectionResetError: [Errno 104] Connection reset by peer
g008236: ConnectionResetError: [Errno 104] Connection reset by peer
g008240: ConnectionResetError: [Errno 104] Connection reset by peer
g008244: ConnectionResetError: [Errno 104] Connection reset by peer
g008248: ConnectionResetError: [Errno 104] Connection reset by peer
g008252: ConnectionResetError: [Errno 104] Connection reset by peer
g008256: ConnectionResetError: [Errno 104] Connection reset by peer
g008260: ConnectionResetError: [Errno 104] Connection reset by peer
g008264: ConnectionResetError: [Errno 104] Connection reset by peer
g008268: ConnectionResetError: [Errno 104] Connection reset by peer
g008272: ConnectionResetError: [Errno 104] Connection reset by peer
g008276: ConnectionResetError: [Errno 104] Connection reset by peer
g008280: ConnectionResetError: [Errno 104] Connection reset by peer
g008284: ConnectionResetError: [Errno 104] Connection reset by peer
g008288: ConnectionResetError: [Errno 104] Connection reset by peer
g008292: ConnectionResetError: [Errno 104] Connection reset by peer
g008296: ConnectionResetError: [Errno 104] Connection reset by peer
g008300: ConnectionResetError: [Errno 104] Connection reset by peer
g008304: ConnectionResetError: [Errno 104] Connection reset by peer
g008308: ConnectionResetError: [Errno 104] Connection reset by peer
g008312: ConnectionResetError: [Errno 104] Connection reset by peer
g008316: ConnectionResetError: [Errno 104] Connection reset by peer
g008320: ConnectionResetError: [Errno 104] Connection reset by peer
g008324: ConnectionResetError: [Errno 104] Connection reset by peer
g008328: ConnectionResetError: [Errno 104] Connection reset by peer
g008332: ConnectionResetError: [Errno 104] Connection reset by peer
g008336: ConnectionResetError: [Errno 104] Connection reset by peer
g008340: ConnectionResetError: [Errno 104] Connection reset by peer
g008344: ConnectionResetError: [Errno 104] Connection reset by peer
g008348: ConnectionResetError: [Errno 104] Connection reset by peer
g008352: ConnectionResetError: [Errno 104] Connection reset by peer
g008356: ConnectionResetError: [Errno 104] Connection reset by peer
g008360: ConnectionResetError: [Errno 104] Connection reset by peer
g008364: ConnectionResetError: [Errno 104] Connection reset by peer
g008368: ConnectionResetError: [Errno 104] Connection reset by peer
g008372: ConnectionResetError: [Errno 104] Connection reset by peer
g008376: ConnectionResetError: [Errno 104] Connection reset by peer
g008380: ConnectionResetError: [Errno 104] Connection reset by peer
g008384: ConnectionResetError: [Errno 104] Connection reset by peer
g008388: ConnectionResetError: [Errno 104] Connection reset by peer
g008392: ConnectionResetError: [Errno 104] Connection reset by peer
g008396: ConnectionResetError: [Errno 104] Connection reset by peer
g008400: ConnectionResetError: [Errno 104] Connection reset by peer
g008404: ConnectionResetError: [Errno 104] Connection reset by peer
g008408: ConnectionResetError: [Errno 104] Connection reset by peer
g008412: ConnectionResetError: [Errno 104] Connection reset by peer
g008416: ConnectionResetError: [Errno 104] Connection reset by peer
g008420: ConnectionResetError: [Errno 104] Connection reset by peer
g008424: ConnectionResetError: [Errno 104] Connection reset by peer
g008428: ConnectionResetError: [Errno 104] Connection reset by peer
g008432: ConnectionResetError: [Errno 104] Connection reset by peer
g008436: ConnectionResetError: [Errno 104] Connection reset by peer
g008440: ConnectionResetError: [Errno 104] Connection reset by peer
g008444: ConnectionResetError: [Errno 104] Connection reset by peer
g008448: ConnectionResetError: [Errno 104] Connection reset by peer
g008452: ConnectionResetError: [Errno 104] Connection reset by peer
g008456: ConnectionResetError: [Errno 104] Connection reset by peer
g008460: ConnectionResetError: [Errno 104] Connection reset by peer
g008464: ConnectionResetError: [Errno 104] Connection reset by peer
g008468: ConnectionResetError: [Errno 104] Connection reset by peer
g008472: ConnectionResetError: [Errno 104] Connection reset by peer
g008476: ConnectionResetError: [Errno 104] Connection reset by peer
g008480: ConnectionResetError: [Errno 104] Connection reset by peer
g008484: ConnectionResetError: [Errno 104] Connection reset by peer
g008488: ConnectionResetError: [Errno 104] Connection reset by peer
g008492: ConnectionResetError: [Errno 104] Connection reset by peer
g008496: ConnectionResetError: [Errno 104] Connection reset by peer
g008500: ConnectionResetError: [Errno 104] Connection reset by peer
g008504: ConnectionResetError: [Errno 104] Connection reset by peer
g008508: ConnectionResetError: [Errno 104] Connection reset by peer
g008512: ConnectionResetError: [Errno 104] Connection reset by peer
g008516: ConnectionResetError: [Errno 104] Connection reset by peer
g008520: ConnectionResetError: [Errno 104] Connection reset by peer
g008524: ConnectionResetError: [Errno 104] Connection reset by peer
g008528: ConnectionResetError: [Errno 104] Connection reset by peer
g008532: ConnectionResetError: [Errno 104] Connection reset by peer
g008536: ConnectionResetError: [Errno 104] Connection reset by peer
g008540: ConnectionResetError: [Errno 104] Connection reset by peer
g008544: ConnectionResetError: [Errno 104] Connection reset by peer
g008548: ConnectionResetError: [Errno 104] Connection reset by peer
g008552: ConnectionResetError: [Errno 104] Connection reset by peer
g008556: ConnectionResetError: [Errno 104] Connection reset by peer
g008560: ConnectionResetError: [Errno 104] Connection reset by peer
g008564: ConnectionResetError: [Errno 104] Connection reset by peer
g008568: ConnectionResetError: [Errno 104] Connection reset by peer
g008572: ConnectionResetError: [Errno 104] Connection reset by peer
g008576: ConnectionResetError: [Errno 104] Connection reset by peer
g008580: ConnectionResetError: [Errno 104] Connection reset by peer
g008584: ConnectionResetError: [Errno 104] Connection reset by peer
g008588: ConnectionResetError: [Errno 104] Connection reset by peer
g008592: ConnectionResetError: [Errno 104] Connection reset by peer
g008596: ConnectionResetError: [Errno 104] Connection reset by peer
g008600: ConnectionResetError: [Errno 104] Connection reset by peer
g008604: ConnectionResetError: [Errno 104] Connection reset by peer
g008608: ConnectionResetError: [Errno 104] Connection reset by peer
g008612: ConnectionResetError: [Errno 104] Connection reset by peer
g008616: ConnectionResetError: [Errno 104] Connection reset by peer
g008620: ConnectionResetError: [Errno 104] Connection reset by peer
g008624: ConnectionResetError: [Errno 104] Connection reset by peer
g008628: ConnectionResetError: [Errno 104] Connection reset by peer
g008632: ConnectionResetError: [Errno 104] Connection reset by peer
g008636: ConnectionResetError: [Errno 104] Connection reset by peer
g008640: ConnectionResetError: [Errno 104] Connection reset by peer
g008644: ConnectionResetError: [Errno 104] Connection reset by peer
g008648: ConnectionResetError: [Errno 104] Connection reset by peer
g008652: ConnectionResetError: [Errno 104] Connection reset by peer
g008656: ConnectionResetError: [Errno 104] Connection reset by peer
g008660: ConnectionResetError: [Errno 104] Connection reset by peer
g008664: ConnectionResetError: [Errno 104] Connection reset by peer
g008668: ConnectionResetError: [Errno 104] Connection reset by peer
g008672: ConnectionResetError: [Errno 104] Connection reset by peer
g008676: ConnectionResetError: [Errno 104] Connection reset by peer
g008680: ConnectionResetError: [Errno 104] Connection reset by peer
g008684: ConnectionResetError: [Errno 104] Connection reset by peer
g008688: ConnectionResetError: [Errno 104] Connection reset by peer
g008692: ConnectionResetError: [Errno 104] Connection reset by peer
g008696: ConnectionResetError: [Errno 104] Connection reset by peer
g008700: ConnectionResetError: [Errno 104] Connection reset by peer
g008704: ConnectionResetError: [Errno 104] Connection reset by peer
g008708: ConnectionResetError: [Errno 104] Connection reset by peer
g008712: ConnectionResetError: [Errno 104] Connection reset by peer
g008716: ConnectionResetError: [Errno 104] Connection reset by peer
g008720: ConnectionResetError: [Errno 104] Connection reset by peer
g008724: ConnectionResetError: [Errno 104] Connection reset by peer
g008728: ConnectionResetError: [Errno 104] Connection reset by peer
g008732: ConnectionResetError: [Errno 104] Connection reset by peer
g008736: ConnectionResetError: [Errno 104] Connection reset by peer
g008740: ConnectionResetError: [Errno 104] Connection reset by peer
g008744: ConnectionResetError: [Errno 104] Connection reset by peer
g008748: ConnectionResetError: [Errno 104] Connection reset by peer
g008752: ConnectionResetError: [Errno 104] Connection reset by peer
g008756: ConnectionResetError: [Errno 104] Connection reset by peer
g008760: ConnectionResetError: [Errno 104] Connection reset by peer
g008764: ConnectionResetError: [Errno 104] Connection reset by peer
g008768: ConnectionResetError: [Errno 104] Connection reset by peer
g008772: ConnectionResetError: [Errno 104] Connection reset by peer
g008776: ConnectionResetError: [Errno 104] Connection reset by peer
g008780: ConnectionResetError: [Errno 104] Connection reset by peer
g008784: ConnectionResetError: [Errno 104] Connection reset by peer
g008788: ConnectionResetError: [Errno 104] Connection reset by peer
g008792: ConnectionResetError: [Errno 104] Connection reset by peer
g008796: ConnectionResetError: [Errno 104] Connection reset by peer
g008800: ConnectionResetError: [Errno 104] Connection reset by peer
g008804: ConnectionResetError: [Errno 104] Connection reset by peer
g008808: ConnectionResetError: [Errno 104] Connection reset by peer
g008812: ConnectionResetError: [Errno 104] Connection reset by peer
g008816: ConnectionResetError: [Errno 104] Connection reset by peer
g008820: ConnectionResetError: [Errno 104] Connection reset by peer
g008824: ConnectionResetError: [Errno 104] Connection reset by peer
g008828: ConnectionResetError: [Errno 104] Connection reset by peer
g008832: ConnectionResetError: [Errno 104] Connection reset by peer
g008836: ConnectionResetError: [Errno 104] Connection reset by peer
g008840: ConnectionResetError: [Errno 104] Connection reset by peer
g008844: ConnectionResetError: [Errno 104] Connection reset by peer
g008848: ConnectionResetError: [Errno 104] Connection reset by peer
g008852: ConnectionResetError: [Errno 104] Connection reset by peer
g008856: ConnectionResetError: [Errno 104] Connection reset by peer
g008860: ConnectionResetError: [Errno 104] Connection reset by peer
g008864: ConnectionResetError: [Errno 104] Connection reset by peer
g008868: ConnectionResetError: [Errno 104] Connection reset by peer
g008872: ConnectionResetError: [Errno 104] Connection reset by peer
g008876: ConnectionResetError: [Errno 104] Connection reset by peer
g008880: ConnectionResetError: [Errno 104] Connection reset by peer
g008884: ConnectionResetError: [Errno 104] Connection reset by peer
g008888: ConnectionResetError: [Errno 104] Connection reset by peer
g008892: ConnectionResetError: [Errno 104] Connection reset by peer
g008896: ConnectionResetError: [Errno 104] Connection reset by peer
g008900: ConnectionResetError: [Errno 104] Connection reset by peer
g008904: ConnectionResetError: [Errno 104] Connection reset by peer
g008908: ConnectionResetError: [Errno 104] Connection reset by peer
g008912: ConnectionResetError: [Errno 104] Connection reset by peer
g008916: ConnectionResetError: [Errno 104] Connection reset by peer
g008920: ConnectionResetError: [Errno 104] Connection reset by peer
g008924: ConnectionResetError: [Errno 104] Connection reset by peer
g008928: ConnectionResetError: [Errno 104] Connection reset by peer
g008932: ConnectionResetError: [Errno 104] Connection reset by peer
g008936: ConnectionResetError: [Errno 104] Connection reset by peer
g008940: ConnectionResetError: [Errno 104] Connection reset by peer
g008944: ConnectionResetError: [Errno 104] Connection reset by peer
g008948: ConnectionResetError: [Errno 104] Connection reset by peer
g008952: ConnectionResetError: [Errno 104] Connection reset by peer
g008956: ConnectionResetError: [Errno 104] Connection reset by peer
g008960: ConnectionResetError: [Errno 104] Connection reset by peer
g008964: ConnectionResetError: [Errno 104] Connection reset by peer
g008968: ConnectionResetError: [Errno 104] Connection reset by peer
g008972: ConnectionResetError: [Errno 104] Connection reset by peer
g008976: ConnectionResetError: [Errno 104] Connection reset by peer
g008980: ConnectionResetError: [Errno 104] Connection reset by peer
g008984: ConnectionResetError: [Errno 104] Connection reset by peer
g008988: ConnectionResetError: [Errno 104] Connection reset by peer
g008992: ConnectionResetError: [Errno 104] Connection reset by peer
g008996: ConnectionResetError: [Errno 104] Connection reset by peer
g009000: ConnectionResetError: [Errno 104] Connection reset by peer
g009004: ConnectionResetError: [Errno 104] Connection reset by peer
g009008: ConnectionResetError: [Errno 104] Connection reset by peer
g009012: ConnectionResetError: [Errno 104] Connection reset by peer
g009016: ConnectionResetError: [Errno 104] Connection reset by peer
g009020: ConnectionResetError: [Errno 104] Connection reset by peer
g009024: ConnectionResetError: [Errno 104] Connection reset by peer
g009028: ConnectionResetError: [Errno 104] Connection reset by peer
g009032: ConnectionResetError: [Errno 104] Connection reset by peer
g009036: ConnectionResetError: [Errno 104] Connection reset by peer
g009040: ConnectionResetError: [Errno 104] Connection reset by peer
g009044: ConnectionResetError: [Errno 104] Connection reset by peer
g009048: ConnectionResetError: [Errno 104] Connection reset by peer
g009052: ConnectionResetError: [Errno 104] Connection reset by peer
g009056: ConnectionResetError: [Errno 104] Connection reset by peer
g009060: ConnectionResetError: [Errno 104] Connection reset by peer
g009064: ConnectionResetError: [Errno 104] Connection reset by peer
g009068: ConnectionResetError: [Errno 104] Connection reset by peer
g009072: ConnectionResetError: [Errno 104] Connection reset by peer
g009076: ConnectionResetError: [Errno 104] Connection reset by peer
g009080: ConnectionResetError: [Errno 104] Connection reset by peer
g009084: ConnectionResetError: [Errno 104] Connection reset by peer
g009088: ConnectionResetError: [Errno 104] Connection reset by peer
g009092: ConnectionResetError: [Errno 104] Connection reset by peer
g009096: ConnectionResetError: [Errno 104] Connection reset by peer
g009100: ConnectionResetError: [Errno 104] Connection reset by peer
g009104: ConnectionResetError: [Errno 104] Connection reset by peer
g009108: ConnectionResetError: [Errno 104] Connection reset by peer
g009112: ConnectionResetError: [Errno 104] Connection reset by peer
g009116: ConnectionResetError: [Errno 104] Connection reset by peer
g009120: ConnectionResetError: [Errno 104] Connection reset by peer
g009124: ConnectionResetError: [Errno 104] Connection reset by peer
g009128: ConnectionResetError: [Errno 104] Connection reset by peer
g009132: ConnectionResetError: [Errno 104] Connection reset by peer
g009136: ConnectionResetError: [Errno 104] Connection reset by peer
g009140: ConnectionResetError: [Errno 104] Connection reset by peer
g009144: ConnectionResetError: [Errno 104] Connection reset by peer
g009148: ConnectionResetError: [Errno 104] Connection reset by peer
g009152: ConnectionResetError: [Errno 104] Connection reset by peer
g009156: ConnectionResetError: [Errno 104] Connection reset by peer
g009160: ConnectionResetError: [Errno 104] Connection reset by peer
g009164: ConnectionResetError: [Errno 104] Connection reset by peer
g009168: ConnectionResetError: [Errno 104] Connection reset by peer
g009172: ConnectionResetError: [Errno 104] Connection reset by peer
g009176: ConnectionResetError: [Errno 104] Connection reset by peer
g009180: ConnectionResetError: [Errno 104] Connection reset by peer
g009184: ConnectionResetError: [Errno 104] Connection reset by peer
g009188: ConnectionResetError: [Errno 104] Connection reset by peer
g009192: ConnectionResetError: [Errno 104] Connection reset by peer
g009196: ConnectionResetError: [Errno 104] Connection reset by peer
g009200: ConnectionResetError: [Errno 104] Connection reset by peer
g009204: ConnectionResetError: [Errno 104] Connection reset by peer
g009208: ConnectionResetError: [Errno 104] Connection reset by peer
g009212: ConnectionResetError: [Errno 104] Connection reset by peer
g009216: ConnectionResetError: [Errno 104] Connection reset by peer
g009220: ConnectionResetError: [Errno 104] Connection reset by peer
g009224: ConnectionResetError: [Errno 104] Connection reset by peer
g009228: ConnectionResetError: [Errno 104] Connection reset by peer
g009232: ConnectionResetError: [Errno 104] Connection reset by peer
g009236: ConnectionResetError: [Errno 104] Connection reset by peer
g009240: ConnectionResetError: [Errno 104] Connection reset by peer
g009244: ConnectionResetError: [Errno 104] Connection reset by peer
g009248: ConnectionResetError: [Errno 104] Connection reset by peer
g009252: ConnectionResetError: [Errno 104] Connection reset by peer
g009256: ConnectionResetError: [Errno 104] Connection reset by peer
g009260: ConnectionResetError: [Errno 104] Connection reset by peer
g009264: ConnectionResetError: [Errno 104] Connection reset by peer
g009268: ConnectionResetError: [Errno 104] Connection reset by peer
g009272: ConnectionResetError: [Errno 104] Connection reset by peer
g009276: ConnectionResetError: [Errno 104] Connection reset by peer
g009280: ConnectionResetError: [Errno 104] Connection reset by peer
g009284: ConnectionResetError: [Errno 104] Connection reset by peer
g009288: ConnectionResetError: [Errno 104] Connection reset by peer
g009292: ConnectionResetError: [Errno 104] Connection reset by peer
g009296: ConnectionResetError: [Errno 104] Connection reset by peer
g009300: ConnectionResetError: [Errno 104] Connection reset by peer
g009304: ConnectionResetError: [Errno 104] Connection reset by peer
g009308: ConnectionResetError: [Errno 104] Connection reset by peer
g009312: ConnectionResetError: [Errno 104] Connection reset by peer
g009316: ConnectionResetError: [Errno 104] Connection reset by peer
g009320: ConnectionResetError: [Errno 104] Connection reset by peer
g009324: ConnectionResetError: [Errno 104] Connection reset by peer
g009328: ConnectionResetError: [Errno 104] Connection reset by peer
g009332: ConnectionResetError: [Errno 104] Connection reset by peer
g009336: ConnectionResetError: [Errno 104] Connection reset by peer
g009340: ConnectionResetError: [Errno 104] Connection reset by peer
g009344: ConnectionResetError: [Errno 104] Connection reset by peer
g009348: ConnectionResetError: [Errno 104] Connection reset by peer
g009352: ConnectionResetError: [Errno 104] Connection reset by peer
g009356: ConnectionResetError: [Errno 104] Connection reset by peer
g009360: ConnectionResetError: [Errno 104] Connection reset by peer
g009364: ConnectionResetError: [Errno 104] Connection reset by peer
g009368: ConnectionResetError: [Errno 104] Connection reset by peer
g009372: ConnectionResetError: [Errno 104] Connection reset by peer
g009376: ConnectionResetError: [Errno 104] Connection reset by peer
g009380: ConnectionResetError: [Errno 104] Connection reset by peer
g009384: ConnectionResetError: [Errno 104] Connection reset by peer
g009388: ConnectionResetError: [Errno 104] Connection reset by peer
g009392: ConnectionResetError: [Errno 104] Connection reset by peer
g009396: ConnectionResetError: [Errno 104] Connection reset by peer
g009400: ConnectionResetError: [Errno 104] Connection reset by peer
g009404: ConnectionResetError: [Errno 104] Connection reset by peer
g009408: ConnectionResetError: [Errno 104] Connection reset by peer
g009412: ConnectionResetError: [Errno 104] Connection reset by peer
g009416: ConnectionResetError: [Errno 104] Connection reset by peer
g009420: ConnectionResetError: [Errno 104] Connection reset by peer
g009424: ConnectionResetError: [Errno 104] Connection reset by peer
g009428: ConnectionResetError: [Errno 104] Connection reset by peer
g009432: ConnectionResetError: [Errno 104] Connection reset by peer
g009436: ConnectionResetError: [Errno 104] Connection reset by peer
g009440: ConnectionResetError: [Errno 104] Connection reset by peer
g009444: ConnectionResetError: [Errno 104] Connection reset by peer
g009448: ConnectionResetError: [Errno 104] Connection reset by peer
g009452: ConnectionResetError: [Errno 104] Connection reset by peer
g009456: ConnectionResetError: [Errno 104] Connection reset by peer
g009460: ConnectionResetError: [Errno 104] Connection reset by peer
g009464: ConnectionResetError: [Errno 104] Connection reset by peer
g009468: ConnectionResetError: [Errno 104] Connection reset by peer
g009472: ConnectionResetError: [Errno 104] Connection reset by peer
g009476: ConnectionResetError: [Errno 104] Connection reset by peer
g009480: ConnectionResetError: [Errno 104] Connection reset by peer
g009484: ConnectionResetError: [Errno 104] Connection reset by peer
g009488: ConnectionResetError: [Errno 104] Connection reset by peer
g009492: ConnectionResetError: [Errno 104] Connection reset by peer
g009496: ConnectionResetError: [Errno 104] Connection reset by peer
g009500: ConnectionResetError: [Errno 104] Connection reset by peer
g009504: ConnectionResetError: [Errno 104] Connection reset by peer
g009508: ConnectionResetError: [Errno 104] Connection reset by peer
g009512: ConnectionResetError: [Errno 104] Connection reset by peer
g009516: ConnectionResetError: [Errno 104] Connection reset by peer
g009520: ConnectionResetError: [Errno 104] Connection reset by peer
g009524: ConnectionResetError: [Errno 104] Connection reset by peer
g009528: ConnectionResetError: [Errno 104] Connection reset by peer
g009532: ConnectionResetError: [Errno 104] Connection reset by peer
g009536: ConnectionResetError: [Errno 104] Connection reset by peer
g009540: ConnectionResetError: [Errno 104] Connection reset by peer
g009544: ConnectionResetError: [Errno 104] Connection reset by peer
g009548: ConnectionResetError: [Errno 104] Connection reset by peer
g009552: ConnectionResetError: [Errno 104] Connection reset by peer
g009556: ConnectionResetError: [Errno 104] Connection reset by peer
g009560: ConnectionResetError: [Errno 104] Connection reset by peer
g009564: ConnectionResetError: [Errno 104] Connection reset by peer
g009568: ConnectionResetError: [Errno 104] Connection reset by peer
g009572: ConnectionResetError: [Errno 104] Connection reset by peer
g009576: ConnectionResetError: [Errno 104] Connection reset by peer
g009580: ConnectionResetError: [Errno 104] Connection reset by peer
g009584: ConnectionResetError: [Errno 104] Connection reset by peer
g009588: ConnectionResetError: [Errno 104] Connection reset by peer
g009592: ConnectionResetError: [Errno 104] Connection reset by peer
g009596: ConnectionResetError: [Errno 104] Connection reset by peer
g009600: ConnectionResetError: [Errno 104] Connection reset by peer
g009604: ConnectionResetError: [Errno 104] Connection reset by peer
g009608: ConnectionResetError: [Errno 104] Connection reset by peer
g009612: ConnectionResetError: [Errno 104] Connection reset by peer
g009616: ConnectionResetError: [Errno 104] Connection reset by peer
g009620: ConnectionResetError: [Errno 104] Connection reset by peer
g009624: ConnectionResetError: [Errno 104] Connection reset by peer
g009628: ConnectionResetError: [Errno 104] Connection reset by peer
g009632: ConnectionResetError: [Errno 104] Connection reset by peer
g009636: ConnectionResetError: [Errno 104] Connection reset by peer
g009640: ConnectionResetError: [Errno 104] Connection reset by peer
g009644: ConnectionResetError: [Errno 104] Connection reset by peer
g009648: ConnectionResetError: [Errno 104] Connection reset by peer
g009652: ConnectionResetError: [Errno 104] Connection reset by peer
g009656: ConnectionResetError: [Errno 104] Connection reset by peer
g009660: ConnectionResetError: [Errno 104] Connection reset by peer
g009664: ConnectionResetError: [Errno 104] Connection reset by peer
g009668: ConnectionResetError: [Errno 104] Connection reset by peer
g009672: ConnectionResetError: [Errno 104] Connection reset by peer
g009676: ConnectionResetError: [Errno 104] Connection reset by peer
g009680: ConnectionResetError: [Errno 104] Connection reset by peer
g009684: ConnectionResetError: [Errno 104] Connection reset by peer
g009688: ConnectionResetError: [Errno 104] Connection reset by peer
g009692: ConnectionResetError: [Errno 104] Connection reset by peer
g009696: ConnectionResetError: [Errno 104] Connection reset by peer
g009700: ConnectionResetError: [Errno 104] Connection reset by peer
g009704: ConnectionResetError: [Errno 104] Connection reset by peer
g009708: ConnectionResetError: [Errno 104] Connection reset by peer
g009712: ConnectionResetError: [Errno 104] Connection reset by peer
g009716: ConnectionResetError: [Errno 104] Connection reset by peer
g009720: ConnectionResetError: [Errno 104] Connection reset by peer
g009724: ConnectionResetError: [Errno 104] Connection reset by peer
g009728: ConnectionResetError: [Errno 104] Connection reset by peer
g009732: ConnectionResetError: [Errno 104] Connection reset by peer
g009736: ConnectionResetError: [Errno 104] Connection reset by peer
g009740: ConnectionResetError: [Errno 104] Connection reset by peer
g009744: ConnectionResetError: [Errno 104] Connection reset by peer
g009748: ConnectionResetError: [Errno 104] Connection reset by peer
g009752: ConnectionResetError: [Errno 104] Connection reset by peer
g009756: ConnectionResetError: [Errno 104] Connection reset by peer
g009760: ConnectionResetError: [Errno 104] Connection reset by peer
g009764: ConnectionResetError: [Errno 104] Connection reset by peer
g009768: ConnectionResetError: [Errno 104] Connection reset by peer
g009772: ConnectionResetError: [Errno 104] Connection reset by peer
g009776: ConnectionResetError: [Errno 104] Connection reset by peer
g009780: ConnectionResetError: [Errno 104] Connection reset by peer
g009784: ConnectionResetError: [Errno 104] Connection reset by peer
g009788: ConnectionResetError: [Errno 104] Connection reset by peer
g009792: ConnectionResetError: [Errno 104] Connection reset by peer
g009796: ConnectionResetError: [Errno 104] Connection reset by peer
g009800: ConnectionResetError: [Errno 104] Connection reset by peer
g009804: ConnectionResetError: [Errno 104] Connection reset by peer
g009808: ConnectionResetError: [Errno 104] Connection reset by peer
g009812: ConnectionResetError: [Errno 104] Connection reset by peer
g009816: ConnectionResetError: [Errno 104] Connection reset by peer
g009820: ConnectionResetError: [Errno 104] Connection reset by peer
g009824: ConnectionResetError: [Errno 104] Connection reset by peer
g009828: ConnectionResetError: [Errno 104] Connection reset by peer
g009832: ConnectionResetError: [Errno 104] Connection reset by peer
g009836: ConnectionResetError: [Errno 104] Connection reset by peer
g009840: ConnectionResetError: [Errno 104] Connection reset by peer
g009844: ConnectionResetError: [Errno 104] Connection reset by peer
g009848: ConnectionResetError: [Errno 104] Connection reset by peer
g009852: ConnectionResetError: [Errno 104] Connection reset by peer
g009856: ConnectionResetError: [Errno 104] Connection reset by peer
g009860: ConnectionResetError: [Errno 104] Connection reset by peer
g009864: ConnectionResetError: [Errno 104] Connection reset by peer
g009868: ConnectionResetError: [Errno 104] Connection reset by peer
g009872: ConnectionResetError: [Errno 104] Connection reset by peer
g009876: ConnectionResetError: [Errno 104] Connection reset by peer
g009880: ConnectionResetError: [Errno 104] Connection reset by peer
g009884: ConnectionResetError: [Errno 104] Connection reset by peer
g009888: ConnectionResetError: [Errno 104] Connection reset by peer
g009892: ConnectionResetError: [Errno 104] Connection reset by peer
g009896: ConnectionResetError: [Errno 104] Connection reset by peer
g009900: ConnectionResetError: [Errno 104] Connection reset by peer
g009904: ConnectionResetError: [Errno 104] Connection reset by peer
g009908: ConnectionResetError: [Errno 104] Connection reset by peer
g009912: ConnectionResetError: [Errno 104] Connection reset by peer
g009916: ConnectionResetError: [Errno 104] Connection reset by peer
g009920: ConnectionResetError: [Errno 104] Connection reset by peer
g009924: ConnectionResetError: [Errno 104] Connection reset by peer
g009928: ConnectionResetError: [Errno 104] Connection reset by peer
g009932: ConnectionResetError: [Errno 104] Connection reset by peer
g009936: ConnectionResetError: [Errno 104] Connection reset by peer
g009940: ConnectionResetError: [Errno 104] Connection reset by peer
g009944: ConnectionResetError: [Errno 104] Connection reset by peer
g009948: ConnectionResetError: [Errno 104] Connection reset by peer
g009952: ConnectionResetError: [Errno 104] Connection reset by peer
g009956: ConnectionResetError: [Errno 104] Connection reset by peer
g009960: ConnectionResetError: [Errno 104] Connection reset by peer
g009964: ConnectionResetError: [Errno 104] Connection reset by peer
g009968: ConnectionResetError: [Errno 104] Connection reset by peer
g009972: ConnectionResetError: [Errno 104] Connection reset by peer
g009976: ConnectionResetError: [Errno 104] Connection reset by peer
g009980: ConnectionResetError: [Errno 104] Connection reset by peer
g009984: ConnectionResetError: [Errno 104] Connection reset by peer
g009988: ConnectionResetError: [Errno 104] Connection reset by peer
g009992: ConnectionResetError: [Errno 104] Connection reset by peer
g009996: ConnectionResetError: [Errno 104] Connection reset by peer
g003515: ConnectionResetError: [Errno 104] Connection reset by peer (after 6 retries)
g003519: ConnectionResetError: [Errno 104] Connection reset by peer (after 6 retries)
g003523: ConnectionResetError: [Errno 104] Connection reset by peer (after 6 retries)
g003527: ConnectionResetError: [Errno 104] Connection reset by peer (after 6 retries)
g003531: ConnectionResetError: [Errno 104] Connection reset by peer (after 6 retries)
g003535: ConnectionResetError: [Errno 104] Connection reset by peer (after 6 retries)
g005424: ConnectionResetError: [Errno 104] Connection reset by peer (after 6 retries)
g005428: HTTPError: HTTP Error 503: Service Unavailable (after 6 retries)
